case,phase,method,status,n_input,n_reference,accuracy_mm,p95_mm,completeness_mm,precision,recall,fscore,displacement_rms_mm
s37_confirm00,confirmation,identity,OK,757,514,1.1715269998098448,2.282319737292715,0.7501686433430872,0.4663143989431968,0.8035019455252919,0.5901397133679969,0.0
s37_confirm00,confirmation,v18,OK,757,514,1.1587240882967316,2.311451096123563,0.9700106516253308,0.4821664464993395,0.5369649805447471,0.5080924593107414,1.126604719691806
s37_confirm00,confirmation,apss2,OK,757,514,1.1688398163723097,2.2631492560412467,0.7665568093854337,0.4663143989431968,0.7840466926070039,0.5848106833733118,0.11484059697223042
s37_confirm00,confirmation,rimls2,OK,757,514,1.1723352293942366,2.278556580155576,0.7690181426240209,0.4623513870541612,0.7840466926070039,0.5816842656571218,0.07452993397633031
s37_confirm00,confirmation,local_plane64,OK,757,514,1.1597486577944611,2.187408434935802,0.7451598587669345,0.4663143989431968,0.8132295719844358,0.5927434581053612,0.4476416222061164
s37_confirm00,confirmation,quadratic64,OK,757,514,1.1599609422226038,2.2060063911752903,0.7383561148177277,0.4795244385733157,0.811284046692607,0.6027703279834187,0.43198585043014615
s37_confirm00,confirmation,multiscale_full,OK,757,514,1.1564466837059637,2.203124620397814,0.7628001785373,0.4795244385733157,0.7840466926070039,0.5950904398020554,0.35003845224586777
s37_confirm00,confirmation,multiscale_consensus,OK,757,514,1.166150611871173,2.2061780966801208,0.7617237765233298,0.47424042272126815,0.7782101167315175,0.5893385536581262,0.20653695300354774
s37_confirm00,confirmation,multiscale_matched,OK,757,514,1.1632746812575567,2.187208313139721,0.7671561961407647,0.47556142668428003,0.7840466926070039,0.5920291525797217,0.20653695300354857
s37_confirm01,confirmation,identity,OK,740,3467,0.5504490542287782,2.5585700706884547,0.3597123912714245,0.8121621621621622,0.963657340640323,0.8814477238511705,0.0
s37_confirm01,confirmation,v18,OK,740,3467,0.5677367469928324,2.241948856672876,0.4890516775751845,0.8148648648648649,0.9457744447649264,0.8754528663659844,0.4171212306047075
s37_confirm01,confirmation,apss2,OK,740,3467,0.5506856124312584,2.5181768679756398,0.36220808791648784,0.8121621621621622,0.9625036054225555,0.8809647693072354,0.06167824142828491
s37_confirm01,confirmation,rimls2,OK,740,3467,0.5508656997951478,2.5523351942292996,0.36106554272019276,0.8121621621621622,0.9633689068358812,0.8813270440569126,0.04793319000760052
s37_confirm01,confirmation,local_plane64,OK,740,3467,0.5546889084946796,2.5430376442487055,0.3951171681030056,0.8135135135135135,0.9564464955292761,0.8792087336329166,0.34440280029798254
s37_confirm01,confirmation,quadratic64,OK,740,3467,0.5508043433667671,2.5172931323942946,0.37159732690911845,0.8135135135135135,0.9587539659648111,0.8801823838426847,0.1855543816734308
s37_confirm01,confirmation,multiscale_full,OK,740,3467,0.5479367754987637,2.508197043340637,0.36642032606512387,0.8135135135135135,0.9625036054225555,0.881759169400116,0.15063205475315009
s37_confirm01,confirmation,multiscale_consensus,OK,740,3467,0.5501557306945412,2.512958113559776,0.364860997248363,0.8121621621621622,0.9616383040092299,0.8806021411053419,0.05666654422789139
s37_confirm01,confirmation,multiscale_matched,OK,740,3467,0.548156606477902,2.5182532808686218,0.3616785485865361,0.8121621621621622,0.9625036054225555,0.8809647693072354,0.056666544227891746
s37_confirm02,confirmation,identity,OK,646,1187,0.3025888651564526,0.5246121102742023,0.4434158437848838,1.0,0.974726200505476,0.9872013651877133,0.0
s37_confirm02,confirmation,v18,OK,646,1187,0.28543312566317436,0.49346923964237066,0.4205802140054022,1.0,0.9797809604043808,0.9897872340425532,0.16008183365068981
s37_confirm02,confirmation,apss2,OK,646,1187,0.3012752412517435,0.5148902269044211,0.44723987493676015,1.0,0.9764111204717776,0.9880647911338448,0.03532859452801021
s37_confirm02,confirmation,rimls2,OK,646,1187,0.3027650772279009,0.5195488034061727,0.44880696854191016,1.0,0.974726200505476,0.9872013651877133,0.03386047828140607
s37_confirm02,confirmation,local_plane64,OK,646,1187,0.2758633442521772,0.4720395057628437,0.4273392140356972,1.0,0.974726200505476,0.9872013651877133,0.15682642321110118
s37_confirm02,confirmation,quadratic64,OK,646,1187,0.293405409974146,0.49773380949922863,0.4469905471061566,1.0,0.9696714406065712,0.9846022241231822,0.09617650500063257
s37_confirm02,confirmation,multiscale_full,OK,646,1187,0.29172933540639373,0.4876456062424861,0.445179833414852,1.0,0.9713563605728728,0.9854700854700854,0.09300699713301736
s37_confirm02,confirmation,multiscale_consensus,OK,646,1187,0.2940666306883459,0.4982558129844824,0.4458117425543186,1.0,0.9730412805391744,0.986336464560205,0.07246614823210049
s37_confirm02,confirmation,multiscale_matched,OK,646,1187,0.29413154583533413,0.49688079671857016,0.4458074981904318,1.0,0.9721988205560236,0.9859034600598034,0.07246614823210058
s37_confirm03,confirmation,identity,OK,738,5767,0.5057803067870578,2.068932200003285,0.5697757198429336,0.8319783197831978,0.8541702791746142,0.8429282616202218,0.0
s37_confirm03,confirmation,v18,OK,738,5767,0.5749396389029943,2.099535891554494,0.7147155495424908,0.7994579945799458,0.7933067452748396,0.7963704918806647,0.6887148468753167
s37_confirm03,confirmation,apss2,OK,738,5767,0.5054492787165986,2.0666527707481452,0.5699766328382765,0.8319783197831978,0.8550372810820184,0.8433502098045464,0.03538094851532611
s37_confirm03,confirmation,rimls2,OK,738,5767,0.505476398748066,2.0675568310893264,0.567891276078905,0.8319783197831978,0.8564244841338651,0.8440244255432846,0.028232669612606166
s37_confirm03,confirmation,local_plane64,OK,738,5767,0.5055512115327963,1.9845411187350994,0.6128683382459659,0.8333333333333334,0.8264262181376799,0.8298654037018335,0.19847012187223056
s37_confirm03,confirmation,quadratic64,OK,738,5767,0.5044762877880931,2.076955693723705,0.5700071422284188,0.8319783197831978,0.8538234784116525,0.8427593608228743,0.09470768566770411
s37_confirm03,confirmation,multiscale_full,OK,738,5767,0.50323024878304,2.06783525105124,0.5704488960765353,0.8333333333333334,0.85330327726721,0.8432000822467058,0.0892673571759691
s37_confirm03,confirmation,multiscale_consensus,OK,738,5767,0.5040813777377123,2.099950642160788,0.5702127379524188,0.8319783197831978,0.8539968787931334,0.8428438199071631,0.05793388938334632
s37_confirm03,confirmation,multiscale_matched,OK,738,5767,0.5042828483174384,2.0937797823659374,0.5703927160989507,0.8319783197831978,0.8541702791746142,0.8429282616202218,0.05793388938334546
s37_confirm04,confirmation,identity,OK,921,2804,1.1156687639307608,2.5615703322225576,1.4132258423636992,0.509229098805646,0.49037089871611983,0.49962211175032956,0.0
s37_confirm04,confirmation,v18,OK,921,2804,1.1920635794295875,2.8340463567090057,1.6557444050020262,0.496199782844734,0.325962910128388,0.39345673697804556,1.0444081321917584
s37_confirm04,confirmation,apss2,OK,921,2804,1.1145631083241572,2.5647795459952327,1.441097536038745,0.509229098805646,0.4761055634807418,0.4921105819317766,0.11927485533155849
s37_confirm04,confirmation,rimls2,OK,921,2804,1.1131798313464503,2.5704485713871783,1.435520713278811,0.511400651465798,0.48002853067047074,0.4952182318823598,0.08832942593537055
s37_confirm04,confirmation,local_plane64,OK,921,2804,1.1047466234032124,2.5133961072396085,1.5233412763414058,0.504885993485342,0.4504279600570613,0.47610477636950194,0.36217180572313057
s37_confirm04,confirmation,quadratic64,OK,921,2804,1.1024674897972024,2.4971057527076663,1.4730625933401185,0.505971769815418,0.46469329529243936,0.48445482894627134,0.37285292683360693
s37_confirm04,confirmation,multiscale_full,OK,921,2804,1.0951760459301543,2.519506158960643,1.4875865429638688,0.507057546145494,0.4661198288159772,0.4857276436755312,0.3295251822973641
s37_confirm04,confirmation,multiscale_consensus,OK,921,2804,1.1020207517159852,2.568060773918635,1.474271984641653,0.504885993485342,0.46754636233951496,0.485499291002118,0.22208596040550496
s37_confirm04,confirmation,multiscale_matched,OK,921,2804,1.0999013240360416,2.5488542582450417,1.476365218492845,0.504885993485342,0.46754636233951496,0.485499291002118,0.22208596040550696
s37_confirm05,confirmation,identity,OK,666,3799,0.3878923629249495,0.5809430334508692,0.6213048400184017,1.0,0.9594630165833113,0.9793121977431488,0.0
s37_confirm05,confirmation,v18,OK,666,3799,0.3772218593400018,0.5231904635055025,0.6145456721795247,1.0,0.9642011055540932,0.981774323237738,0.10675580897651195
s37_confirm05,confirmation,apss2,OK,666,3799,0.3881049474112212,0.5904627354178714,0.6237635192755949,1.0,0.9573571992629639,0.9782140935987089,0.018330117660390624
s37_confirm05,confirmation,rimls2,OK,666,3799,0.3884463940237112,0.5920472632130656,0.6238585824835562,1.0,0.9563042906027902,0.9776641550053822,0.018545522736277444
s37_confirm05,confirmation,local_plane64,OK,666,3799,0.3845506496888414,0.5583380500877149,0.6219315872141389,1.0,0.962884969728876,0.9810915917929461,0.06245105711656661
s37_confirm05,confirmation,quadratic64,OK,666,3799,0.38779827483550605,0.5905987438188102,0.6245756710363378,1.0,0.9576204264280074,0.9783514858141723,0.03665637452397301
s37_confirm05,confirmation,multiscale_full,OK,666,3799,0.38735925284972955,0.5845246991142824,0.6243443722162366,1.0,0.9586733350881811,0.9789006853917485,0.03653132626183136
s37_confirm05,confirmation,multiscale_consensus,OK,666,3799,0.38733491022356853,0.584873425548238,0.6241284803794698,1.0,0.9586733350881811,0.9789006853917485,0.02969137183631103
s37_confirm05,confirmation,multiscale_matched,OK,666,3799,0.3874207965085012,0.5856947548131746,0.6242012542587594,1.0,0.959199789418268,0.9791750638183528,0.029691371836310942
s37_confirm06,confirmation,identity,OK,664,3064,0.20272213948150353,0.3583740153692952,0.37732247462259466,1.0,0.9944516971279374,0.9972181312387498,0.0
s37_confirm06,confirmation,v18,OK,664,3064,0.1969095110993218,0.3256202660534253,0.37140721229974233,1.0,0.993798955613577,0.9968898346701587,0.10809128291753327
s37_confirm06,confirmation,apss2,OK,664,3064,0.20198410893901134,0.3540995783958527,0.37804027303865856,1.0,0.9944516971279374,0.9972181312387498,0.02153486311168451
s37_confirm06,confirmation,rimls2,OK,664,3064,0.20260060209645855,0.3554525056906805,0.37860813709261154,1.0,0.9944516971279374,0.9972181312387498,0.02100363083386979
s37_confirm06,confirmation,local_plane64,OK,664,3064,0.19877594111169763,0.33398027654528706,0.3747993686228116,1.0,0.9944516971279374,0.9972181312387498,0.08672864951264633
s37_confirm06,confirmation,quadratic64,OK,664,3064,0.20193518235235888,0.3468122020104491,0.377557483344194,1.0,0.9941253263707572,0.9970540098199673,0.05450580623191883
s37_confirm06,confirmation,multiscale_full,OK,664,3064,0.20159984275169068,0.34890545205849427,0.3776739432329806,1.0,0.9941253263707572,0.9970540098199673,0.05271460646110369
s37_confirm06,confirmation,multiscale_consensus,OK,664,3064,0.20159180552643222,0.3480554421234605,0.37758891927730726,1.0,0.9941253263707572,0.9970540098199673,0.04103083443880706
s37_confirm06,confirmation,multiscale_matched,OK,664,3064,0.20141756097288757,0.3486591907274272,0.3775587667042908,1.0,0.9941253263707572,0.9970540098199673,0.0410308344388065
s37_confirm07,confirmation,identity,OK,712,5904,0.2636235729033767,1.0927796087517287,0.4495152009066261,0.9424157303370787,0.9332655826558266,0.9378183378856074,0.0
s37_confirm07,confirmation,v18,OK,712,5904,0.3403890264349666,1.0654842281720378,0.5498938294639838,0.9311797752808989,0.8958333333333334,0.9131646380525305,0.5629536593462924
s37_confirm07,confirmation,apss2,OK,712,5904,0.26249614385386627,1.0897514292023902,0.44900034939524147,0.9424157303370787,0.9327574525745257,0.937561718465353,0.015231587199987993
s37_confirm07,confirmation,rimls2,OK,712,5904,0.26301965750466394,1.0899325093393124,0.44817055795984284,0.9424157303370787,0.9344512195121951,0.9384165761687915,0.016003787921128915
s37_confirm07,confirmation,local_plane64,OK,712,5904,0.2594724868873244,1.10928968985899,0.47052942849448015,0.9382022471910112,0.9109078590785907,0.9243536093105782,0.14108201830663117
s37_confirm07,confirmation,quadratic64,OK,712,5904,0.25693723127525453,1.0846811317596061,0.44391722534702,0.9438202247191011,0.9332655826558266,0.9385132299057309,0.04879586371662228
s37_confirm07,confirmation,multiscale_full,OK,712,5904,0.25638009244671545,1.082522042100811,0.44393907974532004,0.9438202247191011,0.9329268292682927,0.9383419121673421,0.043315971221650165
s37_confirm07,confirmation,multiscale_consensus,OK,712,5904,0.2582170309923897,1.0835456826552696,0.4452312563167268,0.9424157303370787,0.9330962059620597,0.9377328135289839,0.032793081902502755
s37_confirm07,confirmation,multiscale_matched,OK,712,5904,0.25801276472363777,1.0837127675624532,0.44530646247916505,0.9424157303370787,0.9330962059620597,0.9377328135289839,0.03279308190250243
s37_confirm08,confirmation,identity,OK,817,2595,0.6253592389229097,1.53909131839092,0.5693370657690254,0.7833537331701347,0.9194605009633912,0.8459675770782585,0.0
s37_confirm08,confirmation,v18,OK,817,2595,0.6237384235522435,1.7699333451340058,0.7325251469345798,0.7894736842105263,0.7680154142581889,0.7785967288259193,0.7437807129621274
s37_confirm08,confirmation,apss2,OK,817,2595,0.6254675945531428,1.5409477610801077,0.5774799199963468,0.784577723378213,0.9109826589595376,0.8430684133089535,0.0385632822200936
s37_confirm08,confirmation,rimls2,OK,817,2595,0.6259201598297094,1.5397919191274778,0.5738391465284206,0.780905752753978,0.915606936416185,0.8429087839697598,0.03720044814694432
s37_confirm08,confirmation,local_plane64,OK,817,2595,0.6215424381039547,1.5161832664992474,0.6413665812935746,0.7833537331701347,0.8624277456647399,0.820991125303289,0.2290489124242783
s37_confirm08,confirmation,quadratic64,OK,817,2595,0.6312148653960827,1.5479756989288587,0.602833672131334,0.7784577723378213,0.8955684007707129,0.8329167051737778,0.09826623460320563
s37_confirm08,confirmation,multiscale_full,OK,817,2595,0.6332902965091828,1.550528196282489,0.6021090928510504,0.7760097919216646,0.8971098265895954,0.8321772121495058,0.09117918036880192
s37_confirm08,confirmation,multiscale_consensus,OK,817,2595,0.6292039342351092,1.5493597680432136,0.591666058775274,0.7821297429620563,0.9028901734104047,0.8381826854280944,0.06668322271304956
s37_confirm08,confirmation,multiscale_matched,OK,817,2595,0.6308078173471643,1.5445227158769055,0.594560499301261,0.7796817625458996,0.9021194605009634,0.8364437858073173,0.06668322271304904
s37_confirm09,confirmation,identity,OK,937,3341,0.8236807206909328,2.396901167672118,0.8083856269073222,0.7748132337246532,0.7210416043100868,0.7469609521997422,0.0
s37_confirm09,confirmation,v18,OK,937,3341,0.8932726891207693,2.5886249720020276,0.9784662451029533,0.7299893276414088,0.47500748278958393,0.5755208478305993,0.8582046744986224
s37_confirm09,confirmation,apss2,OK,937,3341,0.8221698513089157,2.3851364641225343,0.8111435565880485,0.7726787620064034,0.7207422927267285,0.7458074341522679,0.06013146425267549
s37_confirm09,confirmation,rimls2,OK,937,3341,0.8234822300234997,2.376677251856046,0.8101076146401778,0.768409818569904,0.723436096976953,0.7452450608093916,0.05514763275580142
s37_confirm09,confirmation,local_plane64,OK,937,3341,0.8236661945444379,2.378364745172938,0.8822489563045107,0.7812166488794023,0.645315773720443,0.7067928050259484,0.28123991641925583
s37_confirm09,confirmation,quadratic64,OK,937,3341,0.8174223901741621,2.3867163731327876,0.8147022055859036,0.7726787620064034,0.723436096976953,0.7472470505142077,0.142019463474105
s37_confirm09,confirmation,multiscale_full,OK,937,3341,0.821367107361412,2.364716754509228,0.8236799974827893,0.7652081109925294,0.7117629452259803,0.7375185539320062,0.12906824288242152
s37_confirm09,confirmation,multiscale_consensus,OK,937,3341,0.8203919119665459,2.4099993019148314,0.8200749310532768,0.767342582710779,0.7162526189763544,0.7409179187067493,0.08689053416915704
s37_confirm09,confirmation,multiscale_matched,OK,937,3341,0.8219471222616928,2.3653034824585517,0.8206054257579055,0.767342582710779,0.7138581263094882,0.7396347233640232,0.08689053416915735
s37_confirm10,confirmation,identity,OK,670,3414,0.22464014650233358,0.38181528663455233,0.4442907273957398,1.0,0.9964850615114236,0.9982394366197184,0.0
s37_confirm10,confirmation,v18,OK,670,3414,0.21370061782998845,0.35937312728644605,0.43510715461521576,1.0,0.9967779730521382,0.998386386973742,0.16604079849182232
s37_confirm10,confirmation,apss2,OK,670,3414,0.2240178684170525,0.37111010367705455,0.4456505723240292,1.0,0.9958992384299942,0.9979454065159965,0.022099449810706644
s37_confirm10,confirmation,rimls2,OK,670,3414,0.2245523399467059,0.37830140790680344,0.44623016253609493,1.0,0.9956063268892794,0.9977983267283135,0.021469115890093458
s37_confirm10,confirmation,local_plane64,OK,670,3414,0.21673229292040774,0.3478162130686838,0.4412957183459056,1.0,0.9958992384299942,0.9979454065159965,0.10722823459085565
s37_confirm10,confirmation,quadratic64,OK,670,3414,0.2234168664934501,0.3701056078927627,0.4464351196501784,1.0,0.9958992384299942,0.9979454065159965,0.059373306060720166
s37_confirm10,confirmation,multiscale_full,OK,670,3414,0.2228030747746311,0.3639899262665501,0.44632573885530974,1.0,0.9956063268892794,0.9977983267283135,0.05674302271444494
s37_confirm10,confirmation,multiscale_consensus,OK,670,3414,0.22329704375981513,0.3634677140188806,0.44611533166429573,1.0,0.9958992384299942,0.9979454065159965,0.043033069694025074
s37_confirm10,confirmation,multiscale_matched,OK,670,3414,0.22311534728817872,0.36320592737632235,0.446200703007439,1.0,0.9958992384299942,0.9979454065159965,0.04303306969402489
s37_confirm11,confirmation,identity,OK,724,4019,0.4538391067615118,2.0350018355254664,0.39474583625574977,0.856353591160221,0.9990047275441652,0.9221952195367722,0.0
s37_confirm11,confirmation,v18,OK,724,4019,0.4541101845823689,1.8987116878348476,0.3760879064083821,0.8453038674033149,0.9977606369743718,0.9152267033236693,0.3974053778861016
s37_confirm11,confirmation,apss2,OK,724,4019,0.45305846680422107,2.033530428112817,0.39540777696310503,0.8549723756906077,0.9990047275441652,0.9213937364645264,0.019783679305307583
s37_confirm11,confirmation,rimls2,OK,724,4019,0.45439730321725313,2.0338742715061207,0.39663812571901824,0.8549723756906077,0.9990047275441652,0.9213937364645264,0.020324795465939266
s37_confirm11,confirmation,local_plane64,OK,724,4019,0.43635452490533905,2.009629461951714,0.3871252937901294,0.8660220994475138,0.9990047275441652,0.9277723612172466,0.12440799868349793
s37_confirm11,confirmation,quadratic64,OK,724,4019,0.4528588263493806,2.0550001876364434,0.3949854731090236,0.856353591160221,0.999253545658124,0.9223012191806295,0.04557253724623177
s37_confirm11,confirmation,multiscale_full,OK,724,4019,0.45290569010802983,2.054868701514583,0.39542685370816366,0.856353591160221,0.999253545658124,0.9223012191806295,0.044435950042958215
s37_confirm11,confirmation,multiscale_consensus,OK,724,4019,0.45290013208349095,2.053580202766122,0.3954161745907398,0.856353591160221,0.999253545658124,0.9223012191806295,0.03237155833140624
s37_confirm11,confirmation,multiscale_matched,OK,724,4019,0.45298703098674387,2.0527877674557757,0.39522972033127035,0.8549723756906077,0.999253545658124,0.9214995519285607,0.03237155833140603
s37_confirm12,confirmation,identity,OK,591,1323,0.3471179159805933,0.8315055281325812,0.3780506156168165,0.9644670050761421,0.9523809523809523,0.9583858764186632,0.0
s37_confirm12,confirmation,v18,OK,591,1323,0.5837509626072511,1.001330706211958,0.6764449202699403,0.9475465313028765,0.8291761148904006,0.8844182328479485,0.5943532642542931
s37_confirm12,confirmation,apss2,OK,591,1323,0.3461247218981906,0.8313968127779257,0.37756100548265,0.9644670050761421,0.9523809523809523,0.9583858764186632,0.022712551967537273
s37_confirm12,confirmation,rimls2,OK,591,1323,0.34626436522091364,0.8299603218692817,0.37758595539749107,0.9644670050761421,0.9523809523809523,0.9583858764186632,0.022187975953498945
s37_confirm12,confirmation,local_plane64,OK,591,1323,0.36256690391542534,0.8602221363455151,0.39315192429484197,0.9678510998307953,0.9508692365835223,0.9592850182038268,0.14262685339377038
s37_confirm12,confirmation,quadratic64,OK,591,1323,0.3411075621627593,0.8286623526636872,0.37212703162540967,0.9644670050761421,0.9531368102796675,0.9587684353534605,0.06717402867534672
s37_confirm12,confirmation,multiscale_full,OK,591,1323,0.3410709818651536,0.8291347326349214,0.37209499270830004,0.9644670050761421,0.9523809523809523,0.9583858764186632,0.06341951159556256
s37_confirm12,confirmation,multiscale_consensus,OK,591,1323,0.34270229568890576,0.8292851195050998,0.37384819543204745,0.9644670050761421,0.9523809523809523,0.9583858764186632,0.0453644733551216
s37_confirm12,confirmation,multiscale_matched,OK,591,1323,0.34220480460851915,0.8297365175027605,0.3736173495724965,0.9644670050761421,0.9523809523809523,0.9583858764186632,0.04536447335512106
s37_confirm13,confirmation,identity,OK,663,1727,0.25920987691577063,0.43719902443932196,0.3585753886531115,1.0,0.9988419224088014,0.9994206257242179,0.0
s37_confirm13,confirmation,v18,OK,663,1727,0.24809711057983383,0.40404938170786575,0.34671578510594786,1.0,1.0,1.0,0.1337903849060489
s37_confirm13,confirmation,apss2,OK,663,1727,0.2575479869217106,0.4371736035407909,0.35892261991323743,1.0,0.9988419224088014,0.9994206257242179,0.022120634295827245
s37_confirm13,confirmation,rimls2,OK,663,1727,0.258897531570182,0.4438600228970263,0.35988676967884625,1.0,0.9988419224088014,0.9994206257242179,0.021627065091644054
s37_confirm13,confirmation,local_plane64,OK,663,1727,0.2516596516913888,0.4285699367505839,0.35697707225647474,1.0,0.9976838448176027,0.9988405797101448,0.11687556583574273
s37_confirm13,confirmation,quadratic64,OK,663,1727,0.25334445575679687,0.4259233867054917,0.35652111657187935,1.0,0.9994209612044007,0.9997103967564437,0.05986683797304961
s37_confirm13,confirmation,multiscale_full,OK,663,1727,0.252500195594241,0.4240517678198735,0.3559092800182614,1.0,0.9988419224088014,0.9994206257242179,0.056941458071678365
s37_confirm13,confirmation,multiscale_consensus,OK,663,1727,0.2538955117436002,0.429833420326158,0.3568889347487521,1.0,0.9988419224088014,0.9994206257242179,0.04425326819097208
s37_confirm13,confirmation,multiscale_matched,OK,663,1727,0.25345010623203557,0.4313135838905107,0.3563399711395972,1.0,0.9988419224088014,0.9994206257242179,0.044253268190971945
s37_confirm14,confirmation,identity,OK,644,713,0.4421648328218414,0.8651508554024466,0.46177566775392853,0.9658385093167702,0.9733520336605891,0.9695807156606643,0.0
s37_confirm14,confirmation,v18,OK,644,713,0.44293199700586544,0.8347657703000331,0.4630126448521645,0.9751552795031055,0.9761570827489481,0.9756559239632674,0.13755796582413804
s37_confirm14,confirmation,apss2,OK,644,713,0.44103094260375186,0.8528776080208913,0.4677928831536138,0.967391304347826,0.9733520336605891,0.9703625152193551,0.03380572953442412
s37_confirm14,confirmation,rimls2,OK,644,713,0.4427607449093482,0.860936114825189,0.46878921315981376,0.967391304347826,0.9733520336605891,0.9703625152193551,0.031803391441346765
s37_confirm14,confirmation,local_plane64,OK,644,713,0.43326891015948255,0.7929638551951521,0.46854830762002886,0.9736024844720497,0.9747545582047685,0.9741781807247905,0.15359018911915218
s37_confirm14,confirmation,quadratic64,OK,644,713,0.4375792885354955,0.8416349863306615,0.4747467021325556,0.9704968944099379,0.967741935483871,0.9691174570357928,0.0983846761668703
s37_confirm14,confirmation,multiscale_full,OK,644,713,0.4355622595657516,0.8459080306423623,0.47230326181519106,0.9704968944099379,0.967741935483871,0.9691174570357928,0.09836290250239463
s37_confirm14,confirmation,multiscale_consensus,OK,644,713,0.4382953547843052,0.8474037556268208,0.47256959373186685,0.9704968944099379,0.967741935483871,0.9691174570357928,0.07658105445242638
s37_confirm14,confirmation,multiscale_matched,OK,644,713,0.4362639490487543,0.8480437697896923,0.47140323320672217,0.968944099378882,0.967741935483871,0.968342644320298,0.07658105445242605
s37_confirm15,confirmation,identity,OK,670,1170,0.3089723559597218,0.6293179806887618,0.3824731192529403,0.9940298507462687,0.9897435897435898,0.9918820896674126,0.0
s37_confirm15,confirmation,v18,OK,670,1170,0.31973865593485756,0.69820002976308,0.3749455378482306,0.991044776119403,0.9897435897435898,0.9903937555546969,0.24642612510064837
s37_confirm15,confirmation,apss2,OK,670,1170,0.3082430525742486,0.6247313101476029,0.38447104193818904,0.9925373134328358,0.9897435897435898,0.9911384829237214,0.02110864725723593
s37_confirm15,confirmation,rimls2,OK,670,1170,0.30960254241980595,0.6245540117905407,0.3868675168269792,0.9925373134328358,0.9897435897435898,0.9911384829237214,0.021443592215943927
s37_confirm15,confirmation,local_plane64,OK,670,1170,0.2906975013144617,0.6353575038840472,0.35716414889330145,0.9925373134328358,0.9897435897435898,0.9911384829237214,0.08423502960183307
s37_confirm15,confirmation,quadratic64,OK,670,1170,0.30720104367941714,0.6130293131573061,0.38544469580379315,0.9925373134328358,0.9888888888888889,0.9907097422162706,0.057038518551922913
s37_confirm15,confirmation,multiscale_full,OK,670,1170,0.3074830373381884,0.6183465420742246,0.3862872021423296,0.9925373134328358,0.9888888888888889,0.9907097422162706,0.05564327911746119
s37_confirm15,confirmation,multiscale_consensus,OK,670,1170,0.30731428588605686,0.6182067752268866,0.38592207259236744,0.9925373134328358,0.9888888888888889,0.9907097422162706,0.04807156267961751
s37_confirm15,confirmation,multiscale_matched,OK,670,1170,0.3073260422179639,0.6179185179336546,0.38591679915763055,0.9925373134328358,0.9888888888888889,0.9907097422162706,0.04807156267961699
s37_confirm16,confirmation,identity,OK,656,4603,0.15901830969374461,0.2485633468625367,0.3717450760898295,1.0,0.9960895068433631,0.9980409229429691,0.0
s37_confirm16,confirmation,v18,OK,656,4603,0.1604687375533347,0.2557585637808964,0.3749977927446031,1.0,0.9939170106452314,0.9969492264109827,0.1180869819126221
s37_confirm16,confirmation,apss2,OK,656,4603,0.15786785568720907,0.24766890241562167,0.3720077261803298,1.0,0.9965240060829893,0.9982589771490751,0.01882525488308719
s37_confirm16,confirmation,rimls2,OK,656,4603,0.15782778039064396,0.24662730948993566,0.3721184294216609,1.0,0.9969585053226157,0.9984769364664926,0.01847062161976503
s37_confirm16,confirmation,local_plane64,OK,656,4603,0.1608431394725827,0.26109441682855056,0.37660780166180785,1.0,0.9904410167282207,0.9951975551189697,0.08545119248735888
s37_confirm16,confirmation,quadratic64,OK,656,4603,0.15736199505105017,0.24785434420106842,0.37248045938761964,1.0,0.9952205083641104,0.9976045296167247,0.04629332015299236
s37_confirm16,confirmation,multiscale_full,OK,656,4603,0.1577294925307455,0.25142195060521866,0.37249524255303573,1.0,0.9950032587442972,0.997495371882827,0.045033913069644285
s37_confirm16,confirmation,multiscale_consensus,OK,656,4603,0.1576645533350869,0.24782788390563748,0.37209757103959584,1.0,0.9954377579839235,0.997713663581927,0.03436562246058749
s37_confirm16,confirmation,multiscale_matched,OK,656,4603,0.15772191018911783,0.2486646931454127,0.37229815463935073,1.0,0.9954377579839235,0.997713663581927,0.03436562246058744
s37_confirm17,confirmation,identity,OK,658,2187,0.3352412337121,0.4784082947397767,0.43365349178003987,1.0,0.9913122999542753,0.9956371986222732,0.0
s37_confirm17,confirmation,v18,OK,658,2187,0.3538433740405073,0.44878554222338846,0.45282255241219177,1.0,0.9913122999542753,0.9956371986222732,0.07674411837867352
s37_confirm17,confirmation,apss2,OK,658,2187,0.33561458269703315,0.4690989606346651,0.4352535047209903,1.0,0.9913122999542753,0.9956371986222732,0.017617404072605588
s37_confirm17,confirmation,rimls2,OK,658,2187,0.33516661605216935,0.47293696461068246,0.43487776843713455,1.0,0.9913122999542753,0.9956371986222732,0.01756096428969979
s37_confirm17,confirmation,local_plane64,OK,658,2187,0.3410391374824159,0.4494793800881045,0.4403396465339677,1.0,0.9922267946959304,0.9960982327289419,0.054967956005598693
s37_confirm17,confirmation,quadratic64,OK,658,2187,0.33540926521860487,0.46479219032053,0.435348610731026,1.0,0.9922267946959304,0.9960982327289419,0.03717056901104197
s37_confirm17,confirmation,multiscale_full,OK,658,2187,0.33574226887439235,0.45766757838472744,0.4356311597758657,1.0,0.9922267946959304,0.9960982327289419,0.03709666386140725
s37_confirm17,confirmation,multiscale_consensus,OK,658,2187,0.33565320497834994,0.4668091271937171,0.43557044764344227,1.0,0.9913122999542753,0.9956371986222732,0.029790370157978335
s37_confirm17,confirmation,multiscale_matched,OK,658,2187,0.33561020362032695,0.4629917682284119,0.43537720732737134,1.0,0.9913122999542753,0.9956371986222732,0.029790370157978426
s37_confirm18,confirmation,identity,OK,831,1082,0.4976364673086999,1.3963240055009933,0.688097168957596,0.9157641395908543,0.7735674676524954,0.8386812197117876,0.0
s37_confirm18,confirmation,v18,OK,831,1082,0.5082554498260596,1.3137092867766702,0.7863368941797693,0.9181708784596871,0.7356746765249538,0.8168538615587185,0.22700124800174507
s37_confirm18,confirmation,apss2,OK,831,1082,0.49577374963239756,1.4082102262230989,0.6940211708771943,0.914560770156438,0.7717190388170055,0.8370899713429252,0.03347938513458014
s37_confirm18,confirmation,rimls2,OK,831,1082,0.4961084516488984,1.4088779485657663,0.6933156384682674,0.914560770156438,0.7726432532347505,0.8376333851009469,0.03325746684533152
s37_confirm18,confirmation,local_plane64,OK,831,1082,0.49229784146617495,1.3876916118747904,0.7050238052409858,0.914560770156438,0.7634011090573013,0.8321723096175183,0.10382274867689101
s37_confirm18,confirmation,quadratic64,OK,831,1082,0.49323982629552754,1.3663854891945841,0.6912123297127619,0.9169675090252708,0.7735674676524954,0.8391855166111744,0.06653225938203251
s37_confirm18,confirmation,multiscale_full,OK,831,1082,0.4922681727520138,1.3712133655056227,0.6920954506408031,0.9169675090252708,0.7735674676524954,0.8391855166111744,0.06587731212445602
s37_confirm18,confirmation,multiscale_consensus,OK,831,1082,0.49297554769551505,1.3788704077069507,0.6900456614705766,0.9169675090252708,0.7763401109057301,0.8408143319908258,0.054607251438473406
s37_confirm18,confirmation,multiscale_matched,OK,831,1082,0.49279297334435995,1.3717365758638562,0.6914812457198949,0.9169675090252708,0.7754158964879853,0.8402719865307917,0.05460725143847345
s37_confirm19,confirmation,identity,OK,687,3439,0.30718608523231183,0.41121782329541534,0.43323318529108,1.0,1.0,1.0,0.0
s37_confirm19,confirmation,v18,OK,687,3439,0.2834025068139297,0.39100713309356894,0.40986493432294835,1.0,1.0,1.0,0.19387505446201142
s37_confirm19,confirmation,apss2,OK,687,3439,0.30710357144811035,0.40675162723872504,0.4335314906497764,1.0,1.0,1.0,0.012855416124791755
s37_confirm19,confirmation,rimls2,OK,687,3439,0.3083251838532397,0.41118116464795645,0.43477688165453965,1.0,1.0,1.0,0.01302423633073558
s37_confirm19,confirmation,local_plane64,OK,687,3439,0.2948360328041879,0.4008164344447228,0.42207421360969377,1.0,1.0,1.0,0.109633120850208
s37_confirm19,confirmation,quadratic64,OK,687,3439,0.30879468038570235,0.4083857707347055,0.4354957028711728,1.0,1.0,1.0,0.039750699814294285
s37_confirm19,confirmation,multiscale_full,OK,687,3439,0.30744995708088246,0.4050697856362062,0.4341813459186189,1.0,1.0,1.0,0.032334472145411616
s37_confirm19,confirmation,multiscale_consensus,OK,687,3439,0.307457355530307,0.4045767461185501,0.43418282169433414,1.0,1.0,1.0,0.024545764382669828
s37_confirm19,confirmation,multiscale_matched,OK,687,3439,0.3073373137648362,0.40545761492994564,0.4340452845691904,1.0,1.0,1.0,0.024545764382670376
s37_confirm20,confirmation,identity,OK,655,3056,0.3752060542100409,0.47662814425119837,0.48308238837959583,1.0,1.0,1.0,0.0
s37_confirm20,confirmation,v18,OK,655,3056,0.36909452937835896,0.45510780159223185,0.47781414855236604,1.0,1.0,1.0,0.05072345793302684
s37_confirm20,confirmation,apss2,OK,655,3056,0.3752714938026321,0.4719685659062099,0.48368366553426856,1.0,1.0,1.0,0.012543982092060828
s37_confirm20,confirmation,rimls2,OK,655,3056,0.37545886206991014,0.4750918843988005,0.48377764624384023,1.0,1.0,1.0,0.01247373358369578
s37_confirm20,confirmation,local_plane64,OK,655,3056,0.37363845171516513,0.46518628566939857,0.48258308913004155,1.0,1.0,1.0,0.03840981499145658
s37_confirm20,confirmation,quadratic64,OK,655,3056,0.3755519482914181,0.47376601254394496,0.48424046678016147,1.0,1.0,1.0,0.0254884819650518
s37_confirm20,confirmation,multiscale_full,OK,655,3056,0.37555757067621026,0.47275657567327367,0.4843450290317889,1.0,1.0,1.0,0.026025923374827994
s37_confirm20,confirmation,multiscale_consensus,OK,655,3056,0.37550063615699253,0.4735802120224747,0.48423382351412914,1.0,1.0,1.0,0.020356340949412383
s37_confirm20,confirmation,multiscale_matched,OK,655,3056,0.3754643316535408,0.4714860278570833,0.4842128745895239,1.0,1.0,1.0,0.020356340949413413
s37_confirm21,confirmation,identity,OK,669,3594,0.28767994798094015,0.4852700652999938,0.5846825903402065,1.0,0.9432387312186978,0.9707903780068728,0.0
s37_confirm21,confirmation,v18,OK,669,3594,0.2856364328060967,0.501539929326191,0.5835898638881906,1.0,0.9424040066777963,0.9703480876665235,0.10831101184254667
s37_confirm21,confirmation,apss2,OK,669,3594,0.2882974310301488,0.48721027342129425,0.5899327961146827,1.0,0.944629938786867,0.971526684790385,0.030471479522060755
s37_confirm21,confirmation,rimls2,OK,669,3594,0.2889464749964736,0.48906656499187784,0.5903422455270035,1.0,0.9435169727323317,0.9709377236936292,0.02916367026550053
s37_confirm21,confirmation,local_plane64,OK,669,3594,0.2806114179809784,0.46456458443782983,0.5846966064566111,1.0,0.9513077351140791,0.9750463425067731,0.08964289506966883
s37_confirm21,confirmation,quadratic64,OK,669,3594,0.28667078848532207,0.48543920940534674,0.5900723850746471,1.0,0.9435169727323317,0.9709377236936292,0.06196736477049509
s37_confirm21,confirmation,multiscale_full,OK,669,3594,0.28638573714275034,0.48495013441734625,0.5909512347657161,1.0,0.9437952142459655,0.9710850271972515,0.06665507991723102
s37_confirm21,confirmation,multiscale_consensus,OK,669,3594,0.28651521389325885,0.481212610729368,0.590471181239143,1.0,0.9449081803005008,0.9716738197424892,0.05261266616183816
s37_confirm21,confirmation,multiscale_matched,OK,669,3594,0.286546753229527,0.48062859886363035,0.5903203998959723,1.0,0.944629938786867,0.971526684790385,0.05261266616183803
s37_confirm22,confirmation,identity,OK,737,2936,0.3009204196621184,0.760520172078875,0.3735056602931944,0.9782903663500678,0.9969346049046321,0.9875244937184944,0.0
s37_confirm22,confirmation,v18,OK,737,2936,0.3715982237932993,0.8852188108149933,0.4661636525113619,0.9823609226594301,0.9744550408719346,0.9783920111869456,0.5152519505805804
s37_confirm22,confirmation,apss2,OK,737,2936,0.30020218584278385,0.7598686195883929,0.3738683889371106,0.9782903663500678,0.9965940054495913,0.9873573649328227,0.018745451199648655
s37_confirm22,confirmation,rimls2,OK,737,2936,0.2999564461711386,0.7551560417032526,0.37482227982720523,0.9782903663500678,0.9965940054495913,0.9873573649328227,0.01964856779699014
s37_confirm22,confirmation,local_plane64,OK,737,2936,0.3087261020255446,0.793003406366445,0.36957360307936116,0.9769335142469471,0.9965940054495913,0.9866658298953114,0.12426814780972996
s37_confirm22,confirmation,quadratic64,OK,737,2936,0.29972654061704734,0.7571202997674248,0.3750848041425021,0.9769335142469471,0.9965940054495913,0.9866658298953114,0.05504045738908886
s37_confirm22,confirmation,multiscale_full,OK,737,2936,0.2992152673335003,0.7542947975635674,0.3747982951640667,0.9769335142469471,0.9965940054495913,0.9866658298953114,0.0568946597050392
s37_confirm22,confirmation,multiscale_consensus,OK,737,2936,0.2992959026953949,0.7560716949089213,0.37421348831654827,0.9769335142469471,0.9965940054495913,0.9866658298953114,0.03333033502290462
s37_confirm22,confirmation,multiscale_matched,OK,737,2936,0.2997484620870422,0.7569566526912601,0.3742828722054859,0.9769335142469471,0.9965940054495913,0.9866658298953114,0.03333033502290389
s37_confirm23,confirmation,identity,OK,671,4915,0.24577395028637666,0.41424499455985303,0.5770341619913816,1.0,0.940793489318413,0.9694936576161023,0.0
s37_confirm23,confirmation,v18,OK,671,4915,0.22245411982321509,0.47376442348826175,0.5378753052533979,1.0,0.9391658189216684,0.9686286853425664,0.26520639151903613
s37_confirm23,confirmation,apss2,OK,671,4915,0.2452296623829356,0.4091447811080743,0.5790699810807218,1.0,0.9401831129196337,0.9691694630872483,0.020842656535199084
s37_confirm23,confirmation,rimls2,OK,671,4915,0.24715202870997582,0.4136454288338536,0.5806914496920542,1.0,0.9397761953204476,0.9689532200545418,0.02043512114205526
s37_confirm23,confirmation,local_plane64,OK,671,4915,0.22447583342710237,0.38242399364267066,0.5603342624194743,1.0,0.9401831129196337,0.9691694630872483,0.08913614599140726
s37_confirm23,confirmation,quadratic64,OK,671,4915,0.24463723045169658,0.4139117455414286,0.5803568736604734,1.0,0.938351983723296,0.9681956544557573,0.052109661832603085
s37_confirm23,confirmation,multiscale_full,OK,671,4915,0.24431260605057173,0.41044016219853396,0.5802133146161687,1.0,0.9381485249237029,0.9680873399118203,0.04968538545418548
s37_confirm23,confirmation,multiscale_consensus,OK,671,4915,0.24445702025560384,0.4110214576914525,0.579781410182059,1.0,0.9389623601220752,0.968520461699895,0.038884468870406384
s37_confirm23,confirmation,multiscale_matched,OK,671,4915,0.2443413372340684,0.40925508936851074,0.5799031136051771,1.0,0.9395727365208545,0.9688450645127451,0.03888446887040755
