case,seed,gap,sigma,bias,retain,phase,kind,supplied_sigma,sigma_factor,method,status,seconds,surface_mae_mm,balanced_source_mae_mm,vertical_w1_mm,representation,model_k,n,risk_rms_mm,matched_rms_mm,coverage_1mm,single_false_split,posterior_brier,upper_mass,upper_mass_error,source_gap_error_mm,cross_midplane_mass,fitted_gap_error_mm,dual_missed,ratio,dependence
s9182101_g0_n0.5_b0_r0.25,9182101,0,0.5,0,0.25,development,bridge,0.5,1.0,a_crossfit_gate_map,OK,0.0052502079925034195,0.06437423002630352,0.06437423002630352,0.06437423002630366,points,1,192,0.07751220912421866,0.07751220912421866,1.0,0,0.0,,,,,,,,
s9182101_g0_n0.5_b0_r0.25,9182101,0,0.5,0,0.25,development,bridge,0.5,1.0,a_insample_gate_map,OK,0.005263298997306265,0.06437423002630352,0.06437423002630352,0.06437423002630366,points,1,192,0.07751220912421866,0.07751220912421866,1.0,0,0.0,,,,,,,,
s9182101_g0_n0.5_b0_r1.0,9182101,0,0.5,0,1.0,development,bridge,0.5,1.0,a_crossfit_gate_map,OK,0.010270981001667678,0.015936045919580453,0.015936045919580453,0.01593604591958061,points,1,768,0.01946197641163355,0.01946197641163355,1.0,0,0.0,,,,,,,,
s9182101_g0_n0.5_b0_r1.0,9182101,0,0.5,0,1.0,development,bridge,0.5,1.0,a_insample_gate_map,OK,0.010284332005539909,0.015936045919580453,0.015936045919580453,0.01593604591958061,points,1,768,0.01946197641163355,0.01946197641163355,1.0,0,0.0,,,,,,,,
s9182101_g0_n0.5_b4_r0.25,9182101,0,0.5,4,0.25,development,bridge,0.5,1.0,a_crossfit_gate_map,OK,0.0037695279897889122,0.14153064844334728,0.14153064844334728,0.14153064844334742,points,1,192,0.148852367476353,0.148852367476353,1.0,0,0.0,,,,,,,,
s9182101_g0_n0.5_b4_r0.25,9182101,0,0.5,4,0.25,development,bridge,0.5,1.0,a_insample_gate_map,OK,0.0037737419916084036,0.14153064844334728,0.14153064844334728,0.14153064844334742,points,1,192,0.148852367476353,0.148852367476353,1.0,0,0.0,,,,,,,,
s9182101_g0_n0.5_b4_r1.0,9182101,0,0.5,4,1.0,development,bridge,0.5,1.0,a_crossfit_gate_map,OK,0.009457975989789702,0.015935428935127272,0.015935428935127272,0.01593542893512743,points,1,768,0.026024959075577045,0.026024959075577045,1.0,0,0.0,,,,,,,,
s9182101_g0_n0.5_b4_r1.0,9182101,0,0.5,4,1.0,development,bridge,0.5,1.0,a_insample_gate_map,OK,0.009461483001359738,0.015935428935127272,0.015935428935127272,0.01593542893512743,points,1,768,0.026024959075577045,0.026024959075577045,1.0,0,0.0,,,,,,,,
s9182101_g0_n1.0_b0_r0.25,9182101,0,1.0,0,0.25,development,bridge,1.0,1.0,a_crossfit_gate_map,OK,0.0035977299994556233,0.1287512062219001,0.1287512062219001,0.12875120622190037,points,1,192,0.155026706254506,0.155026706254506,1.0,0,0.0,,,,,,,,
s9182101_g0_n1.0_b0_r0.25,9182101,0,1.0,0,0.25,development,bridge,1.0,1.0,a_insample_gate_map,OK,0.0036003599961986765,0.1287512062219001,0.1287512062219001,0.12875120622190037,points,1,192,0.155026706254506,0.155026706254506,1.0,0,0.0,,,,,,,,
s9182101_g0_n1.0_b0_r1.0,9182101,0,1.0,0,1.0,development,bridge,1.0,1.0,a_crossfit_gate_map,OK,0.0096416440064786,0.03193116741386365,0.03193116741386365,0.03193116741386397,points,1,768,0.039622972025763696,0.039622972025763696,1.0,0,0.0,,,,,,,,
s9182101_g0_n1.0_b0_r1.0,9182101,0,1.0,0,1.0,development,bridge,1.0,1.0,a_insample_gate_map,OK,0.009645154001191258,0.03193116741386365,0.03193116741386365,0.03193116741386397,points,1,768,0.039622972025763696,0.039622972025763696,1.0,0,0.0,,,,,,,,
s9182101_g0_n1.0_b4_r0.25,9182101,0,1.0,4,0.25,development,bridge,1.0,1.0,a_crossfit_gate_map,OK,0.0038150429900269955,0.20384086878492794,0.20384086878492794,0.20384086878492824,points,1,192,0.22373228189798208,0.22373228189798208,1.0,0,0.0,,,,,,,,
s9182101_g0_n1.0_b4_r0.25,9182101,0,1.0,4,0.25,development,bridge,1.0,1.0,a_insample_gate_map,OK,0.0038182930002221838,0.20384086878492794,0.20384086878492794,0.20384086878492824,points,1,192,0.22373228189798208,0.22373228189798208,1.0,0,0.0,,,,,,,,
s9182101_g0_n1.0_b4_r1.0,9182101,0,1.0,4,1.0,development,bridge,1.0,1.0,a_crossfit_gate_map,OK,0.00866820900409948,0.03192858703329791,0.03192858703329791,0.03192858703329823,points,1,768,0.05197049916818204,0.05197049916818204,1.0,0,0.0,,,,,,,,
s9182101_g0_n1.0_b4_r1.0,9182101,0,1.0,4,1.0,development,bridge,1.0,1.0,a_insample_gate_map,OK,0.008671644012792967,0.03192858703329791,0.03192858703329791,0.03192858703329823,points,1,768,0.05197049916818204,0.05197049916818204,1.0,0,0.0,,,,,,,,
s9182101_g0_n2.0_b0_r0.25,9182101,0,2.0,0,0.25,development,bridge,2.0,1.0,a_crossfit_gate_map,OK,0.003623860000516288,0.2575321714372473,0.2575321714372473,0.2575321714372479,points,1,192,0.31008792031252497,0.31008792031252497,1.0,0,0.0,,,,,,,,
s9182101_g0_n2.0_b0_r0.25,9182101,0,2.0,0,0.25,development,bridge,2.0,1.0,a_insample_gate_map,OK,0.0036275390011724085,0.2575321714372473,0.2575321714372473,0.2575321714372479,points,1,192,0.31008792031252497,0.31008792031252497,1.0,0,0.0,,,,,,,,
s9182101_g0_n2.0_b0_r1.0,9182101,0,2.0,0,1.0,development,bridge,2.0,1.0,a_crossfit_gate_map,OK,0.008767959006945603,0.0643250500727971,0.0643250500727971,0.06432505007279772,points,1,768,0.08471003157990886,0.08471003157990886,1.0,0,0.0,,,,,,,,
s9182101_g0_n2.0_b0_r1.0,9182101,0,2.0,0,1.0,development,bridge,2.0,1.0,a_insample_gate_map,OK,0.00877201699768193,0.0643250500727971,0.0643250500727971,0.06432505007279772,points,1,768,0.08471003157990886,0.08471003157990886,1.0,0,0.0,,,,,,,,
s9182101_g0_n2.0_b4_r0.25,9182101,0,2.0,4,0.25,development,bridge,2.0,1.0,a_crossfit_gate_map,OK,0.0035850209969794378,0.32846130946808844,0.32846130946808844,0.32846130946808905,points,1,192,0.37673606387789343,0.37673606387789343,1.0,0,0.0,,,,,,,,
s9182101_g0_n2.0_b4_r0.25,9182101,0,2.0,4,0.25,development,bridge,2.0,1.0,a_insample_gate_map,OK,0.0035880959912901744,0.32846130946808844,0.32846130946808844,0.32846130946808905,points,1,192,0.37673606387789343,0.37673606387789343,1.0,0,0.0,,,,,,,,
s9182101_g0_n2.0_b4_r1.0,9182101,0,2.0,4,1.0,development,bridge,2.0,1.0,a_crossfit_gate_map,OK,0.009594756993465126,0.06438124492821283,0.06438124492821283,0.06438124492821347,points,1,768,0.10819012133875251,0.10819012133875251,1.0,0,0.0,,,,,,,,
s9182101_g0_n2.0_b4_r1.0,9182101,0,2.0,4,1.0,development,bridge,2.0,1.0,a_insample_gate_map,OK,0.009599418990546837,0.06438124492821283,0.06438124492821283,0.06438124492821347,points,1,768,0.10819012133875251,0.10819012133875251,1.0,0,0.0,,,,,,,,
s9182101_g2_n0.5_b0_r0.25,9182101,2,0.5,0,0.25,development,bridge,0.5,1.0,a_crossfit_gate_map,OK,2.5705856650019996,0.055196444260395404,0.0665017447972447,0.055196444260399914,points,2,428,0.10752184315762481,0.10752184315762481,0.9953271028037384,,0.00028159268880154526,0.25934579439252337,0.0,0.04697736533758734,0.0,0.06407454208158958,0,,
s9182101_g2_n0.5_b0_r0.25,9182101,2,0.5,0,0.25,development,bridge,0.5,1.0,a_insample_gate_map,OK,2.5705923950008582,0.055949251009518544,0.06736214555235312,0.05594925100952306,points,2,428,0.1080438452375018,0.1080438452375018,0.9953271028037384,,0.00018287710113098438,0.25934579439252337,0.0,0.04742445499352588,0.0,0.06920317260843367,0,,
s9182101_g2_n0.5_b0_r1.0,9182101,2,0.5,0,1.0,development,bridge,0.5,1.0,a_crossfit_gate_map,OK,3.1390793999889866,0.036255106000991445,0.039403034926383404,0.038638890298068614,points,2,768,0.10228405985040329,0.10228405985040329,0.9986979166666666,,0.0016294111266120194,0.5859375,0.0013020833333333703,0.04903572371613696,0.0011086474501108647,0.014241055514757628,0,,
s9182101_g2_n0.5_b0_r1.0,9182101,2,0.5,0,1.0,development,bridge,0.5,1.0,a_insample_gate_map,OK,3.139084233000176,0.0366881802940313,0.03994733014625412,0.03906886013298593,points,2,768,0.10246533281691145,0.10246533281691145,0.9986979166666666,,0.0013818565549539852,0.5859375,0.0013020833333333703,0.049759473848265845,0.0011086474501108647,0.01212804983875837,0,,
s9182101_g2_n0.5_b4_r0.25,9182101,2,0.5,4,0.25,development,bridge,0.5,1.0,a_crossfit_gate_map,OK,2.348294720010017,0.09756812129433655,0.15237244923168414,0.1060356627781473,points,2,428,0.5051126029563091,0.5051126029563091,0.9906542056074766,,0.00026439905854235024,0.2546728971962617,0.004672897196261683,0.07341410657699932,0.009009009009009009,0.0629776323102691,0,,
s9182101_g2_n0.5_b4_r0.25,9182101,2,0.5,4,0.25,development,bridge,0.5,1.0,a_insample_gate_map,OK,2.3482992670033127,0.09811682905595472,0.1530362608336832,0.10656143624039813,points,2,428,0.5052177221371632,0.5052177221371632,0.9906542056074766,,0.00018352107595826016,0.2546728971962617,0.004672897196261683,0.07389240214673709,0.009009009009009009,0.06726106824323885,0,,
s9182101_g2_n0.5_b4_r1.0,9182101,2,0.5,4,1.0,development,bridge,0.5,1.0,a_crossfit_gate_map,OK,2.8620358600019244,0.14351066495407994,0.16097894943744073,0.1786435259243655,points,2,768,0.8779918517001563,0.8779918517001563,0.97265625,,0.0016058594812448205,0.5638020833333334,0.0234375,0.11070987544396815,0.019955654101995565,0.01292542996873336,0,,
s9182101_g2_n0.5_b4_r1.0,9182101,2,0.5,4,1.0,development,bridge,0.5,1.0,a_insample_gate_map,OK,2.8620404490065994,0.14391692746260398,0.1614670449285198,0.17901407571781253,points,2,768,0.8780110758156717,0.8780110758156717,0.97265625,,0.001428867366582519,0.5638020833333334,0.0234375,0.11136494870244218,0.019955654101995565,0.011006046269433911,0,,
s9182101_g2_n1.0_b0_r0.25,9182101,2,1.0,0,0.25,development,bridge,1.0,1.0,a_crossfit_gate_map,OK,2.507130514990422,0.3597806683336713,0.3995743988146404,0.36347040454899326,points,2,428,0.4426177359862846,0.4426177359862846,0.9813084112149533,,0.23268847524621197,0.24065420560747663,0.01869158878504673,0.48836403218165425,0.036036036036036036,1.8629523412823639,0,,
s9182101_g2_n1.0_b0_r0.25,9182101,2,1.0,0,0.25,development,bridge,1.0,1.0,a_insample_gate_map,OK,2.5071351769875037,0.08988427508175208,0.1250888651777364,0.07727443785729052,points,2,428,0.28255832370285744,0.28255832370285744,0.9906542056074766,,0.010279301876165778,0.2616822429906542,0.0023364485981308136,0.024809878764730176,0.01982266177849774,0.1624821533857772,0,,
s9182101_g2_n1.0_b0_r1.0,9182101,2,1.0,0,1.0,development,bridge,1.0,1.0,a_crossfit_gate_map,OK,3.1364429110108176,0.08288030665658726,0.10076526878276607,0.07294552897322791,points,2,768,0.290074401202932,0.290074401202932,0.9856770833333334,,0.013974364265270753,0.5963541666666666,0.00911458333333326,0.14236706753401562,0.021784747529150085,0.027563664497338713,0,,
s9182101_g2_n1.0_b0_r1.0,9182101,2,1.0,0,1.0,development,bridge,1.0,1.0,a_insample_gate_map,OK,3.1364471630076878,0.07833249814653238,0.09532045519728988,0.06890073665794293,points,2,768,0.2727129148840124,0.2727129148840124,0.9869791666666666,,0.012441589489999724,0.59375,0.00651041666666663,0.13479105299606275,0.01863017339665797,0.031395040831524224,0,,
s9182101_g2_n1.0_b4_r0.25,9182101,2,1.0,4,0.25,development,bridge,1.0,1.0,a_crossfit_gate_map,OK,2.4688945840025553,0.2870665666078993,0.35500968537093414,0.30061852108235676,points,2,428,0.39415159803164224,0.39415159803164224,0.9719626168224299,,0.08162821057879054,0.22897196261682243,0.030373831775700938,0.3604061386028399,0.05855855855855856,1.0930340780591905,0,,
s9182101_g2_n1.0_b4_r0.25,9182101,2,1.0,4,0.25,development,bridge,1.0,1.0,a_insample_gate_map,OK,2.4688999490026617,0.10468965971789657,0.13952325492474965,0.09207240657941776,points,2,428,0.29045760961123634,0.29045760961123634,0.9906542056074766,,0.010258899584866574,0.2616822429906542,0.0023364485981308136,0.02485718064996978,0.01982266177849774,0.16187385957002443,0,,
s9182101_g2_n1.0_b4_r1.0,9182101,2,1.0,4,1.0,development,bridge,1.0,1.0,a_crossfit_gate_map,OK,3.123720739997225,0.08314025600125168,0.09872108852172197,0.07530321936774462,points,2,768,0.2892543659248425,0.2892543659248425,0.9869791666666666,,0.014116250930755844,0.59765625,0.01041666666666663,0.13791850518033444,0.02067610007903922,0.027383429173061025,0,,
s9182101_g2_n1.0_b4_r1.0,9182101,2,1.0,4,1.0,development,bridge,1.0,1.0,a_insample_gate_map,OK,3.1237255209998693,0.07835976125710817,0.0952508143108905,0.06878291862048685,points,2,768,0.2817797634780213,0.2817797634780213,0.9869791666666666,,0.012455999230765347,0.59375,0.00651041666666663,0.13489433790991368,0.01863017339665797,0.031108583286899805,0,,
s9182101_g2_n2.0_b0_r0.25,9182101,2,2.0,0,0.25,development,bridge,2.0,1.0,a_crossfit_gate_map,OK,0.005719284003134817,0.4025497014364577,0.42568687022441853,0.4036795625420202,points,1,428,0.4873868648783359,0.4873868648783359,0.9883177570093458,,0.25934579439252337,0.24766355140186916,0.011682242990654207,0.5069250805323615,0.02252252252252252,2.0,1,,
s9182101_g2_n2.0_b0_r0.25,9182101,2,2.0,0,0.25,development,bridge,2.0,1.0,a_insample_gate_map,OK,0.005722485002479516,0.4025497014364577,0.42568687022441853,0.4036795625420202,points,1,428,0.4873868648783359,0.4873868648783359,0.9883177570093458,,0.25934579439252337,0.24766355140186916,0.011682242990654207,0.5069250805323615,0.02252252252252252,2.0,1,,
s9182101_g2_n2.0_b0_r1.0,9182101,2,2.0,0,1.0,development,bridge,2.0,1.0,a_crossfit_gate_map,OK,3.1471886910003377,0.3414294613001874,0.3552979585784966,0.3378821930177922,points,2,768,0.4593565607214244,0.4593565607214244,0.953125,,0.09531090980147246,0.6354166666666666,0.04817708333333326,0.5583989318596592,0.06373149048381795,1.1308914929261111,0,,
s9182101_g2_n2.0_b0_r1.0,9182101,2,2.0,0,1.0,development,bridge,2.0,1.0,a_insample_gate_map,OK,3.1471939780021785,0.16684096299599752,0.20937387124447393,0.13537419579008417,points,2,768,0.4562288484988513,0.4562288484988513,0.9700520833333334,,0.026867941885540748,0.59765625,0.01041666666666663,0.2242298052490963,0.04484951072625151,0.27185764553643477,0,,
s9182101_g2_n2.0_b4_r0.25,9182101,2,2.0,4,0.25,development,bridge,2.0,1.0,a_crossfit_gate_map,OK,0.005676068991306238,0.4091290983008391,0.4288504873369081,0.40991759652044907,points,1,428,0.49707339479244134,0.49707339479244134,0.9883177570093458,,0.25934579439252337,0.24766355140186916,0.011682242990654207,0.507025218366461,0.02252252252252252,2.0,1,,
s9182101_g2_n2.0_b4_r0.25,9182101,2,2.0,4,0.25,development,bridge,2.0,1.0,a_insample_gate_map,OK,0.0056811589893186465,0.4091290983008391,0.4288504873369081,0.40991759652044907,points,1,428,0.49707339479244134,0.49707339479244134,0.9883177570093458,,0.25934579439252337,0.24766355140186916,0.011682242990654207,0.507025218366461,0.02252252252252252,2.0,1,,
s9182101_g2_n2.0_b4_r1.0,9182101,2,2.0,4,1.0,development,bridge,2.0,1.0,a_crossfit_gate_map,OK,3.0222877049964154,0.3151249641644533,0.33699118015989366,0.3104401095906645,points,2,768,0.4796667239789367,0.4796667239789367,0.9361979166666666,,0.08427105567364428,0.6510416666666666,0.06380208333333326,0.5110729879856013,0.08803080431148447,0.8911987315698573,0,,
s9182101_g2_n2.0_b4_r1.0,9182101,2,2.0,4,1.0,development,bridge,2.0,1.0,a_insample_gate_map,OK,3.0222919219959294,0.16646116857151783,0.20894261336410186,0.13484726030593366,points,2,768,0.46762352532007495,0.46762352532007495,0.96875,,0.026914939359795897,0.59765625,0.01041666666666663,0.22427379467901565,0.04484951072625151,0.2705914862191454,0,,
s9182101_g4_n0.5_b0_r0.25,9182101,4,0.5,0,0.25,development,bridge,0.5,1.0,a_crossfit_gate_map,OK,2.4393351690087,0.08917018506147488,0.08592062869276793,0.08917018506148015,points,2,432,0.1421056639675391,0.1421056639675391,0.9953703703703703,,5.331013528098679e-12,0.2569444444444444,0.0,0.00480502894890078,0.0,0.09756976896599667,0,,
s9182101_g4_n0.5_b0_r0.25,9182101,4,0.5,0,0.25,development,bridge,0.5,1.0,a_insample_gate_map,OK,2.4393395690131,0.08917026082191006,0.0859207152128259,0.08917026082191533,points,2,432,0.14210572465685525,0.14210572465685525,0.9953703703703703,,9.905827916990955e-13,0.2569444444444444,0.0,0.0048045704942811795,0.0,0.09756703569338532,0,,
s9182101_g4_n0.5_b0_r1.0,9182101,4,0.5,0,1.0,development,bridge,0.5,1.0,a_crossfit_gate_map,OK,2.813246560996049,0.05346625631916865,0.05431405586560881,0.05346625631918281,points,2,768,0.08747638819748746,0.08747638819748746,0.9986979166666666,,1.693664519801444e-11,0.58203125,0.0,0.0568554108413859,0.0,0.12884467971624414,0,,
s9182101_g4_n0.5_b0_r1.0,9182101,4,0.5,0,1.0,development,bridge,0.5,1.0,a_insample_gate_map,OK,2.813251842002501,0.05346628737779141,0.054314070608715195,0.05346628737780556,points,2,768,0.08747640812837751,0.08747640812837751,0.9986979166666666,,8.242843251495675e-12,0.58203125,0.0,0.05685521504957869,0.0,0.12884407202839077,0,,
s9182101_g4_n0.5_b4_r0.25,9182101,4,0.5,4,0.25,development,bridge,0.5,1.0,a_crossfit_gate_map,OK,2.453122439997969,0.3034306964429148,0.267192506080701,0.2941698306554012,points,2,432,0.9331549603118079,0.9331549603118079,0.9606481481481481,,5.329032129852459e-12,0.2708333333333333,0.013888888888888895,0.026133684319455952,0.015407931295781763,0.09737034433601366,0,,
s9182101_g4_n0.5_b4_r0.25,9182101,4,0.5,4,0.25,development,bridge,0.5,1.0,a_insample_gate_map,OK,2.4531272819876904,0.30343094670052245,0.2671928616777692,0.29417008954037593,points,2,432,0.9331549952681787,0.9331549952681787,0.9606481481481481,,9.769817829510058e-13,0.2708333333333333,0.013888888888888895,0.026133217346038684,0.015407931295781763,0.09736758181735317,0,,
s9182101_g4_n0.5_b4_r1.0,9182101,4,0.5,4,1.0,development,bridge,0.5,1.0,a_crossfit_gate_map,OK,2.7777897079940885,0.079876125624318,0.0872165355824474,0.08924908565367907,points,2,768,0.42834394640367374,0.42834394640367374,0.9934895833333334,,1.841553199982885e-11,0.5794270833333334,0.0026041666666666297,0.031885882839120416,0.0022371364653243847,0.12878100964339412,0,,
s9182101_g4_n0.5_b4_r1.0,9182101,4,0.5,4,1.0,development,bridge,0.5,1.0,a_insample_gate_map,OK,2.7777951390016824,0.07987612951364194,0.08721652550767586,0.08924908969078926,points,2,768,0.42834394619290506,0.42834394619290506,0.9934895833333334,,8.206056607498166e-12,0.5794270833333334,0.0026041666666666297,0.03188567450557178,0.0022371364653243847,0.12878027997865482,0,,
s9182101_g4_n1.0_b0_r0.25,9182101,4,1.0,0,0.25,development,bridge,1.0,1.0,a_crossfit_gate_map,OK,2.4975273640011437,0.15320717386741614,0.16324433330878432,0.1573038316198011,points,2,432,0.2864497884332928,0.2864497884332928,0.9930555555555556,,0.0025041941671276207,0.25925925925925924,0.002314814814814825,0.0007286976760325636,0.001557632398753894,0.23042743668416543,0,,
s9182101_g4_n1.0_b0_r0.25,9182101,4,1.0,0,0.25,development,bridge,1.0,1.0,a_insample_gate_map,OK,2.497531978006009,0.15338039745744628,0.16335093021203922,0.1574865065001253,points,2,432,0.28671022484771036,0.28671022484771036,0.9930555555555556,,0.002413691254023617,0.25925925925925924,0.002314814814814825,0.0005914964125790512,0.001557632398753894,0.22425838497703632,0,,
s9182101_g4_n1.0_b0_r1.0,9182101,4,1.0,0,1.0,development,bridge,1.0,1.0,a_crossfit_gate_map,OK,2.9531981030013412,0.1403419411562574,0.14541029132124875,0.1387730254821687,points,2,768,0.32302271620966183,0.32302271620966183,0.98046875,,0.0027022715758207357,0.5807291666666666,0.0013020833333333703,0.17529964166110812,0.003794768864078279,0.24821577660972638,0,,
s9182101_g4_n1.0_b0_r1.0,9182101,4,1.0,0,1.0,development,bridge,1.0,1.0,a_insample_gate_map,OK,2.953203462995589,0.14018803257058934,0.14529168083362987,0.138617183151209,points,2,768,0.3230002725391096,0.3230002725391096,0.98046875,,0.0024688200420402563,0.5807291666666666,0.0013020833333333703,0.1757881462735229,0.003794768864078279,0.24636395153200175,0,,
s9182101_g4_n1.0_b4_r0.25,9182101,4,1.0,4,0.25,development,bridge,1.0,1.0,a_crossfit_gate_map,OK,2.5325971169950208,0.2046301817153605,0.2100308384989519,0.20146354586583498,points,2,432,0.321671789357162,0.321671789357162,0.9930555555555556,,0.002441988003087021,0.25925925925925924,0.002314814814814825,0.04285713843773564,0.001557632398753894,0.22887075036259397,0,,
s9182101_g4_n1.0_b4_r0.25,9182101,4,1.0,4,0.25,development,bridge,1.0,1.0,a_insample_gate_map,OK,2.532603133993689,0.20478347202699024,0.2100878203606561,0.20161091453643795,points,2,432,0.3220432336840653,0.3220432336840653,0.9930555555555556,,0.002404252928999782,0.25925925925925924,0.002314814814814825,0.043106095062126926,0.001557632398753894,0.22346179519549736,0,,
s9182101_g4_n1.0_b4_r1.0,9182101,4,1.0,4,1.0,development,bridge,1.0,1.0,a_crossfit_gate_map,OK,2.9112517540052067,0.2502768192851626,0.3259913277772569,0.31573407964310357,points,2,768,1.152486344668003,1.152486344668003,0.9505208333333334,,0.0026791714935862024,0.5533854166666666,0.02864583333333337,0.3062367606242917,0.03263710301281649,0.24885701817687167,0,,
s9182101_g4_n1.0_b4_r1.0,9182101,4,1.0,4,1.0,development,bridge,1.0,1.0,a_insample_gate_map,OK,2.9112562780064764,0.2501243422073889,0.3258494165273537,0.3155953580814902,points,2,768,1.1524789624316096,1.1524789624316096,0.9505208333333334,,0.0024910977979380505,0.5533854166666666,0.02864583333333337,0.30641124306206446,0.03263710301281649,0.24690829060530506,0,,
s9182101_g4_n2.0_b0_r0.25,9182101,4,2.0,0,0.25,development,bridge,2.0,1.0,a_crossfit_gate_map,OK,2.5600505309994332,0.7606647535146384,0.8689941437992923,0.7688910710672787,points,2,432,0.9511781934039486,0.9511781934039486,0.6828703703703703,,0.1599527513787409,0.23148148148148148,0.025462962962962937,0.9680587073056657,0.04954954954954955,3.63441161624327,0,,
s9182101_g4_n2.0_b0_r0.25,9182101,4,2.0,0,0.25,development,bridge,2.0,1.0,a_insample_gate_map,OK,2.560055656998884,0.30533893629823017,0.3394174214917124,0.2944411076966026,points,2,432,0.5340368564252096,0.5340368564252096,0.9884259259259259,,0.00884567009464912,0.25925925925925924,0.002314814814814825,0.10423948355531909,0.01368190620527069,0.4844660073477063,0,,
s9182101_g4_n2.0_b0_r1.0,9182101,4,2.0,0,1.0,development,bridge,2.0,1.0,a_crossfit_gate_map,OK,3.173976224992657,0.21464675954680992,0.24974551651367793,0.21941044096407852,points,2,768,0.4935082401216176,0.4935082401216176,0.9869791666666666,,0.010820245046537226,0.5768229166666666,0.00520833333333337,0.2924147819007734,0.01250287482489703,0.5170310719726912,0,,
s9182101_g4_n2.0_b0_r1.0,9182101,4,2.0,0,1.0,development,bridge,2.0,1.0,a_insample_gate_map,OK,3.173981788000674,0.21106600696265665,0.23846767331928687,0.2082973186418683,points,2,768,0.45270390147223544,0.45270390147223544,0.9895833333333334,,0.009511356322131443,0.5794270833333334,0.0026041666666666297,0.2781565733801985,0.010265738359572644,0.4860736257974634,0,,
s9182101_g4_n2.0_b4_r0.25,9182101,4,2.0,4,0.25,development,bridge,2.0,1.0,a_crossfit_gate_map,OK,2.6034125269943615,0.7069606133822043,0.7806670752703658,0.7130115583952399,points,2,432,0.8998020502787999,0.8998020502787999,0.7245370370370371,,0.11969440493310078,0.24074074074074073,0.016203703703703692,0.7989147867165567,0.03153153153153153,3.1829281378337657,0,,
s9182101_g4_n2.0_b4_r0.25,9182101,4,2.0,4,0.25,development,bridge,2.0,1.0,a_insample_gate_map,OK,2.603416865997133,0.34818323423995,0.38162806424754386,0.33662977152735857,points,2,432,0.5875153562688297,0.5875153562688297,0.9884259259259259,,0.008769040961050686,0.25925925925925924,0.002314814814814825,0.10439088019864595,0.01368190620527069,0.48408663325052714,0,,
s9182101_g4_n2.0_b4_r1.0,9182101,4,2.0,4,1.0,development,bridge,2.0,1.0,a_crossfit_gate_map,OK,3.1190346039948054,0.2153096648064936,0.24223420532618106,0.21257492367696926,points,2,768,0.4765091125980827,0.4765091125980827,0.9895833333333334,,0.010695307814165384,0.5794270833333334,0.0026041666666666297,0.2815531957006989,0.010265738359572644,0.5310062336743693,0,,
s9182101_g4_n2.0_b4_r1.0,9182101,4,2.0,4,1.0,development,bridge,2.0,1.0,a_insample_gate_map,OK,3.1190394570003264,0.21105740138665255,0.23843206709078296,0.20819432712406727,points,2,768,0.47562334132528106,0.47562334132528106,0.9895833333333334,,0.009470015566606803,0.5794270833333334,0.0026041666666666297,0.2787130230024837,0.010265738359572644,0.48559977927808307,0,,
s9182101_g8_n0.5_b0_r0.25,9182101,8,0.5,0,0.25,development,bridge,0.5,1.0,a_crossfit_gate_map,OK,2.227829853000003,0.049239104120614385,0.05708202729221222,0.049239104120631344,points,2,396,0.12887090446286098,0.12887090446286098,0.9924242424242424,,9.967466062920891e-82,0.29797979797979796,0.0,0.06982159215428574,0.0,0.1811201778489,0,,
s9182101_g8_n0.5_b0_r0.25,9182101,8,0.5,0,0.25,development,bridge,0.5,1.0,a_insample_gate_map,OK,2.227834384990274,0.04923910432579731,0.05708202751817494,0.049239104325814256,points,2,396,0.12887090454386085,0.12887090454386085,0.9924242424242424,,3.452689667796983e-82,0.29797979797979796,0.0,0.06982159231275276,0.0,0.18112017788368462,0,,
s9182101_g8_n0.5_b0_r1.0,9182101,8,0.5,0,1.0,development,bridge,0.5,1.0,a_crossfit_gate_map,OK,3.0089686470018933,0.02589477486756604,0.023812635993574895,0.025894774867606746,points,2,768,0.07089734787202677,0.07089734787202677,0.9986979166666666,,6.924803276131832e-80,0.6380208333333334,0.0,0.047625271987149276,0.0,0.041835129504532276,0,,
s9182101_g8_n0.5_b0_r1.0,9182101,8,0.5,0,1.0,development,bridge,0.5,1.0,a_insample_gate_map,OK,3.008973665011581,0.02589477486755078,0.0238126359935612,0.025894774867591487,points,2,768,0.07089734787202095,0.07089734787202095,0.9986979166666666,,8.020941577540965e-80,0.6380208333333334,0.0,0.04762527198712263,0.0,0.04183512950452695,0,,
s9182101_g8_n0.5_b4_r0.25,9182101,8,0.5,4,0.25,development,bridge,0.5,1.0,a_crossfit_gate_map,OK,2.4435140660061734,0.3425853561613387,0.4080688660494803,0.34258535616135355,points,2,396,0.7991890844075201,0.7991890844075201,0.9747474747474747,,1.3016161981328705e-81,0.29797979797979796,0.0,0.28346326911582764,0.0,0.1799661450079384,0,,
s9182101_g8_n0.5_b4_r0.25,9182101,8,0.5,4,0.25,development,bridge,0.5,1.0,a_insample_gate_map,OK,2.443519313004799,0.342585358921626,0.40806886867545866,0.34258535892164077,points,2,396,0.7991890852090515,0.7991890852090515,0.9747474747474747,,4.446132820916214e-82,0.29797979797979796,0.0,0.28346326845099945,0.0,0.1799661444045153,0,,
s9182101_g8_n0.5_b4_r1.0,9182101,8,0.5,4,1.0,development,bridge,0.5,1.0,a_crossfit_gate_map,OK,2.9002996120107127,0.04320930453560604,0.04163993798831815,0.04320930453560952,points,2,768,0.28668942582560253,0.28668942582560253,0.9921875,,9.084291466242866e-80,0.6380208333333334,0.0,0.04186527864646905,0.0,0.04181908665771594,0,,
s9182101_g8_n0.5_b4_r1.0,9182101,8,0.5,4,1.0,development,bridge,0.5,1.0,a_insample_gate_map,OK,2.900304378999863,0.04320930453560604,0.04163993798831815,0.04320930453560952,points,2,768,0.28668942582560253,0.28668942582560253,0.9921875,,7.96765819791819e-80,0.6380208333333334,0.0,0.04186527864646905,0.0,0.04181908665771594,0,,
s9182101_g8_n1.0_b0_r0.25,9182101,8,1.0,0,0.25,development,bridge,1.0,1.0,a_crossfit_gate_map,OK,2.2657012160052545,0.11914234925920938,0.12474908379822253,0.11914234925922167,points,2,396,0.25036567907353563,0.25036567907353563,0.9873737373737373,,4.883928215848409e-15,0.29797979797979796,0.0,0.1081904134265379,0.0,0.38355085757711826,0,,
s9182101_g8_n1.0_b0_r0.25,9182101,8,1.0,0,0.25,development,bridge,1.0,1.0,a_insample_gate_map,OK,2.2657061990030343,0.11914235380420513,0.12474908642576733,0.11914235380421742,points,2,396,0.25036568063235776,0.25036568063235776,0.9873737373737373,,1.8031001365219604e-15,0.29797979797979796,0.0,0.1081904094295858,0.0,0.3835509105669086,0,,
s9182101_g8_n1.0_b0_r1.0,9182101,8,1.0,0,1.0,development,bridge,1.0,1.0,a_crossfit_gate_map,OK,2.8205321109999204,0.05851600389175581,0.05007612802311853,0.05851600389178159,points,2,768,0.15653429305423955,0.15653429305423955,0.9934895833333334,,7.197478190144242e-17,0.6380208333333334,0.0,0.07745408973696932,0.0,0.0775182771869325,0,,
s9182101_g8_n1.0_b0_r1.0,9182101,8,1.0,0,1.0,development,bridge,1.0,1.0,a_insample_gate_map,OK,2.820537432009587,0.05851600389175581,0.05007612802311853,0.05851600389178159,points,2,768,0.15653429305423955,0.15653429305423955,0.9934895833333334,,2.8104094031954023e-17,0.6380208333333334,0.0,0.07745408973696932,0.0,0.0775182771869325,0,,
s9182101_g8_n1.0_b4_r0.25,9182101,8,1.0,4,0.25,development,bridge,1.0,1.0,a_crossfit_gate_map,OK,2.2108296590013197,0.44356869864790854,0.41803376905135725,0.4312789701645765,points,2,396,1.0299461602523263,1.0299461602523263,0.952020202020202,,4.2586089410077305e-15,0.3106060606060606,0.012626262626262652,0.09693867363646902,0.008992805755395683,0.38056953496924173,0,,
s9182101_g8_n1.0_b4_r0.25,9182101,8,1.0,4,0.25,development,bridge,1.0,1.0,a_insample_gate_map,OK,2.2108336450037314,0.443568690156792,0.4180337616030164,0.43127896167346413,points,2,396,1.0299461589351964,1.0299461589351964,0.952020202020202,,1.8608162119735324e-15,0.3106060606060606,0.012626262626262652,0.09693867879822271,0.008992805755395683,0.38056958924740236,0,,
s9182101_g8_n1.0_b4_r1.0,9182101,8,1.0,4,1.0,development,bridge,1.0,1.0,a_crossfit_gate_map,OK,2.890331458998844,0.12583459285030044,0.11168050651597718,0.137132365430306,points,2,768,0.6993862139303031,0.6993862139303031,0.9791666666666666,,6.71911404214166e-17,0.6328125,0.00520833333333337,0.12354920088731802,0.004081632653061225,0.0774219589946874,0,,
s9182101_g8_n1.0_b4_r1.0,9182101,8,1.0,4,1.0,development,bridge,1.0,1.0,a_insample_gate_map,OK,2.8903366519953124,0.12583459283808043,0.11168050675974517,0.13713236541808596,points,2,768,0.6993862138963313,0.6993862138963313,0.9791666666666666,,2.796025186584349e-17,0.6328125,0.00520833333333337,0.12354920137485514,0.004081632653061225,0.07742195925613338,0,,
s9182101_g8_n2.0_b0_r0.25,9182101,8,2.0,0,0.25,development,bridge,2.0,1.0,a_crossfit_gate_map,OK,2.316897547003464,0.3996321849276854,0.4320164395332933,0.40321211958184155,points,2,396,0.8145259754058132,0.8145259754058132,0.9116161616161617,,0.001696964589498154,0.29545454545454547,0.002525252525252486,0.030797973844746807,0.00423728813559322,1.0816373406829047,0,,
s9182101_g8_n2.0_b0_r0.25,9182101,8,2.0,0,0.25,development,bridge,2.0,1.0,a_insample_gate_map,OK,2.3169025880051777,0.3996112030866509,0.4319272753249659,0.40319113774080717,points,2,396,0.8145459831284328,0.8145459831284328,0.9116161616161617,,0.0015638358202867712,0.29545454545454547,0.002525252525252486,0.03031271379736289,0.00423728813559322,1.0834433565072707,0,,
s9182101_g8_n2.0_b0_r1.0,9182101,8,2.0,0,1.0,development,bridge,2.0,1.0,a_crossfit_gate_map,OK,2.9481079319957644,0.17502968310755876,0.14997971119603537,0.17502968310756636,points,2,768,0.4418461808122187,0.4418461808122187,0.9596354166666666,,0.00032737646775943507,0.6380208333333334,0.0,0.04937978619718564,0.0,0.1335847279798017,0,,
s9182101_g8_n2.0_b0_r1.0,9182101,8,2.0,0,1.0,development,bridge,2.0,1.0,a_insample_gate_map,OK,2.9481127750041196,0.17505572531268032,0.1504258243955781,0.17505572531268787,points,2,768,0.4416921279823001,0.4416921279823001,0.9596354166666666,,0.0002684139545047889,0.6380208333333334,0.0,0.05027494358587958,0.0,0.13668147367143746,0,,
s9182101_g8_n2.0_b4_r0.25,9182101,8,2.0,4,0.25,development,bridge,2.0,1.0,a_crossfit_gate_map,OK,2.31900615800987,0.6568531452901664,0.6791579617389312,0.6385445931227152,points,2,396,1.6120439819428407,1.6120439819428407,0.9267676767676768,,0.0016010014746675662,0.3282828282828283,0.03030303030303033,0.026643305202822987,0.027618583099621997,1.0787991966760657,0,,
s9182101_g8_n2.0_b4_r0.25,9182101,8,2.0,4,0.25,development,bridge,2.0,1.0,a_insample_gate_map,OK,2.319011182000395,0.6569841053240061,0.6793585947928673,0.6386665470744667,points,2,396,1.6121541936616908,1.6121541936616908,0.9267676767676768,,0.0015673484863931307,0.3282828282828283,0.03030303030303033,0.026342816874916686,0.027618583099621997,1.0823345361181396,0,,
s9182101_g8_n2.0_b4_r1.0,9182101,8,2.0,4,1.0,development,bridge,2.0,1.0,a_crossfit_gate_map,OK,2.96407565199479,0.296782824877452,0.3010459708520879,0.3643891701742436,points,2,768,1.235505892222529,1.235505892222529,0.94140625,,0.0003196091875207803,0.6158854166666666,0.02213541666666674,0.06969099943168544,0.017346938775510204,0.1321144276292756,0,,
s9182101_g8_n2.0_b4_r1.0,9182101,8,2.0,4,1.0,development,bridge,2.0,1.0,a_insample_gate_map,OK,2.9640802339999937,0.2968064318894467,0.30155266252498436,0.3644127771862382,points,2,768,1.2354447740015624,1.2354447740015624,0.94140625,,0.0002630245280679327,0.6158854166666666,0.02213541666666674,0.07072328037632047,0.017346938775510204,0.13520539391659447,0,,
s9190101_g0_n1_p0.5_l0,9190101,0.0,1.0,,,development,statistical,1.0,1.0,a_crossfit_gate_map,OK,0.008565802010707557,0.06883380384859139,0.06883380384859139,0.06883380384859203,points,1,768,0.08427170688651811,0.08427170688651811,1.0,0,0.0,,,,,,,0.5,0.0
s9190101_g0_n1_p0.5_l0,9190101,0.0,1.0,,,development,statistical,1.0,1.0,a_insample_gate_map,OK,0.008569819008698687,0.06883380384859139,0.06883380384859139,0.06883380384859203,points,1,768,0.08427170688651811,0.08427170688651811,1.0,0,0.0,,,,,,,0.5,0.0
s9190101_g0_n2_p0.5_l0,9190101,0.0,2.0,,,development,statistical,2.0,1.0,a_crossfit_gate_map,OK,0.008239595001214184,0.13766760769718278,0.13766760769718278,0.13766760769718406,points,1,768,0.16854341377303622,0.16854341377303622,1.0,0,0.0,,,,,,,0.5,0.0
s9190101_g0_n2_p0.5_l0,9190101,0.0,2.0,,,development,statistical,2.0,1.0,a_insample_gate_map,OK,0.008243674004916102,0.13766760769718278,0.13766760769718278,0.13766760769718406,points,1,768,0.16854341377303622,0.16854341377303622,1.0,0,0.0,,,,,,,0.5,0.0
s9190101_g2_n1_p0.2_l0,9190101,2.0,1.0,,,development,statistical,1.0,1.0,a_crossfit_gate_map,OK,2.85380489200179,0.10004462178707785,0.5167472539573622,0.11688956977319237,points,2,768,0.698418589393866,0.698418589393866,0.8763020833333334,,0.09689962768372624,0.21484375,0.014322916666666657,0.9969990190214342,0.20388975845001903,0.2987214584840756,0,0.2,0.0
s9190101_g2_n1_p0.2_l0,9190101,2.0,1.0,,,development,statistical,1.0,1.0,a_insample_gate_map,OK,2.853809945998364,0.09462579299901741,0.5226710460428745,0.11914735770996748,points,2,768,0.7225086962789086,0.7225086962789086,0.87109375,,0.09601286954105703,0.22005208333333334,0.01953125,0.9938349470339418,0.2112081729345573,0.24970820513400338,0,0.2,0.0
s9190101_g2_n1_p0.2_l1,9190101,2.0,1.0,,,development,statistical,1.0,1.0,a_crossfit_gate_map,OK,3.102208348005661,0.06568301976850628,0.13094173886193783,0.07089135310184709,points,2,768,0.26509454965759965,0.26509454965759965,0.9869791666666666,,0.010975063092826143,0.203125,0.0026041666666666574,0.019523354215124744,0.021934091966665254,0.009901838227366344,0,0.2,1.0
s9190101_g2_n1_p0.2_l1,9190101,2.0,1.0,,,development,statistical,1.0,1.0,a_insample_gate_map,OK,3.102212926998618,0.06511817229192328,0.11739703071421093,0.07032650562526407,points,2,768,0.22293996641126546,0.22293996641126546,0.9921875,,0.009877993832647572,0.203125,0.0026041666666666574,0.054498536654676855,0.013811920978044756,0.017800300518617806,0,0.2,1.0
s9190101_g2_n1_p0.5_l0,9190101,2.0,1.0,,,development,statistical,1.0,1.0,a_crossfit_gate_map,OK,2.7096137250046013,0.07768234223970193,0.36803725460614306,0.15127970322660184,points,2,768,0.7814441524481497,0.7814441524481497,0.8645833333333334,,0.11175941534438112,0.5442708333333334,0.04427083333333337,0.5891911470662834,0.15104166666666666,0.01991700023413312,0,0.5,0.0
s9190101_g2_n1_p0.5_l0,9190101,2.0,1.0,,,development,statistical,1.0,1.0,a_insample_gate_map,OK,2.7096186020062305,0.07652588512623132,0.3772108698023108,0.14581895464639574,points,2,768,0.7945922680630755,0.7945922680630755,0.8606770833333334,,0.11153587432983937,0.5416666666666666,0.04166666666666663,0.6090243278382461,0.15625,0.021765470194970327,0,0.5,0.0
s9190101_g2_n1_p0.5_l1,9190101,2.0,1.0,,,development,statistical,1.0,1.0,a_crossfit_gate_map,OK,3.165475986999809,0.06788831688519652,0.08842873692801423,0.08333881915335534,points,2,768,0.22170418134626946,0.22170418134626946,0.9934895833333334,,0.009085407400314554,0.5078125,0.0078125,0.07549273615972307,0.010416666666666668,0.008722988907355678,0,0.5,1.0
s9190101_g2_n1_p0.5_l1,9190101,2.0,1.0,,,development,statistical,1.0,1.0,a_insample_gate_map,OK,3.1654812319902703,0.06614456186314627,0.08423613282302325,0.0791497365765308,points,2,768,0.21010891339630705,0.21010891339630705,0.9934895833333334,,0.008118025882559282,0.5065104166666666,0.00651041666666663,0.0780230963941162,0.009114583333333334,0.003556122331288769,0,0.5,1.0
s9190101_g2_n1_p0.8_l0,9190101,2.0,1.0,,,development,statistical,1.0,1.0,a_crossfit_gate_map,OK,2.849038233005558,0.05040317214778036,0.5076437055190205,0.14137459891122323,points,2,768,0.6785481874379397,0.6785481874379397,0.89453125,,0.08710961222294261,0.84765625,0.04817708333333337,0.9578545312562654,0.22571809298193665,0.0984006351743536,0,0.8,0.0
s9190101_g2_n1_p0.8_l0,9190101,2.0,1.0,,,development,statistical,1.0,1.0,a_insample_gate_map,OK,2.8490424460032955,0.04371142158806113,0.48775688162893904,0.14031568186540913,points,2,768,0.6691789414658031,0.6691789414658031,0.8971354166666666,,0.08724753824812019,0.8515625,0.05208333333333337,0.9261225470972154,0.22327509623926564,0.05780312530830467,0,0.8,0.0
s9190101_g2_n1_p0.8_l1,9190101,2.0,1.0,,,development,statistical,1.0,1.0,a_crossfit_gate_map,OK,3.2955634190002456,0.10737425608236217,0.16370360963606598,0.11518675608235862,points,2,768,0.29888083949768707,0.29888083949768707,0.9830729166666666,,0.013062530411684724,0.7955729166666666,0.00390625,0.13555234152813522,0.022748424214222258,0.23004019420316224,0,0.8,1.0
s9190101_g2_n1_p0.8_l1,9190101,2.0,1.0,,,development,statistical,1.0,1.0,a_insample_gate_map,OK,3.295570640009828,0.10580235786587928,0.15114302794203927,0.11361485786587573,points,2,768,0.2772594214481508,0.2772594214481508,0.9856770833333334,,0.011912322429638083,0.7955729166666666,0.00390625,0.14414641411979856,0.01868733871991201,0.2293015771616913,0,0.8,1.0
s9190101_g2_n2_p0.2_l0,9190101,2.0,2.0,,,development,statistical,2.0,1.0,a_crossfit_gate_map,OK,0.008437220007181168,0.5062166655251183,1.0043931993265587,0.6477913124941495,points,1,768,0.8170960283899293,0.8170960283899293,0.7994791666666666,,0.20052083333333334,0.0,0.20052083333333334,2.0087863986531174,0.5,2.0,1,0.2,0.0
s9190101_g2_n2_p0.2_l0,9190101,2.0,2.0,,,development,statistical,2.0,1.0,a_insample_gate_map,OK,0.008441095997113734,0.5062166655251183,1.0043931993265587,0.6477913124941495,points,1,768,0.8170960283899293,0.8170960283899293,0.7994791666666666,,0.20052083333333334,0.0,0.20052083333333334,2.0087863986531174,0.5,2.0,1,0.2,0.0
s9190101_g2_n2_p0.2_l1,9190101,2.0,2.0,,,development,statistical,2.0,1.0,a_crossfit_gate_map,OK,3.5355656330066267,0.17449007595023044,0.35170970385638956,0.19104515356691482,points,2,768,0.4201029285821758,0.4201029285821758,0.9674479166666666,,0.0308529908182818,0.18880208333333334,0.01171875,0.06218453296120163,0.06577054866957147,0.07528922172957442,0,0.2,1.0
s9190101_g2_n2_p0.2_l1,9190101,2.0,2.0,,,development,statistical,2.0,1.0,a_insample_gate_map,OK,3.535570470005041,0.151587362334465,0.3200984914679689,0.1556675585036737,points,2,768,0.3936519420372819,0.3936519420372819,0.9791666666666666,,0.02505815164372018,0.19791666666666666,0.002604166666666685,0.19039723261315222,0.043043275942298745,0.20105643338942514,0,0.2,1.0
s9190101_g2_n2_p0.5_l0,9190101,2.0,2.0,,,development,statistical,2.0,1.0,a_crossfit_gate_map,OK,3.1260752829984995,0.39377114138668706,0.900093174502119,0.6487612786428748,points,2,768,1.1426889490438692,1.1426889490438692,0.65625,,0.22502426013637702,0.24609375,0.25390625,1.3864926954986982,0.36067708333333337,0.20214496416454164,0,0.5,0.0
s9190101_g2_n2_p0.5_l0,9190101,2.0,2.0,,,development,statistical,2.0,1.0,a_insample_gate_map,OK,3.1260803440090967,0.39457653440293566,0.9123479337665343,0.6460640204329644,points,2,768,1.1580398796778097,1.1580398796778097,0.65625,,0.2253902567482764,0.24869791666666666,0.25130208333333337,1.4056267708428618,0.3658854166666667,0.21533679738208011,0,0.5,0.0
s9190101_g2_n2_p0.5_l1,9190101,2.0,2.0,,,development,statistical,2.0,1.0,a_crossfit_gate_map,OK,0.008148234992404468,0.4215374433037515,0.4276932059669335,0.42619059172185225,points,1,768,0.5134600877397438,0.5134600877397438,0.9609375,,0.5,0.5390625,0.0390625,0.273351474425624,0.0390625,2.0,1,0.5,1.0
s9190101_g2_n2_p0.5_l1,9190101,2.0,2.0,,,development,statistical,2.0,1.0,a_insample_gate_map,OK,0.008152613998390734,0.4215374433037515,0.4276932059669335,0.42619059172185225,points,1,768,0.5134600877397438,0.5134600877397438,0.9609375,,0.5,0.5390625,0.0390625,0.273351474425624,0.0390625,2.0,1,0.5,1.0
s9190101_g2_n2_p0.8_l0,9190101,2.0,2.0,,,development,statistical,2.0,1.0,a_crossfit_gate_map,OK,0.008143293991452083,0.29586666780821386,1.0029340575283268,0.5152529690173321,points,1,768,0.8177198373121146,0.8177198373121146,0.7994791666666666,,0.7994791666666666,1.0,0.20052083333333337,2.0058681150566535,0.5,2.0,1,0.8,0.0
s9190101_g2_n2_p0.8_l0,9190101,2.0,2.0,,,development,statistical,2.0,1.0,a_insample_gate_map,OK,0.008147239990648814,0.29586666780821386,1.0029340575283268,0.5152529690173321,points,1,768,0.8177198373121146,0.8177198373121146,0.7994791666666666,,0.7994791666666666,1.0,0.20052083333333337,2.0058681150566535,0.5,2.0,1,0.8,0.0
s9190101_g2_n2_p0.8_l1,9190101,2.0,2.0,,,development,statistical,2.0,1.0,a_crossfit_gate_map,OK,3.494634867995046,0.2622034485467069,0.5028705514224764,0.29345344854671135,points,2,768,0.5664754351342292,0.5664754351342292,0.95703125,,0.029683471033660785,0.8151041666666666,0.015625,0.2700202205335662,0.08363297939845171,0.7243648290045019,0,0.8,1.0
s9190101_g2_n2_p0.8_l1,9190101,2.0,2.0,,,development,statistical,2.0,1.0,a_insample_gate_map,OK,3.4946439360064687,0.26432930450867387,0.47438594048834243,0.2877668045086784,points,2,768,0.5405164798340412,0.5405164798340412,0.96484375,,0.027352195308374516,0.8111979166666666,0.01171875,0.3179057068976894,0.06983163416388172,0.7401021218518862,0,0.8,1.0
s9190101_g8_n1_p0.2_l0,9190101,8.0,1.0,,,development,statistical,1.0,1.0,a_crossfit_gate_map,OK,2.974613769998541,0.07946121638350033,0.07347912660827861,0.07946121638352699,points,2,768,0.09522832490369723,0.09522832490369723,1.0,,3.7458685944524554e-08,0.20052083333333334,0.0,0.11845118763990037,0.0,0.11127225255318152,0,0.2,0.0
s9190101_g8_n1_p0.2_l0,9190101,8.0,1.0,,,development,statistical,1.0,1.0,a_insample_gate_map,OK,2.9746198960056063,0.07946207449750103,0.07347930771427644,0.0794620744975277,points,2,768,0.09522955769036048,0.09522955769036048,1.0,,3.6342511836157305e-08,0.20052083333333334,0.0,0.11844738779801567,0.0,0.11126822817112014,0,0.2,0.0
s9190101_g8_n1_p0.2_l1,9190101,8.0,1.0,,,development,statistical,1.0,1.0,a_crossfit_gate_map,OK,3.0667135669937124,0.07040836101817859,0.0864599757378628,0.07040836101820674,points,2,768,0.08476283385773584,0.08476283385773584,1.0,,2.9107341284565087e-10,0.20052083333333334,0.0,0.07589514661699504,0.0,0.030759552575126747,0,0.2,1.0
s9190101_g8_n1_p0.2_l1,9190101,8.0,1.0,,,development,statistical,1.0,1.0,a_insample_gate_map,OK,3.0667182759934803,0.07041017766966078,0.08646313815224681,0.07041017766968892,points,2,768,0.08476514116060799,0.08476514116060799,1.0,,1.1202193136839744e-10,0.20052083333333334,0.0,0.07589958062159496,0.0,0.030755840078870555,0,0.2,1.0
s9190101_g8_n1_p0.5_l0,9190101,8.0,1.0,,,development,statistical,1.0,1.0,a_crossfit_gate_map,OK,2.896538562999922,0.06937200735834535,0.06937200735834535,0.06937200735841216,points,2,768,0.08542929900819692,0.08542929900819692,1.0,,1.4229988623530465e-07,0.5,0.0,0.026142634318706115,0.0,0.026829300573607995,0,0.5,0.0
s9190101_g8_n1_p0.5_l0,9190101,8.0,1.0,,,development,statistical,1.0,1.0,a_insample_gate_map,OK,2.896543095994275,0.0693757804034201,0.0693757804034201,0.06937578040348691,points,2,768,0.08543394891820247,0.08543394891820247,1.0,,1.4974769391841072e-07,0.5,0.0,0.02614161205983656,0.0,0.02682822961375919,0,0.5,0.0
s9190101_g8_n1_p0.5_l1,9190101,8.0,1.0,,,development,statistical,1.0,1.0,a_crossfit_gate_map,OK,2.950428287993418,1.0260766425848946,1.027972581544157,1.0279725815441718,points,2,768,1.2808660624186692,1.2808660624186692,0.5716145833333334,,0.40837797468233844,0.5013020833333334,0.0013020833333333703,0.5285711024093285,0.0013020833333333333,4.3334031118405765,0,0.5,1.0
s9190101_g8_n1_p0.5_l1,9190101,8.0,1.0,,,development,statistical,1.0,1.0,a_insample_gate_map,OK,2.950433129997691,1.0181380276958316,1.0200278618670588,1.020027861867074,points,2,768,1.2685553150708697,1.2685553150708697,0.5755208333333334,,0.4089103548871644,0.5013020833333334,0.0013020833333333703,0.5158103308919104,0.0013020833333333333,4.330817522559981,0,0.5,1.0
s9190101_g8_n1_p0.8_l0,9190101,8.0,1.0,,,development,statistical,1.0,1.0,a_crossfit_gate_map,OK,2.9173564320080914,0.07426946210301914,0.09704092898862815,0.07426946210303441,points,2,768,0.09290965919549021,0.09290965919549021,1.0,,4.928630206362886e-07,0.7994791666666666,0.0,0.10315340513853144,0.0,0.09883890278063845,0,0.8,0.0
s9190101_g8_n1_p0.8_l0,9190101,8.0,1.0,,,development,statistical,1.0,1.0,a_insample_gate_map,OK,2.9173616909974953,0.07428025606549142,0.09705392069210242,0.07428025606550667,points,2,768,0.09292270789029317,0.09292270789029317,1.0,,4.2899448200933333e-07,0.7994791666666666,0.0,0.1031623371041146,0.0,0.09884712469146528,0,0.8,0.0
s9190101_g8_n1_p0.8_l1,9190101,8.0,1.0,,,development,statistical,1.0,1.0,a_crossfit_gate_map,OK,2.9813774389913306,0.08270412847579298,0.07984953024639378,0.08270412847580896,points,2,768,0.09129870921398645,0.09129870921398645,1.0,,3.5635731960645995e-11,0.7994791666666666,0.0,0.15969548659007415,0.0,0.12420646709592376,0,0.8,1.0
s9190101_g8_n1_p0.8_l1,9190101,8.0,1.0,,,development,statistical,1.0,1.0,a_insample_gate_map,OK,2.9813825489982264,0.08270430358084978,0.07985066220178119,0.08270430358086575,points,2,768,0.09129906406201052,0.09129906406201052,1.0,,9.675656434575944e-12,0.7994791666666666,0.0,0.1596977452685664,0.0,0.12420863074905775,0,0.8,1.0
s9190101_g8_n2_p0.2_l0,9190101,8.0,2.0,,,development,statistical,2.0,1.0,a_crossfit_gate_map,OK,2.8444194449984934,0.14577842403353614,0.37610367921182464,0.19218053739026145,points,2,768,1.1043789668520518,1.1043789668520518,0.984375,,0.014161227787008351,0.20703125,0.006510416666666657,0.7301568501854057,0.024377088709336265,0.34258004470297543,0,0.2,0.0
s9190101_g8_n2_p0.2_l0,9190101,8.0,2.0,,,development,statistical,2.0,1.0,a_insample_gate_map,OK,2.8444255350041203,0.14464479522063847,0.37020696082166543,0.18175743318581608,points,2,768,1.0693359962710163,1.0693359962710163,0.9856770833333334,,0.01424544533927718,0.20572916666666666,0.005208333333333315,0.7188207736143024,0.02356275646177926,0.3439878601950799,0,0.2,0.0
s9190101_g8_n2_p0.2_l1,9190101,8.0,2.0,,,development,statistical,2.0,1.0,a_crossfit_gate_map,OK,3.1438585329888156,0.1321849156646103,0.19899806576066587,0.13218491566463902,points,2,768,0.43776883192794325,0.43776883192794325,0.9986979166666666,,0.0019364700364053339,0.20052083333333334,0.0,0.09601663231924285,0.004061085494310251,0.04288831743405197,0,0.2,1.0
s9190101_g8_n2_p0.2_l1,9190101,8.0,2.0,,,development,statistical,2.0,1.0,a_insample_gate_map,OK,3.143863392993808,0.13278802859676,0.20020597529718898,0.13278802859678873,points,2,768,0.4381413436737529,0.4381413436737529,0.9986979166666666,,0.0018729426293468618,0.20052083333333334,0.0,0.09757293770122111,0.004061085494310251,0.040737664225835246,0,0.2,1.0
s9190101_g8_n2_p0.5_l0,9190101,8.0,2.0,,,development,statistical,2.0,1.0,a_crossfit_gate_map,OK,2.8211322349961847,0.13741728818551932,0.34267399563596157,0.15718608297936143,points,2,768,1.309900554198489,1.309900554198489,0.9752604166666666,,0.01638374877838138,0.5026041666666666,0.0026041666666666297,0.3581255571464128,0.026041666666666664,0.06273313212724929,0,0.5,0.0
s9190101_g8_n2_p0.5_l0,9190101,8.0,2.0,,,development,statistical,2.0,1.0,a_insample_gate_map,OK,2.8211377050029114,0.1371017990993093,0.34236666156428547,0.15686932376301166,points,2,768,1.309844868196201,1.309844868196201,0.9752604166666666,,0.016400779041047284,0.5026041666666666,0.0026041666666666297,0.35805072865110965,0.026041666666666664,0.06281532584401361,0,0.5,0.0
s9190101_g8_n2_p0.5_l1,9190101,8.0,2.0,,,development,statistical,2.0,1.0,a_crossfit_gate_map,OK,3.1724325389950536,0.12522819333102433,0.14606152666435768,0.14595874986725918,points,2,768,0.43965221995572984,0.43965221995572984,0.9986979166666666,,0.0023454775791073683,0.5026041666666666,0.0026041666666666297,0.15714125488499953,0.0026041666666666665,0.049949531075000664,0,0.5,1.0
s9190101_g8_n2_p0.5_l1,9190101,8.0,2.0,,,development,statistical,2.0,1.0,a_insample_gate_map,OK,3.1724370080046356,0.12524420718829563,0.14607754052162897,0.1459944248315422,points,2,768,0.4399817610594561,0.4399817610594561,0.9986979166666666,,0.002116604863130382,0.5026041666666666,0.0026041666666666297,0.1544178943884127,0.0026041666666666665,0.04619016553158861,0,0.5,1.0
s9190101_g8_n2_p0.8_l0,9190101,8.0,2.0,,,development,statistical,2.0,1.0,a_crossfit_gate_map,OK,2.816660187992966,0.13485363272179882,0.4024916178711597,0.1448645738319869,points,2,768,1.045437043839495,1.045437043839495,0.9830729166666666,,0.014132791323803956,0.80078125,0.0013020833333333703,0.6325218264582952,0.027613266212614746,0.1992517699795009,0,0.8,0.0
s9190101_g8_n2_p0.8_l0,9190101,8.0,2.0,,,development,statistical,2.0,1.0,a_insample_gate_map,OK,2.8166646140016383,0.13374039503315102,0.4008487184524227,0.1437527657398987,points,2,768,1.0452935869024993,1.0452935869024993,0.9830729166666666,,0.014193107374392793,0.80078125,0.0013020833333333703,0.6307248926004583,0.027613266212614746,0.1973754629076927,0,0.8,0.0
s9190101_g8_n2_p0.8_l1,9190101,8.0,2.0,,,development,statistical,2.0,1.0,a_crossfit_gate_map,OK,3.108975657989504,0.17443995066955398,0.19549280491227827,0.1848412546469122,points,2,768,0.540785161726847,0.540785161726847,0.99609375,,0.0029500924005523513,0.7981770833333334,0.0013020833333332593,0.23346459753019033,0.004875417741867253,0.28203523892443094,0,0.8,1.0
s9190101_g8_n2_p0.8_l1,9190101,8.0,2.0,,,development,statistical,2.0,1.0,a_insample_gate_map,OK,3.1089802919887006,0.17442667519964525,0.16804935201674082,0.19522572258869775,points,2,768,0.4558092077266781,0.4558092077266781,0.9973958333333334,,0.002616877348133871,0.796875,0.0026041666666666297,0.2829290487929814,0.0016286644951140066,0.28406021865370334,0,0.8,1.0
