threshold,action,objective_relative_MSE,native_MSE,native_identity_MSE,injected_relative_MSE,accepted_fraction
-49.413023202237355,threshold,1.2237769804988103,1.6707702966994655,1.0344282987630964,0.7622854635956101,0.9949020711990612
-6.557631818722411,threshold,1.175629841800134,1.5980420165153097,1.0344282987630964,0.7458843644577543,0.9848027424085002
-4.6271900470042135,threshold,1.148400603160294,1.5538129207522786,1.0344282987630964,0.7351096317289811,0.9746973939146913
-3.650336329129651,threshold,1.1244355211291968,1.5135693577747882,1.0344282987630964,0.7269845521079918,0.9645881414479627
-3.0165261488693993,threshold,1.1002753729165364,1.4650824679613972,1.0344282987630964,0.7202887411283011,0.9544932525235975
-2.5724349011444123,threshold,1.0805249255504925,1.4388046295549217,1.0344282987630964,0.7135027838783354,0.9443891274047242
-2.1997496707464865,threshold,1.0630956313991808,1.4114244621913206,1.0344282987630964,0.7086507461979477,0.9343190706967078
-1.9294818621530172,threshold,1.0479238919640146,1.3901413817348485,1.0344282987630964,0.7028385571050844,0.9242393507547639
-1.7128180564928555,threshold,1.0344686861965127,1.3735274678747258,1.0344282987630964,0.6972755541054788,0.9141658238109431
-1.5256909949018038,threshold,1.0214337210428666,1.3513775257493559,1.0344282987630964,0.6927917117170291,0.9041220786155936
-1.3680858338972084,threshold,1.010490464860621,1.3358426172011626,1.0344282987630964,0.6891395924174091,0.8940781277709607
-1.2487795459308926,threshold,1.0020726916753533,1.3203482355347547,1.0344282987630964,0.686805932955558,0.8840351736573698
-1.139385283909821,threshold,0.9957443667585194,1.3089866832219479,1.0344282987630964,0.6848186473914574,0.8740043417975821
-1.0464553192455124,threshold,0.9876010606000755,1.290927915512717,1.0344282987630964,0.6828785925630475,0.8639645025447945
-0.9648086983489181,threshold,0.9809081603022273,1.2826608657379608,1.0344282987630964,0.6801997847116081,0.853920899810975
-0.8879288409137164,threshold,0.9746275044470943,1.27254473127575,1.0344282987630964,0.6795893005758815,0.8438917638612858
-0.8181547816296397,threshold,0.9696865148540486,1.2652014443210593,1.0344282987630964,0.6793790196671072,0.8338644193738746
-0.7503923167086889,threshold,0.9625267919814791,1.253765742917166,1.0344282987630964,0.6789105313566095,0.8238228337028707
-0.6888896044721436,threshold,0.9582395719123458,1.2431324670394257,1.0344282987630964,0.6785600655380727,0.813807511996571
-0.630743960792955,threshold,0.9533027844287437,1.2357841483787841,1.0344282987630964,0.6778570584360454,0.8037842917482577
-0.5729209051066756,threshold,0.9487845328898734,1.2278811843758284,1.0344282987630964,0.6766268623328006,0.7937410148581208
-0.520496034657265,threshold,0.9449114475911307,1.2233256227892708,1.0344282987630964,0.6765970947657118,0.7836903149786641
-0.47266551642320376,threshold,0.9407830097171246,1.216390363379906,1.0344282987630964,0.6756319337472957,0.7736450298355876
-0.4282759199927743,threshold,0.9368472454335438,1.2096767352210014,1.0344282987630964,0.6748271632834453,0.7635996782621421
-0.3862751182017168,threshold,0.9327897353913692,1.204821339673634,1.0344282987630964,0.6739773895647155,0.7536003157493526
-0.343122849614209,threshold,0.9280539961387148,1.1983346650775792,1.0344282987630964,0.6731720943652691,0.7435833408802403
-0.30640774717874036,threshold,0.9255538642382316,1.1938199932604174,1.0344282987630964,0.6731555366227869,0.7335620175917953
-0.269174227256062,threshold,0.9221212670748539,1.188686815796639,1.0344282987630964,0.6723114146518797,0.7235263173634342
-0.2377136179240242,threshold,0.9193725169306427,1.1857319919455735,1.0344282987630964,0.6718334800602033,0.713492612894373
-0.20639640540497872,threshold,0.9161346011498911,1.1792724842295614,1.0344282987630964,0.6714983495226392,0.7034704901232581
-0.17560808788366394,threshold,0.9144447765725966,1.1766076979778255,1.0344282987630964,0.6712826994649975,0.6934415350847019
-0.14809643361453248,threshold,0.9133087964527968,1.174819459936417,1.0344282987630964,0.671904908075492,0.6834384890805264
-0.12144554194002599,threshold,0.9111720332853664,1.1721681467611442,1.0344282987630964,0.6713956357469074,0.6734058026662849
-0.09665320794607644,threshold,0.909113032510172,1.1677825824167707,1.0344282987630964,0.671825816654938,0.6633864589008732
-0.07306264569611642,threshold,0.907022560472503,1.1645526060035847,1.0344282987630964,0.6711272177682541,0.6533831651197335
-0.053504671166378755,threshold,0.9059682044567748,1.162490680646342,1.0344282987630964,0.6711964494491731,0.6434024831696264
-0.035041423422801456,threshold,0.9041566858404746,1.15939122566135,1.0344282987630964,0.6707635489912139,0.6334157750579325
-0.020253342236623725,threshold,0.9028720291359681,1.15660115971601,1.0344282987630964,0.670875226403079,0.6234373500121017
-0.004858635103806455,threshold,0.9006777317001994,1.1530176439368343,1.0344282987630964,0.6706632578256848,0.6134722432897936
0.0,threshold,0.9002737446323895,1.15159263327894,1.0344282987630964,0.670933273417702,0.6103270178835021
0.01064988395709406,threshold,0.8990956386030335,1.1498767086064654,1.0344282987630964,0.6703319389292134,0.6035030813413084
0.026918931417580453,threshold,0.8982385294540532,1.1482192743198407,1.0344282987630964,0.6703660844616705,0.5935268973400173
0.04648866685762256,threshold,0.89709767326694,1.146176045565885,1.0344282987630964,0.6708638810507564,0.583560713037851
0.07022636520256471,threshold,0.8953890170743257,1.1431445964882057,1.0344282987630964,0.6710274249848078,0.5735274640683796
0.09556730304649592,threshold,0.8935522380702304,1.1412854511864152,1.0344282987630964,0.671039960933512,0.5635122193563724
0.12131340956028584,threshold,0.8925529071329009,1.141233069256018,1.0344282987630964,0.6710179086513541,0.5534848480054043
0.1472196299134004,threshold,0.8915875110617272,1.1399693701314684,1.0344282987630964,0.6713123729769115,0.5434534915002218
0.1764261376054002,threshold,0.8903955946169907,1.1363181351755176,1.0344282987630964,0.6723874042548763,0.5334339791352622
0.20594093137949332,threshold,0.8875877328210842,1.1308435633844853,1.0344282987630964,0.673152891689218,0.5234056086533355
0.2373865442094514,threshold,0.8857958004676022,1.1270673817874817,1.0344282987630964,0.6736358335990232,0.5133644528734608
0.27017609633639256,threshold,0.8839901671268504,1.1235760392945238,1.0344282987630964,0.6746117309261876,0.5033196927103609
0.30413030127352725,threshold,0.8824085417181707,1.1190200825371124,1.0344282987630964,0.675762367719771,0.49326385409032464
0.338740319210692,threshold,0.879932789013671,1.116479288896861,1.0344282987630964,0.6760187708479859,0.483218301126824
0.3762726924355029,threshold,0.8776401744282291,1.111333977471133,1.0344282987630964,0.6769028377869988,0.4731710635733963
0.41465718886606756,threshold,0.8756274615253231,1.1086668651663447,1.0344282987630964,0.67851241003983,0.4631219478422442
0.45636372527632196,threshold,0.8734992128530678,1.1037442417171741,1.0344282987630964,0.6785286006203095,0.4530635830799767
0.4982290280852326,threshold,0.8715709231747314,1.1007479069605732,1.0344282987630964,0.6790158661097211,0.4429869326428158
0.5443632488670185,threshold,0.8706730109210081,1.0972638295743293,1.0344282987630964,0.6805945769127615,0.4329168492672794
0.5954562091379457,threshold,0.869524350535205,1.0946495685978894,1.0344282987630964,0.6819298645094907,0.42284952159718053
0.6434587416430512,threshold,0.8689588107254513,1.0959089736840677,1.0344282987630964,0.6831716970170405,0.41276821428757837
0.6952654740430405,threshold,0.8660047122197079,1.0880285160189087,1.0344282987630964,0.684599178662147,0.40270291478308756
0.7472294784296081,threshold,0.864887446097959,1.085631951759487,1.0344282987630964,0.6857345429121705,0.3926169638512232
0.8048347321776487,threshold,0.8630812260232017,1.0813394736847404,1.0344282987630964,0.6877038089281321,0.38253430589994314
0.8644231530277074,threshold,0.8632306914773098,1.079565150409613,1.0344282987630964,0.6903440284979183,0.3724410496607143
0.9259847306449063,threshold,0.8629257868488299,1.0769096354757486,1.0344282987630964,0.693074564202122,0.36235962169218566
0.9908111007218151,threshold,0.861578489183315,1.0758939161433694,1.0344282987630964,0.6949396218753381,0.3522877800837425
1.0571309820130574,threshold,0.8607301166032316,1.0737260937437985,1.0344282987630964,0.6985154983828314,0.34220810751531444
1.133662578140185,threshold,0.8616911882119803,1.0789358904596278,1.0344282987630964,0.7016380821620984,0.3321183363271162
1.2133841698821424,threshold,0.8618048710183835,1.0777360631638728,1.0344282987630964,0.7038582301090186,0.32202247189458516
1.300752399776645,threshold,0.8611940976203809,1.0756009159427442,1.0344282987630964,0.7078474286930004,0.31192630054700476
1.3860742609915297,threshold,0.8632174563759375,1.0766080591534346,1.0344282987630964,0.7126201865131965,0.30181268707369474
1.4781949954618632,threshold,0.8628109887982135,1.0720297179017129,1.0344282987630964,0.7168799835230322,0.2917458084460582
1.5809521156702286,threshold,0.8656414276657735,1.072389529672506,1.0344282987630964,0.7223098451712373,0.2816390141397503
1.6812209429194487,threshold,0.8671274083742141,1.0708749713938726,1.0344282987630964,0.7274405497527271,0.2715255154447596
1.7883632143238521,threshold,0.8712518462115972,1.0706513638110757,1.0344282987630964,0.7352498445684426,0.2613999967582786
1.9060550353673005,threshold,0.8745963970380509,1.0704126091357264,1.0344282987630964,0.7423491545452481,0.25125498982931976
2.0209429572629243,threshold,0.8785375124931344,1.06852715403472,1.0344282987630964,0.7514719603647754,0.24109498753466266
2.1390462646679387,threshold,0.8831284480278415,1.0665574862476264,1.0344282987630964,0.7611383629589071,0.23094326097384757
2.258807258127415,threshold,0.8891759086989114,1.0681100730122899,1.0344282987630964,0.7709178630212424,0.22076690095521148
2.383778993453834,threshold,0.894037910411759,1.0657132126642659,1.0344282987630964,0.7817370465550634,0.21056222070857808
2.515113214397876,threshold,0.9002210917541588,1.0646956210935212,1.0344282987630964,0.7934210362335816,0.2003652674369376
2.6379633804306444,threshold,0.905371616590736,1.0618347314468135,1.0344282987630964,0.8050735086131376,0.19016125690030647
2.7631548719060977,threshold,0.9132587059716633,1.0624905226518224,1.0344282987630964,0.8188769241511809,0.18000977434884954
2.886550697706128,threshold,0.921417599412267,1.0610948341726947,1.0344282987630964,0.8327567996787888,0.169885260045835
3.0383300888300964,threshold,0.9294325555535042,1.0598796651723832,1.0344282987630964,0.8467562291143073,0.15977137039058853
3.1949494308014983,threshold,0.9385370479912964,1.0598843348878002,1.0344282987630964,0.8613006869672902,0.1496918915924636
3.3462435009022267,threshold,0.9473736552972322,1.0591406162785149,1.0344282987630964,0.8763257320968953,0.13962973782250734
3.4946894841951246,threshold,0.955598291306098,1.0583519808202704,1.0344282987630964,0.8900728400376037,0.1295342889467004
3.6509520657206704,threshold,0.9617284838041509,1.056344415639909,1.0344282987630964,0.902319576543303,0.11944324226913261
3.8199093595969873,threshold,0.9673618917563548,1.0550241729741205,1.0344282987630964,0.9134826775570236,0.1093726870547509
4.007182280146971,threshold,0.9718113341672839,1.0530489401556153,1.0344282987630964,0.9231706530531552,0.09934806717108291
4.211820044254517,threshold,0.9762889464330268,1.0512900696051688,1.0344282987630964,0.9325946103388605,0.08934523414225944
4.451649273222541,threshold,0.9813847204418891,1.0498026374024882,1.0344282987630964,0.94277850746513,0.07933766483742556
4.733366280782383,threshold,0.9876361684767644,1.048603423668617,1.0344282987630964,0.9542104934879667,0.06936314647451435
5.049911369924378,threshold,0.9939092936852676,1.046989224127061,1.0344282987630964,0.9660256183114233,0.05940578985502166
5.49898495683609,threshold,1.0004841186006352,1.0464768906395538,1.0344282987630964,0.977384684894389,0.049470340817248555
6.078885713073448,threshold,1.0073928168775232,1.045734751405797,1.0344282987630964,0.9892847235190227,0.03953481389750474
7.045013032862142,threshold,1.0121068634433212,1.0436127057917055,1.0344282987630964,1.0004669666199448,0.029635456801861294
8.890388903694067,threshold,1.010003092589202,1.041149235245699,1.0344282987630964,1.002031303197477,0.019754908558641295
11.662279812984597,threshold,1.0080886278973322,1.0390881761178117,1.0344282987630964,1.0031836962353289,0.009876580395134352
19.92155257721377,threshold,1.0,1.0344282987630964,1.0344282987630964,1.0,0.0
0.0,keep,1.0,1.0344282987630964,1.0344282987630964,1.0,0.0
