scenario,seed,arm,components,covered,accept_b,gain_low,gain_high,actual_selected_gain
positive,11,star,2,True,False,-4.9097303634232095,2.8599508599508545,0.0
positive,11,common_track,1,True,True,1.9676674364896052,2.8599508599508545,2.3999999999999986
positive,23,star,2,True,False,-4.9097303634232095,2.8599508599508545,0.0
positive,23,common_track,1,True,True,1.9676674364896052,2.8599508599508545,2.3999999999999986
positive,47,star,2,True,False,-4.9097303634232095,2.8599508599508545,0.0
positive,47,common_track,1,True,True,1.9676674364896052,2.8599508599508545,2.3999999999999986
repeated_texture,11,star,2,True,False,-4.9097303634232095,2.8599508599508545,0.0
repeated_texture,11,common_track,2,True,False,-4.9097303634232095,2.8599508599508545,0.0
repeated_texture,23,star,2,True,False,-4.9097303634232095,2.8599508599508545,0.0
repeated_texture,23,common_track,2,True,False,-4.9097303634232095,2.8599508599508545,0.0
repeated_texture,47,star,2,True,False,-4.9097303634232095,2.8599508599508545,0.0
repeated_texture,47,common_track,2,True,False,-4.9097303634232095,2.8599508599508545,0.0
occlusion_wrong_layer,11,star,1,False,True,0.46375545851528494,0.7312762973352037,-4.200000000000002
occlusion_wrong_layer,11,common_track,1,False,True,0.46375545851528494,0.7312762973352037,-4.200000000000002
occlusion_wrong_layer,23,star,1,False,True,0.46375545851528494,0.7312762973352037,-4.200000000000002
occlusion_wrong_layer,23,common_track,1,False,True,0.46375545851528494,0.7312762973352037,-4.200000000000002
occlusion_wrong_layer,47,star,1,False,True,0.46375545851528494,0.7312762973352037,-4.200000000000002
occlusion_wrong_layer,47,common_track,1,False,True,0.46375545851528494,0.7312762973352037,-4.200000000000002
common_camera_error,11,star,1,False,True,0.9470270270270281,1.4377829099307171,-5.28
common_camera_error,11,common_track,1,False,True,0.9470270270270281,1.4377829099307171,-5.28
common_camera_error,23,star,1,False,True,0.9470270270270281,1.4377829099307171,-5.28
common_camera_error,23,common_track,1,False,True,0.9470270270270281,1.4377829099307171,-5.28
common_camera_error,47,star,1,False,True,0.9470270270270281,1.4377829099307171,-5.28
common_camera_error,47,common_track,1,False,True,0.9470270270270281,1.4377829099307171,-5.28
