method,threshold,action,objective_relative_MSE,native_MSE,native_identity_MSE,injected_relative_MSE,accepted_fraction
B_F,-0.7361150838355794,threshold,1.3454636853542796,1.8276386754989498,1.0344282987630964,0.8307427828191172,0.999987498749875
B_F,-0.343080591711799,threshold,1.320578379478816,1.7920596430859153,1.0344282987630964,0.8189107147867876,0.9900124107565107
B_F,-0.2968775761178441,threshold,1.2904247050216096,1.7414738885766345,1.0344282987630964,0.8077592685793267,0.9800284134489604
B_F,-0.2633842861832174,threshold,1.2677220892959007,1.7077394909892136,1.0344282987630964,0.7999913674090683,0.9700369435982298
B_F,-0.23775202990246314,threshold,1.2487320992247106,1.6820476624918106,1.0344282987630964,0.7913003622578465,0.9600273474910335
B_F,-0.218680399402658,threshold,1.2288659687495278,1.6518465673703453,1.0344282987630964,0.7840324965058462,0.950009640482334
B_F,-0.20166325961615222,threshold,1.2120208202051537,1.6242973813747508,1.0344282987630964,0.7766225107911411,0.9400013434280132
B_F,-0.18755280218441744,threshold,1.1996233214650212,1.6062027120123328,1.0344282987630964,0.7724395223174072,0.9299898407083661
B_F,-0.17601912535159314,threshold,1.1899614175700581,1.5896302400762248,1.0344282987630964,0.7684926054175698,0.9199828553285939
B_F,-0.16601523895465914,threshold,1.1798402474954122,1.5708852051289022,1.0344282987630964,0.7645350606006105,0.9099892775048866
B_F,-0.15711635997388712,threshold,1.1709286694383498,1.559848607129628,1.0344282987630964,0.7618275048776711,0.899946976343519
B_F,-0.15112166110535932,threshold,1.1657230816795634,1.5522056561970792,1.0344282987630964,0.7600866112209874,0.8899877760465346
B_F,-0.1436841433727725,threshold,1.1569350105147411,1.5400820040487457,1.0344282987630964,0.7565148031505723,0.8799714422645684
B_F,-0.1367071995972716,threshold,1.151893597654701,1.5341081107709633,1.0344282987630964,0.7538006671357869,0.8699493650564992
B_F,-0.13027814523864653,threshold,1.1442051036572274,1.5217138316690306,1.0344282987630964,0.7512542174662646,0.8599270301749297
B_F,-0.12467708809955828,threshold,1.1363088275831175,1.50618430310987,1.0344282987630964,0.7485587094178108,0.8498966159321544
B_F,-0.1192336593229683,threshold,1.1278582273046938,1.4965305223276917,1.0344282987630964,0.7466551083600824,0.839899235351932
B_F,-0.1141796214239898,threshold,1.1176280026198833,1.4829654654194655,1.0344282987630964,0.7432267950246167,0.829878065760847
B_F,-0.10951503085748765,threshold,1.1103802381837262,1.4730271219979159,1.0344282987630964,0.7404798500467968,0.8198566061277134
B_F,-0.10484834816490715,threshold,1.1021207618898916,1.4625951418310301,1.0344282987630964,0.7391259913572824,0.8098557131226016
B_F,-0.10060384272564823,threshold,1.0955940998522091,1.4519966332962697,1.0344282987630964,0.7379378949823764,0.7998486111208184
B_F,-0.09646780221584585,threshold,1.0889767303377418,1.442992561699592,1.0344282987630964,0.7343353272382328,0.7898375535699436
B_F,-0.09262391239230232,threshold,1.0814902496335002,1.4326035354072135,1.0344282987630964,0.7322644891366443,0.7798490773487007
B_F,-0.08877676156625089,threshold,1.0752387609268856,1.4217839843335738,1.0344282987630964,0.7320987441365104,0.7698433958446307
B_F,-0.08479514747134015,threshold,1.0683285708801031,1.4116390549935498,1.0344282987630964,0.7295304553168871,0.7598550285848803
B_F,-0.08114932888033936,threshold,1.061319473667606,1.4029454001975212,1.0344282987630964,0.7275708692939515,0.7498831865210741
B_F,-0.07754540707542187,threshold,1.0566644051188063,1.3977235821218363,1.0344282987630964,0.7259253283565242,0.7398813207520266
B_F,-0.07390591489127181,threshold,1.0506681716473707,1.3896431089010535,1.0344282987630964,0.7236242187819055,0.7298949574290964
B_F,-0.07061395341428163,threshold,1.045547844789376,1.379984077831379,1.0344282987630964,0.7227657172401144,0.7199027352068038
B_F,-0.06734402856058451,threshold,1.0403107993495535,1.3736940350503721,1.0344282987630964,0.7223585854281221,0.7099250392411679
B_F,-0.06421796736533425,threshold,1.0352423323539077,1.3672567174785613,1.0344282987630964,0.7209151679128767,0.6999447955678108
B_F,-0.06114204347664729,threshold,1.0311068218606936,1.3647140200503167,1.0344282987630964,0.7191308383469693,0.6899737475509077
B_F,-0.05776223547160511,threshold,1.0247855445628489,1.3564999611469295,1.0344282987630964,0.7171430713152607,0.6799930200131078
B_F,-0.05449233663956686,threshold,1.019644606141614,1.3478748156063682,1.0344282987630964,0.7164120024308163,0.6700113317978159
B_F,-0.051462640535182465,threshold,1.0123692503108226,1.3381586844669224,1.0344282987630964,0.7152419072998362,0.6600522520438821
B_F,-0.048301801426596305,threshold,1.0065436055281103,1.3304558968746087,1.0344282987630964,0.7134365519372599,0.6500703337175531
B_F,-0.04531092847209517,threshold,1.002506200809055,1.3234971853589346,1.0344282987630964,0.7126897893766183,0.6401082179627196
B_F,-0.04224427961173644,threshold,0.9940624852556804,1.3147723064792642,1.0344282987630964,0.7108707011399208,0.6301276642697388
B_F,-0.03942878160669279,threshold,0.9888221557343194,1.3063204182821977,1.0344282987630964,0.710439110045896,0.6201590864771604
B_F,-0.036326130050280334,threshold,0.9834068172216558,1.2999475367058555,1.0344282987630964,0.7081975983623259,0.6101892556131268
B_F,-0.03336084703528804,threshold,0.9794264269678163,1.2960391488211123,1.0344282987630964,0.7073282097310756,0.6002307421662131
B_F,-0.030434496831939717,threshold,0.9741794620500652,1.2913795724283612,1.0344282987630964,0.7054986456697426,0.5902599315458813
B_F,-0.02753701450028044,threshold,0.9686537420688813,1.2847429583476924,1.0344282987630964,0.7033150636803694,0.5803110416523797
B_F,-0.024558817357628684,threshold,0.9618427246700776,1.2782902219581325,1.0344282987630964,0.7022461501599757,0.5703650829358491
B_F,-0.021692394033398312,threshold,0.9575136769420466,1.27314610486329,1.0344282987630964,0.7008898343285813,0.5604193934938468
B_F,-0.01869509267106999,threshold,0.9540991229093073,1.2676193440263352,1.0344282987630964,0.7007955878885167,0.5504750851974805
B_F,-0.015710752214949275,threshold,0.9489883447713542,1.2637041451008049,1.0344282987630964,0.699522469572484,0.5405323590512546
B_F,-0.012806900279318802,threshold,0.9438405625199673,1.256488218443042,1.0344282987630964,0.6986550883175482,0.5305820385802027
B_F,-0.009668933682472574,threshold,0.9384187156863052,1.2506070039397779,1.0344282987630964,0.6975490014590702,0.520642627938603
B_F,-0.0064382670802875155,threshold,0.9328020823215212,1.2428890870430949,1.0344282987630964,0.6974098792498529,0.5107057450821495
B_F,-0.003251141337598621,threshold,0.9296833130145282,1.23824094329192,1.0344282987630964,0.6972788923391837,0.5007693830417792
B_F,0.0,threshold,0.9261029222531342,1.2334271090405073,1.0344282987630964,0.6964776769629052,0.49124116959888986
B_F,0.0001474270145445251,threshold,0.9260423877853827,1.2333290757447164,1.0344282987630964,0.6965111634278066,0.49083592475577503
B_F,0.0035064058944593805,threshold,0.921824218250855,1.2292321244027646,1.0344282987630964,0.6954958855599406,0.4809051313659849
B_F,0.006955082912949954,threshold,0.917151230933643,1.2237285742893709,1.0344282987630964,0.6946223545233212,0.4709990679631682
B_F,0.010645649118081819,threshold,0.9122682393673806,1.2189639007384523,1.0344282987630964,0.6934383158444071,0.46105918355727926
B_F,0.01452106162292336,threshold,0.9066097705324498,1.2122070949417698,1.0344282987630964,0.6920459085944273,0.451127072658916
B_F,0.01833917190138193,threshold,0.9019109845707843,1.2079939591898614,1.0344282987630964,0.6916724348569205,0.4411897358603523
B_F,0.02273825571888926,threshold,0.896812396135544,1.2020186383446854,1.0344282987630964,0.6907808067657301,0.43127345740771256
B_F,0.026901658576543246,threshold,0.8937970881134909,1.1993419851505045,1.0344282987630964,0.6896893123517323,0.4213496376468387
B_F,0.031452562516664645,threshold,0.8895073302512148,1.1964549030812557,1.0344282987630964,0.688610529989571,0.41143588450064655
B_F,0.03639891246685013,threshold,0.883826464135275,1.1893169623978412,1.0344282987630964,0.6875210001008675,0.4015222745683779
B_F,0.04143301320183778,threshold,0.8801533174844455,1.1874333148428393,1.0344282987630964,0.6859881193303903,0.3916042312555663
B_F,0.04711060838126934,threshold,0.8760096039117619,1.1824780550596596,1.0344282987630964,0.6852989236989797,0.3816699423034673
B_F,0.053369196316795375,threshold,0.8717041881729223,1.1738927692589434,1.0344282987630964,0.6850503246741528,0.3717523565930823
B_F,0.059867990183710265,threshold,0.8672301820909568,1.1654643290221331,1.0344282987630964,0.6848641190838985,0.3618255391335341
B_F,0.06751841064522594,threshold,0.8627393574033312,1.1599385393279726,1.0344282987630964,0.6837019044725738,0.3518856831168757
B_F,0.07530819092930177,threshold,0.8581021784488977,1.1534286932801945,1.0344282987630964,0.6839976784828659,0.34193862319436513
B_F,0.08437579795608588,threshold,0.8539942120349823,1.1468204543434826,1.0344282987630964,0.6847365409872519,0.3320201856153945
B_F,0.09393674094444637,threshold,0.8502291993759337,1.1412313537127279,1.0344282987630964,0.6855125428179394,0.32208023409379577
B_F,0.10421219516305279,threshold,0.8460669526272642,1.133611477107177,1.0344282987630964,0.6864395955848366,0.31213446636582093
B_F,0.11665359772001521,threshold,0.8418334915793219,1.127826536243815,1.0344282987630964,0.6865711018556009,0.3021632392964471
B_F,0.12985723233259414,threshold,0.8380390225935903,1.1210526544184054,1.0344282987630964,0.6875660436934758,0.2922064938610529
B_F,0.1424577804164438,threshold,0.8345531282390183,1.112913856383114,1.0344282987630964,0.6889411339992988,0.2822412179439988
B_F,0.15729088039068312,threshold,0.8302206590808399,1.1058788420426855,1.0344282987630964,0.6889025374487635,0.2722530557599932
B_F,0.17304665582347797,threshold,0.826150673697487,1.0974907192433465,1.0344282987630964,0.6891880384225197,0.2622630652097142
B_F,0.18999216682458933,threshold,0.8218309952407413,1.0880099775335421,1.0344282987630964,0.6891179513305593,0.2522760601784477
B_F,0.20897440105513926,threshold,0.8186635933188285,1.0790022738948701,1.0344282987630964,0.6925868019390693,0.24228768590681482
B_F,0.22919761341223546,threshold,0.8188040549868635,1.0759029302234553,1.0344282987630964,0.6961101646584017,0.23228181647074578
B_F,0.24840498355093016,threshold,0.8188272725522099,1.0725299625643994,1.0344282987630964,0.7008055705942848,0.22228252386048228
B_F,0.2701556985729241,threshold,0.8188522665439176,1.0658308985437008,1.0344282987630964,0.7056407640192767,0.21228805072535303
B_F,0.29421583099827664,threshold,0.8190122200750034,1.0586367845255038,1.0344282987630964,0.7109577640524409,0.2022841356574403
B_F,0.32048873143020096,threshold,0.8201690922661823,1.0516947945695598,1.0344282987630964,0.7169664808509588,0.19227692108143915
B_F,0.34796043711057467,threshold,0.8233611128801023,1.0474697338676073,1.0344282987630964,0.7245524708792739,0.18227421205574026
B_F,0.37567405354003164,threshold,0.825895289785365,1.040538659331356,1.0344282987630964,0.7319283600755657,0.1722333664249335
B_F,0.4029876835515849,threshold,0.8304929728797404,1.0366259016813761,1.0344282987630964,0.7403897562317334,0.16224715669663933
B_F,0.43191339077860796,threshold,0.835796570620821,1.0334222079791662,1.0344282987630964,0.7506006814529952,0.1522208119999031
B_F,0.4658085746432705,threshold,0.8419057835987619,1.0375854056436995,1.0344282987630964,0.7602448948857559,0.14216738445611324
B_F,0.516900024790631,threshold,0.8474108379328987,1.0367314098833702,1.0344282987630964,0.7693119732607842,0.13211641449683298
B_F,0.5725447000687723,threshold,0.8538753978306747,1.035956583637042,1.0344282987630964,0.7794954617035856,0.12199168173684173
B_F,0.6326618531346655,threshold,0.8611878804126086,1.0336750977651121,1.0344282987630964,0.7917038408011099,0.11180106443962234
B_F,0.6905043972428375,threshold,0.86989295609651,1.0329145253762684,1.0344282987630964,0.8049882942866218,0.10154579621087151
B_F,0.7262375837865575,threshold,0.8784930117037874,1.0333727955225327,1.0344282987630964,0.8178000575656477,0.09122735313034797
B_F,0.7545868519804964,threshold,0.887610101687717,1.0332486691549652,1.0344282987630964,0.8315038372191431,0.08082604512147451
B_F,0.7791548688958668,threshold,0.898801540536675,1.0331113914254488,1.0344282987630964,0.8484084350586099,0.07057735480711826
B_F,0.7994328966745936,threshold,0.9122921541458874,1.0337710326789098,1.0344282987630964,0.8685484156791281,0.06038778115645741
B_F,0.8238314600948634,threshold,0.9274792321351836,1.0337805581415782,1.0344282987630964,0.8913274358090911,0.05027163682511198
B_F,0.8498540033263272,threshold,0.9415645651654908,1.0339612194949186,1.0344282987630964,0.9124251491824928,0.04014662652809562
B_F,0.876615582863381,threshold,0.9576636908107982,1.0342279828909622,1.0344282987630964,0.9365291172829693,0.03004684652427793
B_F,0.905100733265259,threshold,0.972273263539957,1.0342279828909622,1.0344282987630964,0.9584434763767075,0.01999225854681541
B_F,0.9307180959024639,threshold,0.987433842552357,1.0342279828909622,1.0344282987630964,0.9811843448953075,0.00991335477020121
B_F,1.0669857030567835,threshold,1.0,1.0344282987630964,1.0344282987630964,1.0,0.0
B_F,,all,1.3454637095889137,1.8276388923435463,1.0344282987630964,0.8307427828191172,1.0
B_F,,keep,1.0,1.0344282987630964,1.0344282987630964,1.0,0.0
B_R,-0.8466627523038743,threshold,1.3454168356429668,1.8274732891142635,1.0344282987630964,0.8307427828191172,0.999987498749875
B_R,-0.4640628588917323,threshold,1.323223663271589,1.7880945484993167,1.0344282987630964,0.8233694854906133,0.9899931843589046
B_R,-0.3849668337084473,threshold,1.298549624836869,1.7456751504982742,1.0344282987630964,0.814557014378443,0.9799904253492159
B_R,-0.3343177838749784,threshold,1.2734712639377401,1.7118702953942968,1.0344282987630964,0.8041833360565207,0.9699852822940311
B_R,-0.2971841611824967,threshold,1.251045177223084,1.6685974693363685,1.0344282987630964,0.7976122661020391,0.959990491746073
B_R,-0.2690643733835725,threshold,1.2270487195480504,1.630947453953483,1.0344282987630964,0.7896122712483483,0.9499872482752894
B_R,-0.24682640194974936,threshold,1.2054225372928888,1.6005749798405389,1.0344282987630964,0.7815609183713954,0.9399906017742469
B_R,-0.22789759477681013,threshold,1.1940736707198611,1.5893757268339097,1.0344282987630964,0.7740631584455282,0.9299970531914076
B_R,-0.21260814876372153,threshold,1.1795181766871883,1.5732009123157593,1.0344282987630964,0.7664323831204216,0.9199923391361926
B_R,-0.1983852553575511,threshold,1.1669807942700123,1.559120546333804,1.0344282987630964,0.7609879757621516,0.9100102661661214
B_R,-0.18610283620106155,threshold,1.153516598119989,1.5397663034352562,1.0344282987630964,0.7560660975055957,0.9000066021899441
B_R,-0.17481900621320953,threshold,1.1421042969061332,1.5213332237980217,1.0344282987630964,0.7514099533650563,0.890033279490097
B_R,-0.164984415302601,threshold,1.130425812076024,1.502397553187035,1.0344282987630964,0.7472301319405243,0.8800414307458372
B_R,-0.15572211946175166,threshold,1.1197720184581945,1.4875407959322176,1.0344282987630964,0.7439993358808211,0.8700466342229792
B_R,-0.14708158288415055,threshold,1.109059646959961,1.472348822462362,1.0344282987630964,0.7409210126871211,0.8600474052378386
B_R,-0.1390516738321815,threshold,1.0990247335292467,1.456171100324981,1.0344282987630964,0.7380108990737507,0.8500506375069815
B_R,-0.13178256761951687,threshold,1.0884697930643041,1.441636018246743,1.0344282987630964,0.7357186910987101,0.8400625220666157
B_R,-0.12532077842515418,threshold,1.0788222075995948,1.4289072079610439,1.0344282987630964,0.7334643409541874,0.83007597303326
B_R,-0.1192672604573427,threshold,1.0695405590262572,1.4159988874660745,1.0344282987630964,0.7307510670764004,0.8200862497434315
B_R,-0.11429824907886225,threshold,1.0604237770180107,1.4087782426678426,1.0344282987630964,0.7286526931005086,0.810124220554712
B_R,-0.10919459094728537,threshold,1.0531722792837546,1.3982247807094812,1.0344282987630964,0.7263243121201448,0.8001202524423645
B_R,-0.1041124172549248,threshold,1.046522155167242,1.3864393769455248,1.0344282987630964,0.7254770410143592,0.7901822995786775
B_R,-0.09972691244006622,threshold,1.0397979817500598,1.378240283641726,1.0344282987630964,0.722761871258108,0.7802270281463288
B_R,-0.09548099297879625,threshold,1.03444031913066,1.3696043833189737,1.0344282987630964,0.7209426172721345,0.7702382774007854
B_R,-0.09105319439612197,threshold,1.0278912763825296,1.3601676944581786,1.0344282987630964,0.7194055666669475,0.7602764474442595
B_R,-0.0878156395155777,threshold,1.0229782454169316,1.355816073541523,1.0344282987630964,0.7177508004618928,0.7503105119756196
B_R,-0.08414440321177363,threshold,1.0183232767036963,1.3485183018979243,1.0344282987630964,0.7170696786176194,0.7403528830323026
B_R,-0.08009678774240221,threshold,1.0106247697437383,1.3399597967252324,1.0344282987630964,0.7139962071622521,0.7303914139787381
B_R,-0.07611004655759092,threshold,1.0043102408613243,1.3327693578098463,1.0344282987630964,0.7114026864153015,0.7204095280436152
B_R,-0.07241505733611774,threshold,0.999316103341651,1.3270036668417151,1.0344282987630964,0.7098950111320739,0.7104422047334995
B_R,-0.06864253958369321,threshold,0.9927022533101452,1.321248632009078,1.0344282987630964,0.7076285747352704,0.7004625547126034
B_R,-0.06519550577885296,threshold,0.9874712208139722,1.3144580178846428,1.0344282987630964,0.7058184368251849,0.6905016292653667
B_R,-0.06174429397661718,threshold,0.9806590658980489,1.309654664177436,1.0344282987630964,0.7030098608676136,0.6805343151830519
B_R,-0.05827031515277015,threshold,0.9747445635118019,1.3049020655145898,1.0344282987630964,0.7008272483967399,0.6705633584838115
B_R,-0.05477173555859894,threshold,0.9694121542161863,1.2999077870418594,1.0344282987630964,0.6991648756215643,0.6606056005003497
B_R,-0.05136249324618916,threshold,0.9624723568044115,1.2935058437221116,1.0344282987630964,0.6982979374828779,0.6506376869387439
B_R,-0.048045946968041875,threshold,0.9555385652132218,1.2856576328758678,1.0344282987630964,0.6960927893357578,0.6406611922384141
B_R,-0.04482445303706144,threshold,0.9490415623836386,1.2780875431862286,1.0344282987630964,0.6938444452601715,0.6306987847797322
B_R,-0.04141404959638856,threshold,0.9439154400328125,1.2753145262627283,1.0344282987630964,0.6924400827087923,0.6207351035506126
B_R,-0.038054855122474834,threshold,0.9390155337615838,1.2707418207146803,1.0344282987630964,0.6904494300291084,0.6107782165337011
B_R,-0.034944482499654844,threshold,0.9311005849498452,1.261002633738354,1.0344282987630964,0.6893517386671499,0.6008368607752029
B_R,-0.03163421606974461,threshold,0.9277158616363591,1.2558406673162419,1.0344282987630964,0.6884952482787934,0.5908746499979987
B_R,-0.02843712624819316,threshold,0.9227849285484503,1.2515348948417335,1.0344282987630964,0.6867809544205203,0.5809054652507216
B_R,-0.025187774002010718,threshold,0.9182447468911722,1.2462336256116444,1.0344282987630964,0.6848791068057075,0.5709617666766333
B_R,-0.02177308747369889,threshold,0.9132922894869457,1.2430688470715643,1.0344282987630964,0.6823628612748548,0.5610187330494556
B_R,-0.018539162378119433,threshold,0.9077699263316767,1.2380402792282759,1.0344282987630964,0.680794281064141,0.5510838106414924
B_R,-0.015484542843977179,threshold,0.9018501716888073,1.2305542111046108,1.0344282987630964,0.6792498229405405,0.5411535177206169
B_R,-0.012066059868981445,threshold,0.8965591836123578,1.226075659929581,1.0344282987630964,0.6785094744219188,0.5312155781255877
B_R,-0.008763050366950837,threshold,0.8924320556201589,1.222445575239522,1.0344282987630964,0.6773529947254453,0.521282465227601
B_R,-0.005263064470007197,threshold,0.8880122099855186,1.2172516336389898,1.0344282987630964,0.6760433860151533,0.5113429314138243
B_R,-0.0014838606316195328,threshold,0.8825707499654749,1.2104890549163811,1.0344282987630964,0.6743468122129277,0.5013878735541848
B_R,0.0,threshold,0.8799834098344196,1.206829765113088,1.0344282987630964,0.6741425568399094,0.4975508053119324
B_R,0.002448187739086342,threshold,0.8772153916990754,1.2024550232839515,1.0344282987630964,0.6732878986499097,0.49143949440193385
B_R,0.006346366586666327,threshold,0.8720023221069021,1.1971908626743448,1.0344282987630964,0.6722061405906952,0.48150118649998963
B_R,0.010600753721636366,threshold,0.8668315294716473,1.1903346274433606,1.0344282987630964,0.6710223244722003,0.47157002451960167
B_R,0.014659735550679223,threshold,0.8613294930962786,1.1856355157372667,1.0344282987630964,0.6683783524470254,0.4616272413851454
B_R,0.019304625892476484,threshold,0.8556765628769947,1.1775119982944078,1.0344282987630964,0.6675732938734079,0.4516947524116918
B_R,0.024334310205258367,threshold,0.8524067392315339,1.172300127708094,1.0344282987630964,0.6668930117226953,0.4417557859703922
B_R,0.029083752138546998,threshold,0.8492822044181448,1.1662670457914353,1.0344282987630964,0.6660780183779726,0.43181465242104916
B_R,0.03389424501947993,threshold,0.84355499140083,1.1585093413707843,1.0344282987630964,0.664209004077941,0.4218792005935212
B_R,0.03901077734099608,threshold,0.838943918399815,1.1501448183945375,1.0344282987630964,0.6638732477696392,0.4119438303374565
B_R,0.0444071411794059,threshold,0.8344192953356648,1.1452226540933022,1.0344282987630964,0.6626414624005026,0.40200484855451385
B_R,0.04964079854055855,threshold,0.8299562023302182,1.1393513470767436,1.0344282987630964,0.6623779260146475,0.39207140052791783
B_R,0.055440243239865995,threshold,0.8256905957948276,1.1316846227052721,1.0344282987630964,0.6618647571788532,0.3821273928054965
B_R,0.06124517339330242,threshold,0.8219462622260059,1.1276373337764707,1.0344282987630964,0.6601834428556009,0.3721788322515353
B_R,0.0676182494551093,threshold,0.8185976065983916,1.120328285043125,1.0344282987630964,0.6608724632151824,0.36224859859940794
B_R,0.07481160514968026,threshold,0.8161250832573925,1.1179144655982598,1.0344282987630964,0.6606826907762244,0.35231039472343245
B_R,0.08232070702748281,threshold,0.8104324569073075,1.110511522854961,1.0344282987630964,0.6606065187033685,0.34236889457056324
B_R,0.090750065715421,threshold,0.8068993131288704,1.103814933234931,1.0344282987630964,0.6601874643245849,0.3323717323299765
B_R,0.09915991244500862,threshold,0.8025447004656483,1.0980268192731788,1.0344282987630964,0.6586379031944481,0.3224697936300724
B_R,0.10893702139640635,threshold,0.7998977065701037,1.094197410791437,1.0344282987630964,0.6593852640534376,0.31251404847237024
B_R,0.1198783279086024,threshold,0.7983295531526208,1.0893937179540754,1.0344282987630964,0.660222087774592,0.3025311619873777
B_R,0.13372005560009556,threshold,0.7962440714726765,1.0800238560773923,1.0344282987630964,0.6627666940812909,0.29256179635910323
B_R,0.14788315680601288,threshold,0.7937749478750313,1.0742842043790677,1.0344282987630964,0.6635857326170287,0.28257008295002134
B_R,0.16336100932385147,threshold,0.7931625321252528,1.0692620607008776,1.0344282987630964,0.6661261867894934,0.2726051786142862
B_R,0.18355954958687645,threshold,0.7922444394452753,1.0650281686476573,1.0344282987630964,0.6671914003895852,0.2626101726933147
B_R,0.20527978851998385,threshold,0.7926400378409846,1.0632224643137689,1.0344282987630964,0.6697434537469409,0.25260020469196753
B_R,0.2303170130073916,threshold,0.7922174394722479,1.0592551509730077,1.0344282987630964,0.6721027377585357,0.24261191891079825
B_R,0.2564949140911372,threshold,0.7948718512597601,1.0591040434146337,1.0344282987630964,0.6768913720566033,0.2326028779440553
B_R,0.2876858513260993,threshold,0.797654050945631,1.0600993177800215,1.0344282987630964,0.6811169253129448,0.22258377648155916
B_R,0.3181682361384886,threshold,0.8006461510926274,1.057814351376738,1.0344282987630964,0.6869698044025379,0.21253453762199234
B_R,0.34930198787781125,threshold,0.8040197284846601,1.0540623538279088,1.0344282987630964,0.6949941413957847,0.202518797201275
B_R,0.3768250226581606,threshold,0.8096982263391553,1.0525250373071044,1.0344282987630964,0.704422782552208,0.19250043460806623
B_R,0.4077540668242847,threshold,0.8158821265931909,1.054667288109974,1.0344282987630964,0.7153386172209792,0.1824634948987145
B_R,0.44215179329345816,threshold,0.8219522670197051,1.051880720417298,1.0344282987630964,0.7263850007152373,0.17248474549661555
B_R,0.47442299043047864,threshold,0.828233442137665,1.0455726099213545,1.0344282987630964,0.738039421775522,0.1624951742567333
B_R,0.5053663270422007,threshold,0.8369350679192636,1.0437999489306715,1.0344282987630964,0.7516590078103953,0.15249688840684217
B_R,0.5378601910057178,threshold,0.8461420567746768,1.0426080292826505,1.0344282987630964,0.7660253857008938,0.14249780134473677
B_R,0.5711137600976688,threshold,0.8544374030715473,1.0394353759580102,1.0344282987630964,0.7797271711112236,0.13251724938545908
B_R,0.6068553321025849,threshold,0.8637360945515521,1.037231164120196,1.0344282987630964,0.7946065492734092,0.12252674056416753
B_R,0.650788473861694,threshold,0.8727042914562446,1.0362773731297212,1.0344282987630964,0.8083374884549783,0.11246485690239927
B_R,0.709482469924853,threshold,0.8812802542641718,1.035018485947044,1.0344282987630964,0.8217266916393057,0.10230656156119906
B_R,0.7543442081275725,threshold,0.891802318421874,1.0344862758972704,1.0344282987630964,0.8376486358541013,0.09208766219192353
B_R,0.7949643364231662,threshold,0.9027464332265213,1.0343314630923002,1.0344282987630964,0.8541358834267274,0.08181652164028091
B_R,0.82661629006536,threshold,0.9123102843723615,1.0344282987630964,1.0344282987630964,0.8684654265585421,0.07149527215041424
B_R,0.8509604975224137,threshold,0.924703924419981,1.0344282987630964,1.0344282987630964,0.8870558866299715,0.06129602466937803
B_R,0.8686216658715062,threshold,0.9350944038063566,1.0344282987630964,1.0344282987630964,0.9026416057095348,0.050944978051189284
B_R,0.8895389044132653,threshold,0.9491106862229297,1.0344282987630964,1.0344282987630964,0.9236660293343946,0.04070017040805881
B_R,0.9078867707317082,threshold,0.962580188821002,1.0344282987630964,1.0344282987630964,0.9438702832315032,0.03048469105803631
B_R,0.9269090941682756,threshold,0.972323796607232,1.0344282987630964,1.0344282987630964,0.958485694910848,0.020188373486503583
B_R,0.9481355216092385,threshold,0.9873184777454265,1.0344282987630964,1.0344282987630964,0.9809777166181397,0.00996707398702011
B_R,1.0558572394987344,threshold,1.0,1.0344282987630964,1.0344282987630964,1.0,0.0
B_R,,all,1.3454637095889137,1.8276388923435463,1.0344282987630964,0.8307427828191172,1.0
B_R,,keep,1.0,1.0344282987630964,1.0344282987630964,1.0,0.0
