key,fbig,calibration,arm,subset,n,weighted_delta
confirmation_seed701_fbig0.01_exch,0.01,exch,identity,base,17223,0.0
confirmation_seed701_fbig0.01_exch,0.01,exch,identity,big,237,0.0
confirmation_seed701_fbig0.01_exch,0.01,exch,identity,misfit,540,0.0
confirmation_seed701_fbig0.01_exch,0.01,exch,identity,twosheet_back,1000,0.0
confirmation_seed701_fbig0.01_exch,0.01,exch,identity,twosheet_front,1000,0.0
confirmation_seed701_fbig0.01_exch,0.01,exch,test_projection,base,17223,0.03671294385572614
confirmation_seed701_fbig0.01_exch,0.01,exch,test_projection,big,237,-0.03147543494347959
confirmation_seed701_fbig0.01_exch,0.01,exch,test_projection,misfit,540,0.0
confirmation_seed701_fbig0.01_exch,0.01,exch,test_projection,twosheet_back,1000,0.17887366278192227
confirmation_seed701_fbig0.01_exch,0.01,exch,test_projection,twosheet_front,1000,-0.00017971464412696122
confirmation_seed701_fbig0.01_exch,0.01,exch,test_veto_projection,base,17223,-0.003981345533142719
confirmation_seed701_fbig0.01_exch,0.01,exch,test_veto_projection,big,237,-0.01460608801159937
confirmation_seed701_fbig0.01_exch,0.01,exch,test_veto_projection,misfit,540,0.0
confirmation_seed701_fbig0.01_exch,0.01,exch,test_veto_projection,twosheet_back,1000,0.018891040630697443
confirmation_seed701_fbig0.01_exch,0.01,exch,test_veto_projection,twosheet_front,1000,-0.00028046987200618
confirmation_seed701_fbig0.01_exch,0.01,exch,anchor1_projection,base,17223,0.00250016498530833
confirmation_seed701_fbig0.01_exch,0.01,exch,anchor1_projection,big,237,-0.027242424255409084
confirmation_seed701_fbig0.01_exch,0.01,exch,anchor1_projection,misfit,540,0.0
confirmation_seed701_fbig0.01_exch,0.01,exch,anchor1_projection,twosheet_back,1000,0.04753494872965772
confirmation_seed701_fbig0.01_exch,0.01,exch,anchor1_projection,twosheet_front,1000,-0.00017971464412696122
confirmation_seed701_fbig0.01_exch,0.01,exch,anchor1_argmin,base,17223,0.009858017121756175
confirmation_seed701_fbig0.01_exch,0.01,exch,anchor1_argmin,big,237,-0.028685978208090854
confirmation_seed701_fbig0.01_exch,0.01,exch,anchor1_argmin,misfit,540,0.0
confirmation_seed701_fbig0.01_exch,0.01,exch,anchor1_argmin,twosheet_back,1000,0.05156363424439193
confirmation_seed701_fbig0.01_exch,0.01,exch,anchor1_argmin,twosheet_front,1000,0.00034286495979500537
confirmation_seed701_fbig0.01_exch,0.01,exch,anchor2_projection,base,17223,-0.0019091880951897593
confirmation_seed701_fbig0.01_exch,0.01,exch,anchor2_projection,big,237,-0.023332885794549604
confirmation_seed701_fbig0.01_exch,0.01,exch,anchor2_projection,misfit,540,0.0
confirmation_seed701_fbig0.01_exch,0.01,exch,anchor2_projection,twosheet_back,1000,0.031118524294262092
confirmation_seed701_fbig0.01_exch,0.01,exch,anchor2_projection,twosheet_front,1000,-0.00017971464412696122
confirmation_seed701_fbig0.01_sfm,0.01,sfm,identity,base,17223,0.0
confirmation_seed701_fbig0.01_sfm,0.01,sfm,identity,big,237,0.0
confirmation_seed701_fbig0.01_sfm,0.01,sfm,identity,misfit,540,0.0
confirmation_seed701_fbig0.01_sfm,0.01,sfm,identity,twosheet_back,1000,0.0
confirmation_seed701_fbig0.01_sfm,0.01,sfm,identity,twosheet_front,1000,0.0
confirmation_seed701_fbig0.01_sfm,0.01,sfm,test_projection,base,17223,0.3563102255302392
confirmation_seed701_fbig0.01_sfm,0.01,sfm,test_projection,big,237,-0.03656302201357641
confirmation_seed701_fbig0.01_sfm,0.01,sfm,test_projection,misfit,540,0.0
confirmation_seed701_fbig0.01_sfm,0.01,sfm,test_projection,twosheet_back,1000,0.22572235583918054
confirmation_seed701_fbig0.01_sfm,0.01,sfm,test_projection,twosheet_front,1000,0.009722756987814182
confirmation_seed701_fbig0.01_sfm,0.01,sfm,test_veto_projection,base,17223,-0.0069300493766224405
confirmation_seed701_fbig0.01_sfm,0.01,sfm,test_veto_projection,big,237,-0.014508154767149051
confirmation_seed701_fbig0.01_sfm,0.01,sfm,test_veto_projection,misfit,540,0.0
confirmation_seed701_fbig0.01_sfm,0.01,sfm,test_veto_projection,twosheet_back,1000,0.018979085987036213
confirmation_seed701_fbig0.01_sfm,0.01,sfm,test_veto_projection,twosheet_front,1000,-0.0004893900515615961
confirmation_seed701_fbig0.01_sfm,0.01,sfm,anchor1_projection,base,17223,0.1147740175797258
confirmation_seed701_fbig0.01_sfm,0.01,sfm,anchor1_projection,big,237,-0.03122573304367929
confirmation_seed701_fbig0.01_sfm,0.01,sfm,anchor1_projection,misfit,540,0.0
confirmation_seed701_fbig0.01_sfm,0.01,sfm,anchor1_projection,twosheet_back,1000,0.06989885051684526
confirmation_seed701_fbig0.01_sfm,0.01,sfm,anchor1_projection,twosheet_front,1000,0.004133541225349311
confirmation_seed701_fbig0.01_sfm,0.01,sfm,anchor1_argmin,base,17223,0.154586201218326
confirmation_seed701_fbig0.01_sfm,0.01,sfm,anchor1_argmin,big,237,-0.03191097231943284
confirmation_seed701_fbig0.01_sfm,0.01,sfm,anchor1_argmin,misfit,540,0.0
confirmation_seed701_fbig0.01_sfm,0.01,sfm,anchor1_argmin,twosheet_back,1000,0.07429536330659185
confirmation_seed701_fbig0.01_sfm,0.01,sfm,anchor1_argmin,twosheet_front,1000,0.006600847458375748
confirmation_seed701_fbig0.01_sfm,0.01,sfm,anchor2_projection,base,17223,0.04258191732460796
confirmation_seed701_fbig0.01_sfm,0.01,sfm,anchor2_projection,big,237,-0.024917996806245766
confirmation_seed701_fbig0.01_sfm,0.01,sfm,anchor2_projection,misfit,540,0.0
confirmation_seed701_fbig0.01_sfm,0.01,sfm,anchor2_projection,twosheet_back,1000,0.039515922816369536
confirmation_seed701_fbig0.01_sfm,0.01,sfm,anchor2_projection,twosheet_front,1000,0.001422796979325782
confirmation_seed701_fbig0.10_exch,0.1,exch,identity,base,15451,0.0
confirmation_seed701_fbig0.10_exch,0.1,exch,identity,big,2009,0.0
confirmation_seed701_fbig0.10_exch,0.1,exch,identity,misfit,540,0.0
confirmation_seed701_fbig0.10_exch,0.1,exch,identity,twosheet_back,1000,0.0
confirmation_seed701_fbig0.10_exch,0.1,exch,identity,twosheet_front,1000,0.0
confirmation_seed701_fbig0.10_exch,0.1,exch,test_projection,base,15451,0.048475304037300895
confirmation_seed701_fbig0.10_exch,0.1,exch,test_projection,big,2009,-0.27427660769002143
confirmation_seed701_fbig0.10_exch,0.1,exch,test_projection,misfit,540,0.0
confirmation_seed701_fbig0.10_exch,0.1,exch,test_projection,twosheet_back,1000,0.17136970187883482
confirmation_seed701_fbig0.10_exch,0.1,exch,test_projection,twosheet_front,1000,-6.749880289393513e-05
confirmation_seed701_fbig0.10_exch,0.1,exch,test_veto_projection,base,15451,-0.004169401567372564
confirmation_seed701_fbig0.10_exch,0.1,exch,test_veto_projection,big,2009,-0.13367627711075467
confirmation_seed701_fbig0.10_exch,0.1,exch,test_veto_projection,misfit,540,0.0
confirmation_seed701_fbig0.10_exch,0.1,exch,test_veto_projection,twosheet_back,1000,0.02403452760888725
confirmation_seed701_fbig0.10_exch,0.1,exch,test_veto_projection,twosheet_front,1000,-0.0003477112626296896
confirmation_seed701_fbig0.10_exch,0.1,exch,anchor1_projection,base,15451,0.002465842605814757
confirmation_seed701_fbig0.10_exch,0.1,exch,anchor1_projection,big,2009,-0.24183763270714945
confirmation_seed701_fbig0.10_exch,0.1,exch,anchor1_projection,misfit,540,0.0
confirmation_seed701_fbig0.10_exch,0.1,exch,anchor1_projection,twosheet_back,1000,0.04786345351444815
confirmation_seed701_fbig0.10_exch,0.1,exch,anchor1_projection,twosheet_front,1000,-0.00041998378346863683
confirmation_seed701_fbig0.10_exch,0.1,exch,anchor1_argmin,base,15451,0.009235561889244171
confirmation_seed701_fbig0.10_exch,0.1,exch,anchor1_argmin,big,2009,-0.25387865044759267
confirmation_seed701_fbig0.10_exch,0.1,exch,anchor1_argmin,misfit,540,0.0
confirmation_seed701_fbig0.10_exch,0.1,exch,anchor1_argmin,twosheet_back,1000,0.05165175969127154
confirmation_seed701_fbig0.10_exch,0.1,exch,anchor1_argmin,twosheet_front,1000,-8.632818154969539e-05
confirmation_seed701_fbig0.10_exch,0.1,exch,anchor2_projection,base,15451,-0.0014816244314656978
confirmation_seed701_fbig0.10_exch,0.1,exch,anchor2_projection,big,2009,-0.20899229989084953
confirmation_seed701_fbig0.10_exch,0.1,exch,anchor2_projection,misfit,540,0.0
confirmation_seed701_fbig0.10_exch,0.1,exch,anchor2_projection,twosheet_back,1000,0.03491230870381797
confirmation_seed701_fbig0.10_exch,0.1,exch,anchor2_projection,twosheet_front,1000,-0.00041998378346863683
confirmation_seed701_fbig0.10_sfm,0.1,sfm,identity,base,15451,0.0
confirmation_seed701_fbig0.10_sfm,0.1,sfm,identity,big,2009,0.0
confirmation_seed701_fbig0.10_sfm,0.1,sfm,identity,misfit,540,0.0
confirmation_seed701_fbig0.10_sfm,0.1,sfm,identity,twosheet_back,1000,0.0
confirmation_seed701_fbig0.10_sfm,0.1,sfm,identity,twosheet_front,1000,0.0
confirmation_seed701_fbig0.10_sfm,0.1,sfm,test_projection,base,15451,0.31004160121386365
confirmation_seed701_fbig0.10_sfm,0.1,sfm,test_projection,big,2009,-0.31373168204922475
confirmation_seed701_fbig0.10_sfm,0.1,sfm,test_projection,misfit,540,0.0
confirmation_seed701_fbig0.10_sfm,0.1,sfm,test_projection,twosheet_back,1000,0.22129368395234023
confirmation_seed701_fbig0.10_sfm,0.1,sfm,test_projection,twosheet_front,1000,0.012993586993960119
confirmation_seed701_fbig0.10_sfm,0.1,sfm,test_veto_projection,base,15451,-0.007053115247684931
confirmation_seed701_fbig0.10_sfm,0.1,sfm,test_veto_projection,big,2009,-0.13331915019307988
confirmation_seed701_fbig0.10_sfm,0.1,sfm,test_veto_projection,misfit,540,0.0
confirmation_seed701_fbig0.10_sfm,0.1,sfm,test_veto_projection,twosheet_back,1000,0.023788625480789315
confirmation_seed701_fbig0.10_sfm,0.1,sfm,test_veto_projection,twosheet_front,1000,-0.0005339245144554014
confirmation_seed701_fbig0.10_sfm,0.1,sfm,anchor1_projection,base,15451,0.10311836155708293
confirmation_seed701_fbig0.10_sfm,0.1,sfm,anchor1_projection,big,2009,-0.26439429671342785
confirmation_seed701_fbig0.10_sfm,0.1,sfm,anchor1_projection,misfit,540,0.0
confirmation_seed701_fbig0.10_sfm,0.1,sfm,anchor1_projection,twosheet_back,1000,0.06807296450520907
confirmation_seed701_fbig0.10_sfm,0.1,sfm,anchor1_projection,twosheet_front,1000,0.004119144950109624
confirmation_seed701_fbig0.10_sfm,0.1,sfm,anchor1_argmin,base,15451,0.13945203505268294
confirmation_seed701_fbig0.10_sfm,0.1,sfm,anchor1_argmin,big,2009,-0.2708937700469135
confirmation_seed701_fbig0.10_sfm,0.1,sfm,anchor1_argmin,misfit,540,0.0
confirmation_seed701_fbig0.10_sfm,0.1,sfm,anchor1_argmin,twosheet_back,1000,0.07220404483705291
confirmation_seed701_fbig0.10_sfm,0.1,sfm,anchor1_argmin,twosheet_front,1000,0.006406277014391179
confirmation_seed701_fbig0.10_sfm,0.1,sfm,anchor2_projection,base,15451,0.038496719465041726
confirmation_seed701_fbig0.10_sfm,0.1,sfm,anchor2_projection,big,2009,-0.22390396911864446
confirmation_seed701_fbig0.10_sfm,0.1,sfm,anchor2_projection,misfit,540,0.0
confirmation_seed701_fbig0.10_sfm,0.1,sfm,anchor2_projection,twosheet_back,1000,0.043942504177067056
confirmation_seed701_fbig0.10_sfm,0.1,sfm,anchor2_projection,twosheet_front,1000,0.0019313113893217565
confirmation_seed702_fbig0.01_exch,0.01,exch,identity,base,17269,0.0
confirmation_seed702_fbig0.01_exch,0.01,exch,identity,big,191,0.0
confirmation_seed702_fbig0.01_exch,0.01,exch,identity,misfit,540,0.0
confirmation_seed702_fbig0.01_exch,0.01,exch,identity,twosheet_back,1000,0.0
confirmation_seed702_fbig0.01_exch,0.01,exch,identity,twosheet_front,1000,0.0
confirmation_seed702_fbig0.01_exch,0.01,exch,test_projection,base,17269,0.04729869226139976
confirmation_seed702_fbig0.01_exch,0.01,exch,test_projection,big,191,-0.027111388990472666
confirmation_seed702_fbig0.01_exch,0.01,exch,test_projection,misfit,540,0.0
confirmation_seed702_fbig0.01_exch,0.01,exch,test_projection,twosheet_back,1000,0.17222235021041984
confirmation_seed702_fbig0.01_exch,0.01,exch,test_projection,twosheet_front,1000,0.00040902869941948666
confirmation_seed702_fbig0.01_exch,0.01,exch,test_veto_projection,base,17269,-0.00423665147484881
confirmation_seed702_fbig0.01_exch,0.01,exch,test_veto_projection,big,191,-0.012191769310905551
confirmation_seed702_fbig0.01_exch,0.01,exch,test_veto_projection,misfit,540,0.0
confirmation_seed702_fbig0.01_exch,0.01,exch,test_veto_projection,twosheet_back,1000,0.022359388636236356
confirmation_seed702_fbig0.01_exch,0.01,exch,test_veto_projection,twosheet_front,1000,-0.00021056997939021454
confirmation_seed702_fbig0.01_exch,0.01,exch,anchor1_projection,base,17269,0.005762043374287416
confirmation_seed702_fbig0.01_exch,0.01,exch,anchor1_projection,big,191,-0.02128504039358034
confirmation_seed702_fbig0.01_exch,0.01,exch,anchor1_projection,misfit,540,0.0
confirmation_seed702_fbig0.01_exch,0.01,exch,anchor1_projection,twosheet_back,1000,0.049179941182755135
confirmation_seed702_fbig0.01_exch,0.01,exch,anchor1_projection,twosheet_front,1000,0.00040902869941948666
confirmation_seed702_fbig0.01_exch,0.01,exch,anchor1_argmin,base,17269,0.013290558850152154
confirmation_seed702_fbig0.01_exch,0.01,exch,anchor1_argmin,big,191,-0.02229609528439476
confirmation_seed702_fbig0.01_exch,0.01,exch,anchor1_argmin,misfit,540,0.0
confirmation_seed702_fbig0.01_exch,0.01,exch,anchor1_argmin,twosheet_back,1000,0.053237136847566126
confirmation_seed702_fbig0.01_exch,0.01,exch,anchor1_argmin,twosheet_front,1000,0.0007089822208857183
confirmation_seed702_fbig0.01_exch,0.01,exch,anchor2_projection,base,17269,-0.0007388516306063332
confirmation_seed702_fbig0.01_exch,0.01,exch,anchor2_projection,big,191,-0.01963985814217369
confirmation_seed702_fbig0.01_exch,0.01,exch,anchor2_projection,misfit,540,0.0
confirmation_seed702_fbig0.01_exch,0.01,exch,anchor2_projection,twosheet_back,1000,0.03335016045916121
confirmation_seed702_fbig0.01_exch,0.01,exch,anchor2_projection,twosheet_front,1000,0.00040902869941948666
confirmation_seed702_fbig0.01_sfm,0.01,sfm,identity,base,17269,0.0
confirmation_seed702_fbig0.01_sfm,0.01,sfm,identity,big,191,0.0
confirmation_seed702_fbig0.01_sfm,0.01,sfm,identity,misfit,540,0.0
confirmation_seed702_fbig0.01_sfm,0.01,sfm,identity,twosheet_back,1000,0.0
confirmation_seed702_fbig0.01_sfm,0.01,sfm,identity,twosheet_front,1000,0.0
confirmation_seed702_fbig0.01_sfm,0.01,sfm,test_projection,base,17269,0.3436327607741946
confirmation_seed702_fbig0.01_sfm,0.01,sfm,test_projection,big,191,-0.03137873591426061
confirmation_seed702_fbig0.01_sfm,0.01,sfm,test_projection,misfit,540,0.0
confirmation_seed702_fbig0.01_sfm,0.01,sfm,test_projection,twosheet_back,1000,0.22713538785094206
confirmation_seed702_fbig0.01_sfm,0.01,sfm,test_projection,twosheet_front,1000,0.015391490838330753
confirmation_seed702_fbig0.01_sfm,0.01,sfm,test_veto_projection,base,17269,-0.00763821209427538
confirmation_seed702_fbig0.01_sfm,0.01,sfm,test_veto_projection,big,191,-0.012056406107435339
confirmation_seed702_fbig0.01_sfm,0.01,sfm,test_veto_projection,misfit,540,0.0
confirmation_seed702_fbig0.01_sfm,0.01,sfm,test_veto_projection,twosheet_back,1000,0.02264114378068061
confirmation_seed702_fbig0.01_sfm,0.01,sfm,test_veto_projection,twosheet_front,1000,-0.0005092187681778453
confirmation_seed702_fbig0.01_sfm,0.01,sfm,anchor1_projection,base,17269,0.10460886017321988
confirmation_seed702_fbig0.01_sfm,0.01,sfm,anchor1_projection,big,191,-0.02386507804239359
confirmation_seed702_fbig0.01_sfm,0.01,sfm,anchor1_projection,misfit,540,0.0
confirmation_seed702_fbig0.01_sfm,0.01,sfm,anchor1_projection,twosheet_back,1000,0.0719120182627354
confirmation_seed702_fbig0.01_sfm,0.01,sfm,anchor1_projection,twosheet_front,1000,0.007905030957850175
confirmation_seed702_fbig0.01_sfm,0.01,sfm,anchor1_argmin,base,17269,0.14597333083934608
confirmation_seed702_fbig0.01_sfm,0.01,sfm,anchor1_argmin,big,191,-0.024441560685351877
confirmation_seed702_fbig0.01_sfm,0.01,sfm,anchor1_argmin,misfit,540,0.0
confirmation_seed702_fbig0.01_sfm,0.01,sfm,anchor1_argmin,twosheet_back,1000,0.07629381617585018
confirmation_seed702_fbig0.01_sfm,0.01,sfm,anchor1_argmin,twosheet_front,1000,0.010232724482740303
confirmation_seed702_fbig0.01_sfm,0.01,sfm,anchor2_projection,base,17269,0.04202838550634007
confirmation_seed702_fbig0.01_sfm,0.01,sfm,anchor2_projection,big,191,-0.021025555568629783
confirmation_seed702_fbig0.01_sfm,0.01,sfm,anchor2_projection,misfit,540,0.0
confirmation_seed702_fbig0.01_sfm,0.01,sfm,anchor2_projection,twosheet_back,1000,0.043412903680043004
confirmation_seed702_fbig0.01_sfm,0.01,sfm,anchor2_projection,twosheet_front,1000,0.004639209141289943
confirmation_seed702_fbig0.10_exch,0.1,exch,identity,base,15425,0.0
confirmation_seed702_fbig0.10_exch,0.1,exch,identity,big,2035,0.0
confirmation_seed702_fbig0.10_exch,0.1,exch,identity,misfit,540,0.0
confirmation_seed702_fbig0.10_exch,0.1,exch,identity,twosheet_back,1000,0.0
confirmation_seed702_fbig0.10_exch,0.1,exch,identity,twosheet_front,1000,0.0
confirmation_seed702_fbig0.10_exch,0.1,exch,test_projection,base,15425,0.019221862474627
confirmation_seed702_fbig0.10_exch,0.1,exch,test_projection,big,2035,-0.2823461353687424
confirmation_seed702_fbig0.10_exch,0.1,exch,test_projection,misfit,540,0.0
confirmation_seed702_fbig0.10_exch,0.1,exch,test_projection,twosheet_back,1000,0.16738834017906767
confirmation_seed702_fbig0.10_exch,0.1,exch,test_projection,twosheet_front,1000,0.00018641857529605148
confirmation_seed702_fbig0.10_exch,0.1,exch,test_veto_projection,base,15425,-0.0026195735425572175
confirmation_seed702_fbig0.10_exch,0.1,exch,test_veto_projection,big,2035,-0.1443416536811886
confirmation_seed702_fbig0.10_exch,0.1,exch,test_veto_projection,misfit,540,0.0
confirmation_seed702_fbig0.10_exch,0.1,exch,test_veto_projection,twosheet_back,1000,0.023164956454100247
confirmation_seed702_fbig0.10_exch,0.1,exch,test_veto_projection,twosheet_front,1000,-0.00016029734324151025
confirmation_seed702_fbig0.10_exch,0.1,exch,anchor1_projection,base,15425,0.0014598031126073611
confirmation_seed702_fbig0.10_exch,0.1,exch,anchor1_projection,big,2035,-0.25029266860914734
confirmation_seed702_fbig0.10_exch,0.1,exch,anchor1_projection,misfit,540,0.0
confirmation_seed702_fbig0.10_exch,0.1,exch,anchor1_projection,twosheet_back,1000,0.048351255711805825
confirmation_seed702_fbig0.10_exch,0.1,exch,anchor1_projection,twosheet_front,1000,0.00018641857529605148
confirmation_seed702_fbig0.10_exch,0.1,exch,anchor1_argmin,base,15425,0.005196931587552554
confirmation_seed702_fbig0.10_exch,0.1,exch,anchor1_argmin,big,2035,-0.2641121883342995
confirmation_seed702_fbig0.10_exch,0.1,exch,anchor1_argmin,misfit,540,0.0
confirmation_seed702_fbig0.10_exch,0.1,exch,anchor1_argmin,twosheet_back,1000,0.05278970503052738
confirmation_seed702_fbig0.10_exch,0.1,exch,anchor1_argmin,twosheet_front,1000,0.0004317830418338019
confirmation_seed702_fbig0.10_exch,0.1,exch,anchor2_projection,base,15425,-0.0013353866240868836
confirmation_seed702_fbig0.10_exch,0.1,exch,anchor2_projection,big,2035,-0.2251715756874356
confirmation_seed702_fbig0.10_exch,0.1,exch,anchor2_projection,misfit,540,0.0
confirmation_seed702_fbig0.10_exch,0.1,exch,anchor2_projection,twosheet_back,1000,0.035377407345632154
confirmation_seed702_fbig0.10_exch,0.1,exch,anchor2_projection,twosheet_front,1000,-0.0001960736856715255
confirmation_seed702_fbig0.10_sfm,0.1,sfm,identity,base,15425,0.0
confirmation_seed702_fbig0.10_sfm,0.1,sfm,identity,big,2035,0.0
confirmation_seed702_fbig0.10_sfm,0.1,sfm,identity,misfit,540,0.0
confirmation_seed702_fbig0.10_sfm,0.1,sfm,identity,twosheet_back,1000,0.0
confirmation_seed702_fbig0.10_sfm,0.1,sfm,identity,twosheet_front,1000,0.0
confirmation_seed702_fbig0.10_sfm,0.1,sfm,test_projection,base,15425,0.29841497382124926
confirmation_seed702_fbig0.10_sfm,0.1,sfm,test_projection,big,2035,-0.3267136282086911
confirmation_seed702_fbig0.10_sfm,0.1,sfm,test_projection,misfit,540,0.0
confirmation_seed702_fbig0.10_sfm,0.1,sfm,test_projection,twosheet_back,1000,0.21276081077685868
confirmation_seed702_fbig0.10_sfm,0.1,sfm,test_projection,twosheet_front,1000,0.014875324467412833
confirmation_seed702_fbig0.10_sfm,0.1,sfm,test_veto_projection,base,15425,-0.006791461583239766
confirmation_seed702_fbig0.10_sfm,0.1,sfm,test_veto_projection,big,2035,-0.14101556260665224
confirmation_seed702_fbig0.10_sfm,0.1,sfm,test_veto_projection,misfit,540,0.0
confirmation_seed702_fbig0.10_sfm,0.1,sfm,test_veto_projection,twosheet_back,1000,0.023022455022500814
confirmation_seed702_fbig0.10_sfm,0.1,sfm,test_veto_projection,twosheet_front,1000,-0.0005620142094860697
confirmation_seed702_fbig0.10_sfm,0.1,sfm,anchor1_projection,base,15425,0.0924591742032227
confirmation_seed702_fbig0.10_sfm,0.1,sfm,anchor1_projection,big,2035,-0.27490653837868795
confirmation_seed702_fbig0.10_sfm,0.1,sfm,anchor1_projection,misfit,540,0.0
confirmation_seed702_fbig0.10_sfm,0.1,sfm,anchor1_projection,twosheet_back,1000,0.0670048569088674
confirmation_seed702_fbig0.10_sfm,0.1,sfm,anchor1_projection,twosheet_front,1000,0.004929095024196858
confirmation_seed702_fbig0.10_sfm,0.1,sfm,anchor1_argmin,base,15425,0.1265648998627928
confirmation_seed702_fbig0.10_sfm,0.1,sfm,anchor1_argmin,big,2035,-0.28118245796443
confirmation_seed702_fbig0.10_sfm,0.1,sfm,anchor1_argmin,misfit,540,0.0
confirmation_seed702_fbig0.10_sfm,0.1,sfm,anchor1_argmin,twosheet_back,1000,0.07118926640967069
confirmation_seed702_fbig0.10_sfm,0.1,sfm,anchor1_argmin,twosheet_front,1000,0.00719304950647212
confirmation_seed702_fbig0.10_sfm,0.1,sfm,anchor2_projection,base,15425,0.039497754353779044
confirmation_seed702_fbig0.10_sfm,0.1,sfm,anchor2_projection,big,2035,-0.2385780350959464
confirmation_seed702_fbig0.10_sfm,0.1,sfm,anchor2_projection,misfit,540,0.0
confirmation_seed702_fbig0.10_sfm,0.1,sfm,anchor2_projection,twosheet_back,1000,0.043151126449538404
confirmation_seed702_fbig0.10_sfm,0.1,sfm,anchor2_projection,twosheet_front,1000,0.001221170019043907
confirmation_seed703_fbig0.01_exch,0.01,exch,identity,base,17266,0.0
confirmation_seed703_fbig0.01_exch,0.01,exch,identity,big,194,0.0
confirmation_seed703_fbig0.01_exch,0.01,exch,identity,misfit,540,0.0
confirmation_seed703_fbig0.01_exch,0.01,exch,identity,twosheet_back,1000,0.0
confirmation_seed703_fbig0.01_exch,0.01,exch,identity,twosheet_front,1000,0.0
confirmation_seed703_fbig0.01_exch,0.01,exch,test_projection,base,17266,0.034420811314140085
confirmation_seed703_fbig0.01_exch,0.01,exch,test_projection,big,194,-0.026336613287603693
confirmation_seed703_fbig0.01_exch,0.01,exch,test_projection,misfit,540,0.0
confirmation_seed703_fbig0.01_exch,0.01,exch,test_projection,twosheet_back,1000,0.17047997628694841
confirmation_seed703_fbig0.01_exch,0.01,exch,test_projection,twosheet_front,1000,0.000306006980610643
confirmation_seed703_fbig0.01_exch,0.01,exch,test_veto_projection,base,17266,-0.00481311663803373
confirmation_seed703_fbig0.01_exch,0.01,exch,test_veto_projection,big,194,-0.014162473383472181
confirmation_seed703_fbig0.01_exch,0.01,exch,test_veto_projection,misfit,540,0.0
confirmation_seed703_fbig0.01_exch,0.01,exch,test_veto_projection,twosheet_back,1000,0.01964268591152202
confirmation_seed703_fbig0.01_exch,0.01,exch,test_veto_projection,twosheet_front,1000,-0.0002923161638312537
confirmation_seed703_fbig0.01_exch,0.01,exch,anchor1_projection,base,17266,-0.000875033692134167
confirmation_seed703_fbig0.01_exch,0.01,exch,anchor1_projection,big,194,-0.023761309401129995
confirmation_seed703_fbig0.01_exch,0.01,exch,anchor1_projection,misfit,540,0.0
confirmation_seed703_fbig0.01_exch,0.01,exch,anchor1_projection,twosheet_back,1000,0.04689966786017959
confirmation_seed703_fbig0.01_exch,0.01,exch,anchor1_projection,twosheet_front,1000,-2.5883128949442114e-07
confirmation_seed703_fbig0.01_exch,0.01,exch,anchor1_argmin,base,17266,0.005347393944424361
confirmation_seed703_fbig0.01_exch,0.01,exch,anchor1_argmin,big,194,-0.024885160685905475
confirmation_seed703_fbig0.01_exch,0.01,exch,anchor1_argmin,misfit,540,0.0
confirmation_seed703_fbig0.01_exch,0.01,exch,anchor1_argmin,twosheet_back,1000,0.05114656232359253
confirmation_seed703_fbig0.01_exch,0.01,exch,anchor1_argmin,twosheet_front,1000,0.000408372236013677
confirmation_seed703_fbig0.01_exch,0.01,exch,anchor2_projection,base,17266,-0.0032708866832960146
confirmation_seed703_fbig0.01_exch,0.01,exch,anchor2_projection,big,194,-0.021357444416821175
confirmation_seed703_fbig0.01_exch,0.01,exch,anchor2_projection,misfit,540,0.0
confirmation_seed703_fbig0.01_exch,0.01,exch,anchor2_projection,twosheet_back,1000,0.031331324750841404
confirmation_seed703_fbig0.01_exch,0.01,exch,anchor2_projection,twosheet_front,1000,-4.5254116566998733e-05
confirmation_seed703_fbig0.01_sfm,0.01,sfm,identity,base,17266,0.0
confirmation_seed703_fbig0.01_sfm,0.01,sfm,identity,big,194,0.0
confirmation_seed703_fbig0.01_sfm,0.01,sfm,identity,misfit,540,0.0
confirmation_seed703_fbig0.01_sfm,0.01,sfm,identity,twosheet_back,1000,0.0
confirmation_seed703_fbig0.01_sfm,0.01,sfm,identity,twosheet_front,1000,0.0
confirmation_seed703_fbig0.01_sfm,0.01,sfm,test_projection,base,17266,0.35808800092025994
confirmation_seed703_fbig0.01_sfm,0.01,sfm,test_projection,big,194,-0.031460421646116184
confirmation_seed703_fbig0.01_sfm,0.01,sfm,test_projection,misfit,540,0.0
confirmation_seed703_fbig0.01_sfm,0.01,sfm,test_projection,twosheet_back,1000,0.2234433713164999
confirmation_seed703_fbig0.01_sfm,0.01,sfm,test_projection,twosheet_front,1000,0.012264657502578095
confirmation_seed703_fbig0.01_sfm,0.01,sfm,test_veto_projection,base,17266,-0.006350308578744807
confirmation_seed703_fbig0.01_sfm,0.01,sfm,test_veto_projection,big,194,-0.014289419572781622
confirmation_seed703_fbig0.01_sfm,0.01,sfm,test_veto_projection,misfit,540,0.0
confirmation_seed703_fbig0.01_sfm,0.01,sfm,test_veto_projection,twosheet_back,1000,0.019106330578374082
confirmation_seed703_fbig0.01_sfm,0.01,sfm,test_veto_projection,twosheet_front,1000,-0.0005128269958419649
confirmation_seed703_fbig0.01_sfm,0.01,sfm,anchor1_projection,base,17266,0.11902426873355221
confirmation_seed703_fbig0.01_sfm,0.01,sfm,anchor1_projection,big,194,-0.026976657019006645
confirmation_seed703_fbig0.01_sfm,0.01,sfm,anchor1_projection,misfit,540,0.0
confirmation_seed703_fbig0.01_sfm,0.01,sfm,anchor1_projection,twosheet_back,1000,0.06472166239904403
confirmation_seed703_fbig0.01_sfm,0.01,sfm,anchor1_projection,twosheet_front,1000,0.0050734450041498135
confirmation_seed703_fbig0.01_sfm,0.01,sfm,anchor1_argmin,base,17266,0.16003706152835717
confirmation_seed703_fbig0.01_sfm,0.01,sfm,anchor1_argmin,big,194,-0.027405852863188487
confirmation_seed703_fbig0.01_sfm,0.01,sfm,anchor1_argmin,misfit,540,0.0
confirmation_seed703_fbig0.01_sfm,0.01,sfm,anchor1_argmin,twosheet_back,1000,0.0683051086524038
confirmation_seed703_fbig0.01_sfm,0.01,sfm,anchor1_argmin,twosheet_front,1000,0.007279246513539131
confirmation_seed703_fbig0.01_sfm,0.01,sfm,anchor2_projection,base,17266,0.05121154567912507
confirmation_seed703_fbig0.01_sfm,0.01,sfm,anchor2_projection,big,194,-0.022353918637664602
confirmation_seed703_fbig0.01_sfm,0.01,sfm,anchor2_projection,misfit,540,0.0
confirmation_seed703_fbig0.01_sfm,0.01,sfm,anchor2_projection,twosheet_back,1000,0.03840413788106951
confirmation_seed703_fbig0.01_sfm,0.01,sfm,anchor2_projection,twosheet_front,1000,0.002510633106254774
confirmation_seed703_fbig0.10_exch,0.1,exch,identity,base,15450,0.0
confirmation_seed703_fbig0.10_exch,0.1,exch,identity,big,2010,0.0
confirmation_seed703_fbig0.10_exch,0.1,exch,identity,misfit,540,0.0
confirmation_seed703_fbig0.10_exch,0.1,exch,identity,twosheet_back,1000,0.0
confirmation_seed703_fbig0.10_exch,0.1,exch,identity,twosheet_front,1000,0.0
confirmation_seed703_fbig0.10_exch,0.1,exch,test_projection,base,15450,0.035406355733966985
confirmation_seed703_fbig0.10_exch,0.1,exch,test_projection,big,2010,-0.27525578030839903
confirmation_seed703_fbig0.10_exch,0.1,exch,test_projection,misfit,540,0.0
confirmation_seed703_fbig0.10_exch,0.1,exch,test_projection,twosheet_back,1000,0.1778680227469732
confirmation_seed703_fbig0.10_exch,0.1,exch,test_projection,twosheet_front,1000,5.506598614475473e-05
confirmation_seed703_fbig0.10_exch,0.1,exch,test_veto_projection,base,15450,-0.0039936654026101505
confirmation_seed703_fbig0.10_exch,0.1,exch,test_veto_projection,big,2010,-0.1419949492953874
confirmation_seed703_fbig0.10_exch,0.1,exch,test_veto_projection,misfit,540,0.0
confirmation_seed703_fbig0.10_exch,0.1,exch,test_veto_projection,twosheet_back,1000,0.02162163028447444
confirmation_seed703_fbig0.10_exch,0.1,exch,test_veto_projection,twosheet_front,1000,-0.00036437436425262664
confirmation_seed703_fbig0.10_exch,0.1,exch,anchor1_projection,base,15450,0.002607016911845719
confirmation_seed703_fbig0.10_exch,0.1,exch,anchor1_projection,big,2010,-0.24120198111200156
confirmation_seed703_fbig0.10_exch,0.1,exch,anchor1_projection,misfit,540,0.0
confirmation_seed703_fbig0.10_exch,0.1,exch,anchor1_projection,twosheet_back,1000,0.052247721444745016
confirmation_seed703_fbig0.10_exch,0.1,exch,anchor1_projection,twosheet_front,1000,5.506598614475473e-05
confirmation_seed703_fbig0.10_exch,0.1,exch,anchor1_argmin,base,15450,0.009648924602153613
confirmation_seed703_fbig0.10_exch,0.1,exch,anchor1_argmin,big,2010,-0.25326823497626144
confirmation_seed703_fbig0.10_exch,0.1,exch,anchor1_argmin,misfit,540,0.0
confirmation_seed703_fbig0.10_exch,0.1,exch,anchor1_argmin,twosheet_back,1000,0.05666629826698942
confirmation_seed703_fbig0.10_exch,0.1,exch,anchor1_argmin,twosheet_front,1000,0.0005262544351223139
confirmation_seed703_fbig0.10_exch,0.1,exch,anchor2_projection,base,15450,-0.0008492999448743738
confirmation_seed703_fbig0.10_exch,0.1,exch,anchor2_projection,big,2010,-0.21826817687631914
confirmation_seed703_fbig0.10_exch,0.1,exch,anchor2_projection,misfit,540,0.0
confirmation_seed703_fbig0.10_exch,0.1,exch,anchor2_projection,twosheet_back,1000,0.03599461104842112
confirmation_seed703_fbig0.10_exch,0.1,exch,anchor2_projection,twosheet_front,1000,-0.00043815410511728413
confirmation_seed703_fbig0.10_sfm,0.1,sfm,identity,base,15450,0.0
confirmation_seed703_fbig0.10_sfm,0.1,sfm,identity,big,2010,0.0
confirmation_seed703_fbig0.10_sfm,0.1,sfm,identity,misfit,540,0.0
confirmation_seed703_fbig0.10_sfm,0.1,sfm,identity,twosheet_back,1000,0.0
confirmation_seed703_fbig0.10_sfm,0.1,sfm,identity,twosheet_front,1000,0.0
confirmation_seed703_fbig0.10_sfm,0.1,sfm,test_projection,base,15450,0.3036014828452512
confirmation_seed703_fbig0.10_sfm,0.1,sfm,test_projection,big,2010,-0.32820468072164255
confirmation_seed703_fbig0.10_sfm,0.1,sfm,test_projection,misfit,540,0.0
confirmation_seed703_fbig0.10_sfm,0.1,sfm,test_projection,twosheet_back,1000,0.22346698677911403
confirmation_seed703_fbig0.10_sfm,0.1,sfm,test_projection,twosheet_front,1000,0.013255347036569587
confirmation_seed703_fbig0.10_sfm,0.1,sfm,test_veto_projection,base,15450,-0.00465767623177025
confirmation_seed703_fbig0.10_sfm,0.1,sfm,test_veto_projection,big,2010,-0.140820482755022
confirmation_seed703_fbig0.10_sfm,0.1,sfm,test_veto_projection,misfit,540,0.0
confirmation_seed703_fbig0.10_sfm,0.1,sfm,test_veto_projection,twosheet_back,1000,0.02184959208225785
confirmation_seed703_fbig0.10_sfm,0.1,sfm,test_veto_projection,twosheet_front,1000,-0.0005933148899243747
confirmation_seed703_fbig0.10_sfm,0.1,sfm,anchor1_projection,base,15450,0.09776389139320367
confirmation_seed703_fbig0.10_sfm,0.1,sfm,anchor1_projection,big,2010,-0.2722391935922276
confirmation_seed703_fbig0.10_sfm,0.1,sfm,anchor1_projection,misfit,540,0.0
confirmation_seed703_fbig0.10_sfm,0.1,sfm,anchor1_projection,twosheet_back,1000,0.06853562229847066
confirmation_seed703_fbig0.10_sfm,0.1,sfm,anchor1_projection,twosheet_front,1000,0.006274523510806594
confirmation_seed703_fbig0.10_sfm,0.1,sfm,anchor1_argmin,base,15450,0.13531744709965673
confirmation_seed703_fbig0.10_sfm,0.1,sfm,anchor1_argmin,big,2010,-0.27964021624786617
confirmation_seed703_fbig0.10_sfm,0.1,sfm,anchor1_argmin,misfit,540,0.0
confirmation_seed703_fbig0.10_sfm,0.1,sfm,anchor1_argmin,twosheet_back,1000,0.07283115680353644
confirmation_seed703_fbig0.10_sfm,0.1,sfm,anchor1_argmin,twosheet_front,1000,0.008799345999311297
confirmation_seed703_fbig0.10_sfm,0.1,sfm,anchor2_projection,base,15450,0.04310570471884824
confirmation_seed703_fbig0.10_sfm,0.1,sfm,anchor2_projection,big,2010,-0.2361343641697752
confirmation_seed703_fbig0.10_sfm,0.1,sfm,anchor2_projection,misfit,540,0.0
confirmation_seed703_fbig0.10_sfm,0.1,sfm,anchor2_projection,twosheet_back,1000,0.04236157285771056
confirmation_seed703_fbig0.10_sfm,0.1,sfm,anchor2_projection,twosheet_front,1000,0.0009950120104828591
confirmation_seed704_fbig0.01_exch,0.01,exch,identity,base,17248,0.0
confirmation_seed704_fbig0.01_exch,0.01,exch,identity,big,212,0.0
confirmation_seed704_fbig0.01_exch,0.01,exch,identity,misfit,540,0.0
confirmation_seed704_fbig0.01_exch,0.01,exch,identity,twosheet_back,1000,0.0
confirmation_seed704_fbig0.01_exch,0.01,exch,identity,twosheet_front,1000,0.0
confirmation_seed704_fbig0.01_exch,0.01,exch,test_projection,base,17248,0.04375277646888532
confirmation_seed704_fbig0.01_exch,0.01,exch,test_projection,big,212,-0.030557034094651
confirmation_seed704_fbig0.01_exch,0.01,exch,test_projection,misfit,540,0.0
confirmation_seed704_fbig0.01_exch,0.01,exch,test_projection,twosheet_back,1000,0.1702934336838944
confirmation_seed704_fbig0.01_exch,0.01,exch,test_projection,twosheet_front,1000,0.0010601588165441056
confirmation_seed704_fbig0.01_exch,0.01,exch,test_veto_projection,base,17248,-0.003542476448814462
confirmation_seed704_fbig0.01_exch,0.01,exch,test_veto_projection,big,212,-0.014443337249862707
confirmation_seed704_fbig0.01_exch,0.01,exch,test_veto_projection,misfit,540,0.0
confirmation_seed704_fbig0.01_exch,0.01,exch,test_veto_projection,twosheet_back,1000,0.02265239193567219
confirmation_seed704_fbig0.01_exch,0.01,exch,test_veto_projection,twosheet_front,1000,-0.0002567251961460294
confirmation_seed704_fbig0.01_exch,0.01,exch,anchor1_projection,base,17248,0.004765571074889278
confirmation_seed704_fbig0.01_exch,0.01,exch,anchor1_projection,big,212,-0.02741991076114832
confirmation_seed704_fbig0.01_exch,0.01,exch,anchor1_projection,misfit,540,0.0
confirmation_seed704_fbig0.01_exch,0.01,exch,anchor1_projection,twosheet_back,1000,0.05068285375570199
confirmation_seed704_fbig0.01_exch,0.01,exch,anchor1_projection,twosheet_front,1000,0.0005083805227074213
confirmation_seed704_fbig0.01_exch,0.01,exch,anchor1_argmin,base,17248,0.013322983198702992
confirmation_seed704_fbig0.01_exch,0.01,exch,anchor1_argmin,big,212,-0.02862120744393502
confirmation_seed704_fbig0.01_exch,0.01,exch,anchor1_argmin,misfit,540,0.0
confirmation_seed704_fbig0.01_exch,0.01,exch,anchor1_argmin,twosheet_back,1000,0.05490100619479085
confirmation_seed704_fbig0.01_exch,0.01,exch,anchor1_argmin,twosheet_front,1000,0.0010297565628389152
confirmation_seed704_fbig0.01_exch,0.01,exch,anchor2_projection,base,17248,0.0003110722862556189
confirmation_seed704_fbig0.01_exch,0.01,exch,anchor2_projection,big,212,-0.023226945083324544
confirmation_seed704_fbig0.01_exch,0.01,exch,anchor2_projection,misfit,540,0.0
confirmation_seed704_fbig0.01_exch,0.01,exch,anchor2_projection,twosheet_back,1000,0.037281249787799564
confirmation_seed704_fbig0.01_exch,0.01,exch,anchor2_projection,twosheet_front,1000,5.210311102379104e-05
confirmation_seed704_fbig0.01_sfm,0.01,sfm,identity,base,17248,0.0
confirmation_seed704_fbig0.01_sfm,0.01,sfm,identity,big,212,0.0
confirmation_seed704_fbig0.01_sfm,0.01,sfm,identity,misfit,540,0.0
confirmation_seed704_fbig0.01_sfm,0.01,sfm,identity,twosheet_back,1000,0.0
confirmation_seed704_fbig0.01_sfm,0.01,sfm,identity,twosheet_front,1000,0.0
confirmation_seed704_fbig0.01_sfm,0.01,sfm,test_projection,base,17248,0.30497000082805664
confirmation_seed704_fbig0.01_sfm,0.01,sfm,test_projection,big,212,-0.03619058222243047
confirmation_seed704_fbig0.01_sfm,0.01,sfm,test_projection,misfit,540,0.0
confirmation_seed704_fbig0.01_sfm,0.01,sfm,test_projection,twosheet_back,1000,0.21938571611240204
confirmation_seed704_fbig0.01_sfm,0.01,sfm,test_projection,twosheet_front,1000,0.013073105600525681
confirmation_seed704_fbig0.01_sfm,0.01,sfm,test_veto_projection,base,17248,-0.006247240440927435
confirmation_seed704_fbig0.01_sfm,0.01,sfm,test_veto_projection,big,212,-0.014612724483193023
confirmation_seed704_fbig0.01_sfm,0.01,sfm,test_veto_projection,misfit,540,0.0
confirmation_seed704_fbig0.01_sfm,0.01,sfm,test_veto_projection,twosheet_back,1000,0.022877335516128618
confirmation_seed704_fbig0.01_sfm,0.01,sfm,test_veto_projection,twosheet_front,1000,-0.0005905442587878117
confirmation_seed704_fbig0.01_sfm,0.01,sfm,anchor1_projection,base,17248,0.09361958393732103
confirmation_seed704_fbig0.01_sfm,0.01,sfm,anchor1_projection,big,212,-0.030890616462603805
confirmation_seed704_fbig0.01_sfm,0.01,sfm,anchor1_projection,misfit,540,0.0
confirmation_seed704_fbig0.01_sfm,0.01,sfm,anchor1_projection,twosheet_back,1000,0.06982328365417272
confirmation_seed704_fbig0.01_sfm,0.01,sfm,anchor1_projection,twosheet_front,1000,0.005622272126901811
confirmation_seed704_fbig0.01_sfm,0.01,sfm,anchor1_argmin,base,17248,0.1292003044160968
confirmation_seed704_fbig0.01_sfm,0.01,sfm,anchor1_argmin,big,212,-0.03194075370869764
confirmation_seed704_fbig0.01_sfm,0.01,sfm,anchor1_argmin,misfit,540,0.0
confirmation_seed704_fbig0.01_sfm,0.01,sfm,anchor1_argmin,twosheet_back,1000,0.07449236706434201
confirmation_seed704_fbig0.01_sfm,0.01,sfm,anchor1_argmin,twosheet_front,1000,0.007481910948624811
confirmation_seed704_fbig0.01_sfm,0.01,sfm,anchor2_projection,base,17248,0.03465834151146545
confirmation_seed704_fbig0.01_sfm,0.01,sfm,anchor2_projection,big,212,-0.024055356692525582
confirmation_seed704_fbig0.01_sfm,0.01,sfm,anchor2_projection,misfit,540,0.0
confirmation_seed704_fbig0.01_sfm,0.01,sfm,anchor2_projection,twosheet_back,1000,0.0457888936576379
confirmation_seed704_fbig0.01_sfm,0.01,sfm,anchor2_projection,twosheet_front,1000,0.002073669875304033
confirmation_seed704_fbig0.10_exch,0.1,exch,identity,base,15471,0.0
confirmation_seed704_fbig0.10_exch,0.1,exch,identity,big,1989,0.0
confirmation_seed704_fbig0.10_exch,0.1,exch,identity,misfit,540,0.0
confirmation_seed704_fbig0.10_exch,0.1,exch,identity,twosheet_back,1000,0.0
confirmation_seed704_fbig0.10_exch,0.1,exch,identity,twosheet_front,1000,0.0
confirmation_seed704_fbig0.10_exch,0.1,exch,test_projection,base,15471,0.02133810964333692
confirmation_seed704_fbig0.10_exch,0.1,exch,test_projection,big,1989,-0.2694704137098128
confirmation_seed704_fbig0.10_exch,0.1,exch,test_projection,misfit,540,0.0
confirmation_seed704_fbig0.10_exch,0.1,exch,test_projection,twosheet_back,1000,0.17148143420697018
confirmation_seed704_fbig0.10_exch,0.1,exch,test_projection,twosheet_front,1000,-0.00015177940523745844
confirmation_seed704_fbig0.10_exch,0.1,exch,test_veto_projection,base,15471,-0.004092236751870284
confirmation_seed704_fbig0.10_exch,0.1,exch,test_veto_projection,big,1989,-0.13636953829379225
confirmation_seed704_fbig0.10_exch,0.1,exch,test_veto_projection,misfit,540,0.0
confirmation_seed704_fbig0.10_exch,0.1,exch,test_veto_projection,twosheet_back,1000,0.02166118185033614
confirmation_seed704_fbig0.10_exch,0.1,exch,test_veto_projection,twosheet_front,1000,-0.0004220714373383503
confirmation_seed704_fbig0.10_exch,0.1,exch,anchor1_projection,base,15471,0.00021819624452427454
confirmation_seed704_fbig0.10_exch,0.1,exch,anchor1_projection,big,1989,-0.23790809425941326
confirmation_seed704_fbig0.10_exch,0.1,exch,anchor1_projection,misfit,540,0.0
confirmation_seed704_fbig0.10_exch,0.1,exch,anchor1_projection,twosheet_back,1000,0.04839578244424898
confirmation_seed704_fbig0.10_exch,0.1,exch,anchor1_projection,twosheet_front,1000,-0.0004894125867380834
confirmation_seed704_fbig0.10_exch,0.1,exch,anchor1_argmin,base,15471,0.005333307807416477
confirmation_seed704_fbig0.10_exch,0.1,exch,anchor1_argmin,big,1989,-0.2504461899221209
confirmation_seed704_fbig0.10_exch,0.1,exch,anchor1_argmin,misfit,540,0.0
confirmation_seed704_fbig0.10_exch,0.1,exch,anchor1_argmin,twosheet_back,1000,0.05223881318129729
confirmation_seed704_fbig0.10_exch,0.1,exch,anchor1_argmin,twosheet_front,1000,-0.00021636491336711315
confirmation_seed704_fbig0.10_exch,0.1,exch,anchor2_projection,base,15471,-0.004125788198727671
confirmation_seed704_fbig0.10_exch,0.1,exch,anchor2_projection,big,1989,-0.21249765171747867
confirmation_seed704_fbig0.10_exch,0.1,exch,anchor2_projection,misfit,540,0.0
confirmation_seed704_fbig0.10_exch,0.1,exch,anchor2_projection,twosheet_back,1000,0.032154114600382255
confirmation_seed704_fbig0.10_exch,0.1,exch,anchor2_projection,twosheet_front,1000,-0.0004894125867380834
confirmation_seed704_fbig0.10_sfm,0.1,sfm,identity,base,15471,0.0
confirmation_seed704_fbig0.10_sfm,0.1,sfm,identity,big,1989,0.0
confirmation_seed704_fbig0.10_sfm,0.1,sfm,identity,misfit,540,0.0
confirmation_seed704_fbig0.10_sfm,0.1,sfm,identity,twosheet_back,1000,0.0
confirmation_seed704_fbig0.10_sfm,0.1,sfm,identity,twosheet_front,1000,0.0
confirmation_seed704_fbig0.10_sfm,0.1,sfm,test_projection,base,15471,0.310789732066787
confirmation_seed704_fbig0.10_sfm,0.1,sfm,test_projection,big,1989,-0.3190759029488306
confirmation_seed704_fbig0.10_sfm,0.1,sfm,test_projection,misfit,540,0.0
confirmation_seed704_fbig0.10_sfm,0.1,sfm,test_projection,twosheet_back,1000,0.2235674559038025
confirmation_seed704_fbig0.10_sfm,0.1,sfm,test_projection,twosheet_front,1000,0.014735919575674416
confirmation_seed704_fbig0.10_sfm,0.1,sfm,test_veto_projection,base,15471,-0.0050463109515203304
confirmation_seed704_fbig0.10_sfm,0.1,sfm,test_veto_projection,big,1989,-0.13793706198021208
confirmation_seed704_fbig0.10_sfm,0.1,sfm,test_veto_projection,misfit,540,0.0
confirmation_seed704_fbig0.10_sfm,0.1,sfm,test_veto_projection,twosheet_back,1000,0.022285463730712576
confirmation_seed704_fbig0.10_sfm,0.1,sfm,test_veto_projection,twosheet_front,1000,-0.0006362269934642301
confirmation_seed704_fbig0.10_sfm,0.1,sfm,anchor1_projection,base,15471,0.09306290838737649
confirmation_seed704_fbig0.10_sfm,0.1,sfm,anchor1_projection,big,1989,-0.26895565404252064
confirmation_seed704_fbig0.10_sfm,0.1,sfm,anchor1_projection,misfit,540,0.0
confirmation_seed704_fbig0.10_sfm,0.1,sfm,anchor1_projection,twosheet_back,1000,0.07081731314179722
confirmation_seed704_fbig0.10_sfm,0.1,sfm,anchor1_projection,twosheet_front,1000,0.007247292335589829
confirmation_seed704_fbig0.10_sfm,0.1,sfm,anchor1_argmin,base,15471,0.1272613941797474
confirmation_seed704_fbig0.10_sfm,0.1,sfm,anchor1_argmin,big,1989,-0.2752287648860162
confirmation_seed704_fbig0.10_sfm,0.1,sfm,anchor1_argmin,misfit,540,0.0
confirmation_seed704_fbig0.10_sfm,0.1,sfm,anchor1_argmin,twosheet_back,1000,0.07467914127317772
confirmation_seed704_fbig0.10_sfm,0.1,sfm,anchor1_argmin,twosheet_front,1000,0.009602824735817457
confirmation_seed704_fbig0.10_sfm,0.1,sfm,anchor2_projection,base,15471,0.040232690949321616
confirmation_seed704_fbig0.10_sfm,0.1,sfm,anchor2_projection,big,1989,-0.23092882210642146
confirmation_seed704_fbig0.10_sfm,0.1,sfm,anchor2_projection,misfit,540,0.0
confirmation_seed704_fbig0.10_sfm,0.1,sfm,anchor2_projection,twosheet_back,1000,0.04189399822264562
confirmation_seed704_fbig0.10_sfm,0.1,sfm,anchor2_projection,twosheet_front,1000,0.0032455913050801434
