case,base_case,split,sampling,method,sigma_mm,n_points,n_frames,source,ok,method_seconds,family,gap_mm,bias_rms_mm,seed,identifiable,geometry_scored,surface_accuracy_mean_mm,surface_accuracy_rms_mm,surface_accuracy_p95_mm,reference_sample_coverage_1mm,reference_sample_coverage_2mm,reference_sample_distance_mean_mm,output_point_count_ratio,matched_point_rms_mm,matched_normal_mae_mm,within_source_layer_rms_mm,source_group_gap_mm,source_group_gap_error_mm,source_group_gap_retention,reported_model_k,model_k_note,global_translation_only_aligned_rms_mm,output_edit_from_reference_centroid_mm,source_surface_tilt_mean_deg,source_surface_tilt_max_deg,fitted_gap_at_same_xy_mm,fitted_gap_at_same_xy_error_mm,fitted_gap_note,input_edit_rms_mm,input_edit_p95_mm,moved_fraction,output
dual_g2_s912101_b4,dual_g2_s912101_b4,synthetic,full,identity,1.0,768,8,/srv/slam-research/grf/map-denoise/runs/multiscan-pilot-v1/repair-v2-oyuie4pl/synthetics/identifiable/dual_g2_s912101_b4.json,True,2.7550006052479148e-05,true_bilayer,2.0,4.0,912101,True,True,3.511500004627115,3.9455722496963177,6.629014079834832,0.045572916666666664,0.18489583333333334,2.8723898267538943,1.0,4.145698391964449,3.7892775109664165,4.145344167506219,2.069697988781475,0.06969798878147504,1.0348489943907375,,self-report; not geometry-derived layer count or success,4.145482240911026,0.042333762269789715,0.791624518817113,1.04207795318707,1.3725385026184242,0.6274614973815758,"GT source-group affine fits evaluated at x=y=0; may extrapolate, not physical layer count",0.0,0.0,0.0,/srv/slam-research/grf/map-denoise/runs/multiscan-pilot-v1/exploration-v3-lfm1nwgv/outputs/dual_g2_s912101_b4__identity.npz
dual_g2_s912101_b4,dual_g2_s912101_b4,synthetic,full,xyz_mixture,1.0,768,8,/srv/slam-research/grf/map-denoise/runs/multiscan-pilot-v1/repair-v2-oyuie4pl/synthetics/identifiable/dual_g2_s912101_b4.json,True,0.007433987004333176,true_bilayer,2.0,4.0,912101,True,True,3.457866753463332,3.52627858332901,4.5202854161642465,0.0026041666666666665,0.0078125,3.547503858927154,1.0,3.803801717826381,3.7535316451873797,3.8001854140341176,1.6843923820665911,0.31560761793340886,0.8421961910332956,2,self-report; not geometry-derived layer count or success,3.8035661369836005,0.0423337941907153,1.9033581206940895,2.0656365429763115,-0.26357744012536255,2.2635774401253625,"GT source-group affine fits evaluated at x=y=0; may extrapolate, not physical layer count",1.713307035940944,3.097667926369448,1.0,/srv/slam-research/grf/map-denoise/runs/multiscan-pilot-v1/exploration-v3-lfm1nwgv/outputs/dual_g2_s912101_b4__xyz_mixture.npz
dual_g2_s912101_b4,dual_g2_s912101_b4,synthetic,full,fast,1.0,768,8,/srv/slam-research/grf/map-denoise/runs/multiscan-pilot-v1/repair-v2-oyuie4pl/synthetics/identifiable/dual_g2_s912101_b4.json,True,0.008649358002003282,true_bilayer,2.0,4.0,912101,True,True,0.4772513813647345,0.5591136638281314,0.9349073690450318,0.95703125,1.0,0.503494778693355,1.0,0.5780132310712088,0.4814042119767965,0.5290765019725698,1.5921434356176625,0.4078565643823375,0.7960717178088312,1,self-report; not geometry-derived layer count or success,0.5764608814702552,0.04233376226979039,1.5806551643173066,1.580655164317307,-2.220446049250313e-16,2.0,"GT source-group affine fits evaluated at x=y=0; may extrapolate, not physical layer count",4.162839150234674,6.801377823666813,1.0,/srv/slam-research/grf/map-denoise/runs/multiscan-pilot-v1/exploration-v3-lfm1nwgv/outputs/dual_g2_s912101_b4__fast.npz
dual_g2_s912101_b4,dual_g2_s912101_b4,synthetic,full,open3d_icp_then_xyz,1.0,768,8,/srv/slam-research/grf/map-denoise/runs/multiscan-pilot-v1/repair-v2-oyuie4pl/synthetics/identifiable/dual_g2_s912101_b4.json,True,0.025800720002735034,true_bilayer,2.0,4.0,912101,True,True,0.41601482670604156,0.5331456485244452,0.9411094740320528,0.2682291666666667,0.7200520833333334,1.5958021794842312,1.0,3.145438547421155,0.4102538230012609,0.47259089692430556,1.6098435778106057,0.3901564221893943,0.8049217889053029,2,self-report; not geometry-derived layer count or success,3.145165792014742,0.04142217212064066,0.9583413834492585,1.061066430189029,0.7205048977682862,1.2794951022317138,"GT source-group affine fits evaluated at x=y=0; may extrapolate, not physical layer count",5.1295622524020885,7.169744854560215,1.0,/srv/slam-research/grf/map-denoise/runs/multiscan-pilot-v1/exploration-v3-lfm1nwgv/outputs/dual_g2_s912101_b4__open3d_icp_then_xyz.npz
dual_g2_s912101_b4,dual_g2_s912101_b4,synthetic,full,graph_local,1.0,768,8,/srv/slam-research/grf/map-denoise/runs/multiscan-pilot-v1/repair-v2-oyuie4pl/synthetics/identifiable/dual_g2_s912101_b4.json,True,0.028313343005720526,true_bilayer,2.0,4.0,912101,True,True,3.4844884015209305,3.6063737452351075,4.542226625870363,0.006510416666666667,0.010416666666666666,3.6354951253879264,1.0,3.8389641584177774,3.7883693382356314,3.8383268169308247,1.879351971021104,0.12064802897889604,0.939675985510552,,self-report; not geometry-derived layer count or success,3.8388371089900453,0.0312323591370016,1.034292939130368,1.561910311966665,0.6898631618688855,1.3101368381311145,"GT source-group affine fits evaluated at x=y=0; may extrapolate, not physical layer count",1.6030087255499117,3.0556498331002633,0.9921875,/srv/slam-research/grf/map-denoise/runs/multiscan-pilot-v1/exploration-v3-lfm1nwgv/outputs/dual_g2_s912101_b4__graph_local.npz
dual_g2_s912101_b4,dual_g2_s912101_b4,synthetic,full,graph_shared,1.0,768,8,/srv/slam-research/grf/map-denoise/runs/multiscan-pilot-v1/repair-v2-oyuie4pl/synthetics/identifiable/dual_g2_s912101_b4.json,True,0.15020663099130616,true_bilayer,2.0,4.0,912101,True,True,0.25198599756781065,0.3538749654121314,0.7608527214025789,0.96484375,1.0,0.26902797271440776,1.0,0.36920020719249197,0.2556763341330148,0.338720173194585,1.7361580473064762,0.26384195269352384,0.8680790236532381,,self-report; not geometry-derived layer count or success,0.36659312556404544,0.043798096764163005,0.4287516391404442,0.45469919232140127,1.321947180825216,0.6780528191747841,"GT source-group affine fits evaluated at x=y=0; may extrapolate, not physical layer count",4.1420639336300065,6.675357783325823,1.0,/srv/slam-research/grf/map-denoise/runs/multiscan-pilot-v1/exploration-v3-lfm1nwgv/outputs/dual_g2_s912101_b4__graph_shared.npz
dual_g2_s912101_b4,dual_g2_s912101_b4,synthetic,full,measure_balanced,1.0,768,8,/srv/slam-research/grf/map-denoise/runs/multiscan-pilot-v1/repair-v2-oyuie4pl/synthetics/identifiable/dual_g2_s912101_b4.json,True,0.33387391999713145,true_bilayer,2.0,4.0,912101,True,True,0.9367107677281853,1.2022509476878693,2.4640883706276444,0.6041666666666666,0.9309895833333334,0.9202624656744001,1.0,1.2770379427781327,1.0131483705293074,1.2746663120949089,1.9725271623701457,0.027472837629854308,0.9862635811850728,,self-report; not geometry-derived layer count or success,1.2763360685442882,0.04233376226978961,0.26967863020886745,0.3538112764833252,2.094525536576814,0.09452553657681406,"GT source-group affine fits evaluated at x=y=0; may extrapolate, not physical layer count",3.2535891591456396,4.8,1.0,/srv/slam-research/grf/map-denoise/runs/multiscan-pilot-v1/exploration-v3-lfm1nwgv/outputs/dual_g2_s912101_b4__measure_balanced.npz
dual_g2_s912101_b4,dual_g2_s912101_b4,synthetic,full,measure_unbalanced,1.0,768,8,/srv/slam-research/grf/map-denoise/runs/multiscan-pilot-v1/repair-v2-oyuie4pl/synthetics/identifiable/dual_g2_s912101_b4.json,True,0.3306998059997568,true_bilayer,2.0,4.0,912101,True,True,1.0491575643025757,1.3390559646544904,2.7125392246175,0.5221354166666666,0.9036458333333334,1.0169711775711034,1.0,1.425065340424895,1.1428665468998889,1.4231617683560356,1.9796330553428645,0.02036694465713551,0.9898165276714322,,self-report; not geometry-derived layer count or success,1.4244364068123248,0.042333762269789875,0.27585062839355534,0.31673059798080544,2.043487650973567,0.04348765097356688,"GT source-group affine fits evaluated at x=y=0; may extrapolate, not physical layer count",3.0265450571577586,4.496575473163728,1.0,/srv/slam-research/grf/map-denoise/runs/multiscan-pilot-v1/exploration-v3-lfm1nwgv/outputs/dual_g2_s912101_b4__measure_unbalanced.npz
dual_g2_s912101_b4,dual_g2_s912101_b4,synthetic,full,measure_balanced_local,1.0,768,8,/srv/slam-research/grf/map-denoise/runs/multiscan-pilot-v1/repair-v2-oyuie4pl/synthetics/identifiable/dual_g2_s912101_b4.json,True,0.36719943799835164,true_bilayer,2.0,4.0,912101,True,True,0.35029755852079636,0.49773416012675525,1.1123361700080403,0.9127604166666666,1.0,0.37396601975650184,1.0,0.5188265193923275,0.358175077439614,0.5068011695119308,1.849782713770039,0.1502172862299609,0.9248913568850196,,self-report; not geometry-derived layer count or success,0.5172777299888026,0.04005879781506853,0.3505960901576765,0.381859520407254,1.5227287987652236,0.4772712012347764,"GT source-group affine fits evaluated at x=y=0; may extrapolate, not physical layer count",3.9969977174115385,6.46043587289277,1.0,/srv/slam-research/grf/map-denoise/runs/multiscan-pilot-v1/exploration-v3-lfm1nwgv/outputs/dual_g2_s912101_b4__measure_balanced_local.npz
dual_g2_s912101_b4,dual_g2_s912101_b4,synthetic,full,measure_unbalanced_local,1.0,768,8,/srv/slam-research/grf/map-denoise/runs/multiscan-pilot-v1/repair-v2-oyuie4pl/synthetics/identifiable/dual_g2_s912101_b4.json,True,0.3651704499934567,true_bilayer,2.0,4.0,912101,True,True,0.4653910361489939,0.6655657733285085,1.3852317071449276,0.8125,0.9986979166666666,0.5013731987536492,1.0,0.7168458835793344,0.4982820186034618,0.7104437463583667,1.9030062394127198,0.09699376058728015,0.9515031197063599,,self-report; not geometry-derived layer count or success,0.7153990931858224,0.045520965208788004,0.27434649681625084,0.32265627077177245,1.7323065530760233,0.2676934469239767,"GT source-group affine fits evaluated at x=y=0; may extrapolate, not physical layer count",3.8060140539179863,6.360285316129635,1.0,/srv/slam-research/grf/map-denoise/runs/multiscan-pilot-v1/exploration-v3-lfm1nwgv/outputs/dual_g2_s912101_b4__measure_unbalanced_local.npz
dual_g4_s912101_b4,dual_g4_s912101_b4,synthetic,full,identity,1.0,768,8,/srv/slam-research/grf/map-denoise/runs/multiscan-pilot-v1/repair-v2-oyuie4pl/synthetics/identifiable/dual_g4_s912101_b4.json,True,3.372199716977775e-05,true_bilayer,4.0,4.0,912101,True,True,3.434741242386911,3.879170583223748,6.622687217118435,0.04296875,0.203125,2.892752343875074,1.0,4.145698391964449,3.7892775109664165,4.1445390594418425,4.182276629333906,0.18227662933390576,1.0455691573334764,,self-report; not geometry-derived layer count or success,4.145482240911026,0.042333762269789736,0.680382636143409,1.5975229960717805,5.238673921271086,1.2386739212710864,"GT source-group affine fits evaluated at x=y=0; may extrapolate, not physical layer count",0.0,0.0,0.0,/srv/slam-research/grf/map-denoise/runs/multiscan-pilot-v1/exploration-v3-lfm1nwgv/outputs/dual_g4_s912101_b4__identity.npz
dual_g4_s912101_b4,dual_g4_s912101_b4,synthetic,full,xyz_mixture,1.0,768,8,/srv/slam-research/grf/map-denoise/runs/multiscan-pilot-v1/repair-v2-oyuie4pl/synthetics/identifiable/dual_g4_s912101_b4.json,True,0.008138449004036374,true_bilayer,4.0,4.0,912101,True,True,3.185225570447312,3.4132615985794206,5.182231656023014,0.00390625,0.049479166666666664,3.2699032447748233,1.0,3.8737766944102066,3.720029463340488,3.85174800047034,3.176706437007995,0.8232935629920051,0.7941766092519987,2,self-report; not geometry-derived layer count or success,3.873545370560937,0.042333678810097315,1.9350034074679925,2.3314421618871246,1.530049857362142,2.469950142637858,"GT source-group affine fits evaluated at x=y=0; may extrapolate, not physical layer count",1.940018020801829,3.4287295945794756,1.0,/srv/slam-research/grf/map-denoise/runs/multiscan-pilot-v1/exploration-v3-lfm1nwgv/outputs/dual_g4_s912101_b4__xyz_mixture.npz
dual_g4_s912101_b4,dual_g4_s912101_b4,synthetic,full,fast,1.0,768,8,/srv/slam-research/grf/map-denoise/runs/multiscan-pilot-v1/repair-v2-oyuie4pl/synthetics/identifiable/dual_g4_s912101_b4.json,True,0.008750856999540702,true_bilayer,4.0,4.0,912101,True,True,0.8465600820128643,1.0591049522585965,1.9605176942863063,0.6901041666666666,0.9557291666666666,0.8463905596799833,1.0,1.1397312094757477,0.8812509209759831,1.0830197362405778,3.3952211996411497,0.6047788003588503,0.8488052999102874,2,self-report; not geometry-derived layer count or success,1.1389447231648844,0.04233376226979003,1.5379495024771537,2.109625954907969,1.567514688364849,2.4324853116351512,"GT source-group affine fits evaluated at x=y=0; may extrapolate, not physical layer count",4.023708361684193,6.788856264170593,1.0,/srv/slam-research/grf/map-denoise/runs/multiscan-pilot-v1/exploration-v3-lfm1nwgv/outputs/dual_g4_s912101_b4__fast.npz
dual_g4_s912101_b4,dual_g4_s912101_b4,synthetic,full,open3d_icp_then_xyz,1.0,768,8,/srv/slam-research/grf/map-denoise/runs/multiscan-pilot-v1/repair-v2-oyuie4pl/synthetics/identifiable/dual_g4_s912101_b4.json,True,0.025151476002065465,true_bilayer,4.0,4.0,912101,True,True,0.626483614758941,0.7827243732132638,1.5418279142001627,0.33203125,0.7395833333333334,1.554579219454861,1.0,3.036411217928376,0.615043807974809,0.6895678721142708,3.364948833713227,0.635051166286773,0.8412372084283067,2,self-report; not geometry-derived layer count or success,3.036116373041121,0.042313753235949284,1.1546058426557282,1.234342289583463,2.233318469082411,1.7666815309175892,"GT source-group affine fits evaluated at x=y=0; may extrapolate, not physical layer count",5.076128764010233,7.007502678709499,1.0,/srv/slam-research/grf/map-denoise/runs/multiscan-pilot-v1/exploration-v3-lfm1nwgv/outputs/dual_g4_s912101_b4__open3d_icp_then_xyz.npz
dual_g4_s912101_b4,dual_g4_s912101_b4,synthetic,full,graph_local,1.0,768,8,/srv/slam-research/grf/map-denoise/runs/multiscan-pilot-v1/repair-v2-oyuie4pl/synthetics/identifiable/dual_g4_s912101_b4.json,True,0.0252523839881178,true_bilayer,4.0,4.0,912101,True,True,3.312964976769482,3.5519376576806274,4.569071496727884,0.015625,0.032552083333333336,3.594666688374371,1.0,3.8940211639067357,3.8093696343939887,3.8938920155352466,3.943140876163531,0.05685912383646885,0.9857852190408828,,self-report; not geometry-derived layer count or success,3.89399708430953,0.01369424486571584,0.5325467660965219,0.6012515510857083,4.119412271717288,0.1194122717172883,"GT source-group affine fits evaluated at x=y=0; may extrapolate, not physical layer count",1.6896027339315496,3.2234488569305886,0.9869791666666666,/srv/slam-research/grf/map-denoise/runs/multiscan-pilot-v1/exploration-v3-lfm1nwgv/outputs/dual_g4_s912101_b4__graph_local.npz
dual_g4_s912101_b4,dual_g4_s912101_b4,synthetic,full,graph_shared,1.0,768,8,/srv/slam-research/grf/map-denoise/runs/multiscan-pilot-v1/repair-v2-oyuie4pl/synthetics/identifiable/dual_g4_s912101_b4.json,True,0.17752589500742033,true_bilayer,4.0,4.0,912101,True,True,0.5095909359308567,0.9954266694096263,1.9705910873294932,0.8776041666666666,0.94921875,0.4681350307978362,1.0,1.1578495726648894,0.5788814587935084,1.1515437860789408,3.804980037449929,0.19501996255007104,0.9512450093624822,,self-report; not geometry-derived layer count or success,1.1555649895167188,0.07269929795735575,0.4512654125680144,0.5866777114168825,3.293564826131476,0.706435173868524,"GT source-group affine fits evaluated at x=y=0; may extrapolate, not physical layer count",4.030331843229417,6.717256112552037,0.921875,/srv/slam-research/grf/map-denoise/runs/multiscan-pilot-v1/exploration-v3-lfm1nwgv/outputs/dual_g4_s912101_b4__graph_shared.npz
dual_g4_s912101_b4,dual_g4_s912101_b4,synthetic,full,measure_balanced,1.0,768,8,/srv/slam-research/grf/map-denoise/runs/multiscan-pilot-v1/repair-v2-oyuie4pl/synthetics/identifiable/dual_g4_s912101_b4.json,True,0.3471053329994902,true_bilayer,4.0,4.0,912101,True,True,0.9796272689362616,1.229671731651877,2.3837018770226948,0.609375,0.9322916666666666,0.9092116004514987,1.0,1.2638429028413982,0.9971301894787867,1.257002227911325,4.035809972082623,0.03580997208262282,1.0089524930206557,,self-report; not geometry-derived layer count or success,1.263133696658694,0.042333762269789875,0.22094459675017628,0.5711105514028215,4.409460344592036,0.40946034459203595,"GT source-group affine fits evaluated at x=y=0; may extrapolate, not physical layer count",3.287994638965783,4.8,1.0,/srv/slam-research/grf/map-denoise/runs/multiscan-pilot-v1/exploration-v3-lfm1nwgv/outputs/dual_g4_s912101_b4__measure_balanced.npz
dual_g4_s912101_b4,dual_g4_s912101_b4,synthetic,full,measure_unbalanced,1.0,768,8,/srv/slam-research/grf/map-denoise/runs/multiscan-pilot-v1/repair-v2-oyuie4pl/synthetics/identifiable/dual_g4_s912101_b4.json,True,0.3423618050001096,true_bilayer,4.0,4.0,912101,True,True,1.1275347433242608,1.3988294832558776,2.7162226671728225,0.52734375,0.8971354166666666,1.0282568608063725,1.0,1.4447171890842845,1.1568474421953312,1.4395086172029725,4.049265984695585,0.04926598469558474,1.0123164961738962,,self-report; not geometry-derived layer count or success,1.4440968142779353,0.04233376226978963,0.25192912727411093,0.6502808432671835,4.478580964219931,0.47858096421993057,"GT source-group affine fits evaluated at x=y=0; may extrapolate, not physical layer count",3.0055612316055766,4.414324012798826,1.0,/srv/slam-research/grf/map-denoise/runs/multiscan-pilot-v1/exploration-v3-lfm1nwgv/outputs/dual_g4_s912101_b4__measure_unbalanced.npz
dual_g4_s912101_b4,dual_g4_s912101_b4,synthetic,full,measure_balanced_local,1.0,768,8,/srv/slam-research/grf/map-denoise/runs/multiscan-pilot-v1/repair-v2-oyuie4pl/synthetics/identifiable/dual_g4_s912101_b4.json,True,0.38522607400955167,true_bilayer,4.0,4.0,912101,True,True,0.39110152769562534,0.6017101081773513,1.4508233237270196,0.8971354166666666,0.98828125,0.42265563229058234,1.0,0.64696780849822,0.40126747363784004,0.6280572413664508,3.836631951521562,0.1633680484784379,0.9591579878803905,,self-report; not geometry-derived layer count or success,0.6454085124940474,0.04489094823247221,0.3112820254471614,0.3427379128570461,3.540202608528682,0.45979739147131804,"GT source-group affine fits evaluated at x=y=0; may extrapolate, not physical layer count",3.9852186313263727,6.5021656630096665,1.0,/srv/slam-research/grf/map-denoise/runs/multiscan-pilot-v1/exploration-v3-lfm1nwgv/outputs/dual_g4_s912101_b4__measure_balanced_local.npz
dual_g4_s912101_b4,dual_g4_s912101_b4,synthetic,full,measure_unbalanced_local,1.0,768,8,/srv/slam-research/grf/map-denoise/runs/multiscan-pilot-v1/repair-v2-oyuie4pl/synthetics/identifiable/dual_g4_s912101_b4.json,True,0.38339276399347,true_bilayer,4.0,4.0,912101,True,True,0.6448091308764304,0.866466158196671,1.744166539020718,0.7734375,0.9713541666666666,0.6476107403662679,1.0,0.9256058331470725,0.6679306999298652,0.9140336987338465,3.8449894169770795,0.15501058302292048,0.9612473542442699,,self-report; not geometry-derived layer count or success,0.9243215909304728,0.04874171617460275,0.26353896659974274,0.3706371328695998,3.649966605389762,0.3500333946102381,"GT source-group affine fits evaluated at x=y=0; may extrapolate, not physical layer count",3.683200762439197,5.972271141906904,1.0,/srv/slam-research/grf/map-denoise/runs/multiscan-pilot-v1/exploration-v3-lfm1nwgv/outputs/dual_g4_s912101_b4__measure_unbalanced_local.npz
dual_g8_s912101_b4,dual_g8_s912101_b4,synthetic,full,identity,1.0,768,8,/srv/slam-research/grf/map-denoise/runs/multiscan-pilot-v1/repair-v2-oyuie4pl/synthetics/identifiable/dual_g8_s912101_b4.json,True,3.358899266459048e-05,true_bilayer,8.0,4.0,912101,True,True,3.637555211204082,3.9921950101392407,6.5808112826179,0.046875,0.18098958333333334,2.895978998712334,1.0,4.145698391964449,3.7892775109664165,4.142176120560211,8.346107634577454,0.34610763457745364,1.0432634543221817,,self-report; not geometry-derived layer count or success,4.145482240911026,0.04233376226978978,0.7262798536025733,0.7627096753343211,9.100796971594713,1.100796971594713,"GT source-group affine fits evaluated at x=y=0; may extrapolate, not physical layer count",0.0,0.0,0.0,/srv/slam-research/grf/map-denoise/runs/multiscan-pilot-v1/exploration-v3-lfm1nwgv/outputs/dual_g8_s912101_b4__identity.npz
dual_g8_s912101_b4,dual_g8_s912101_b4,synthetic,full,xyz_mixture,1.0,768,8,/srv/slam-research/grf/map-denoise/runs/multiscan-pilot-v1/repair-v2-oyuie4pl/synthetics/identifiable/dual_g8_s912101_b4.json,True,0.00989165400096681,true_bilayer,8.0,4.0,912101,True,True,2.9818519213497283,3.444240827349469,5.985539373040584,0.12760416666666666,0.31640625,2.698257479491583,1.0,3.9477180562358383,3.419911137622551,3.917231591378291,7.099585113998467,0.9004148860015331,0.8874481392498084,2,self-report; not geometry-derived layer count or success,3.947491061814844,0.04233401023263942,2.3906876803964185,2.457747621718514,4.665392973992259,3.334607026007741,"GT source-group affine fits evaluated at x=y=0; may extrapolate, not physical layer count",2.3992309297681493,4.3177365716542875,1.0,/srv/slam-research/grf/map-denoise/runs/multiscan-pilot-v1/exploration-v3-lfm1nwgv/outputs/dual_g8_s912101_b4__xyz_mixture.npz
dual_g8_s912101_b4,dual_g8_s912101_b4,synthetic,full,fast,1.0,768,8,/srv/slam-research/grf/map-denoise/runs/multiscan-pilot-v1/repair-v2-oyuie4pl/synthetics/identifiable/dual_g8_s912101_b4.json,True,0.009102853990043513,true_bilayer,8.0,4.0,912101,True,True,1.1163410157303402,1.3446491412067123,2.4914764743479916,0.4505208333333333,0.8997395833333334,1.1668549031628932,1.0,1.4047605102731202,1.1165253128758452,1.3222035269612982,7.488415056457608,0.5115849435423918,0.936051882057201,2,self-report; not geometry-derived layer count or success,1.4041224817639244,0.042333762269790125,1.9519133962338155,3.2437416960043723,4.88596021063567,3.1140397893643303,"GT source-group affine fits evaluated at x=y=0; may extrapolate, not physical layer count",4.232134966427589,7.1817018104304395,1.0,/srv/slam-research/grf/map-denoise/runs/multiscan-pilot-v1/exploration-v3-lfm1nwgv/outputs/dual_g8_s912101_b4__fast.npz
dual_g8_s912101_b4,dual_g8_s912101_b4,synthetic,full,open3d_icp_then_xyz,1.0,768,8,/srv/slam-research/grf/map-denoise/runs/multiscan-pilot-v1/repair-v2-oyuie4pl/synthetics/identifiable/dual_g8_s912101_b4.json,True,0.015662371995858848,true_bilayer,8.0,4.0,912101,True,True,1.0103474469202691,1.221032561092774,2.1986303107124923,0.12630208333333334,0.6341145833333334,1.8318028477138018,1.0,3.076768572501238,1.0019373053057223,1.1624142187248094,7.385844583252481,0.6141554167475194,0.9232305729065601,2,self-report; not geometry-derived layer count or success,3.0764773246246926,0.04233343597441717,2.0073842787186797,3.0744040735429694,4.823376395120251,3.176623604879749,"GT source-group affine fits evaluated at x=y=0; may extrapolate, not physical layer count",5.082981843797059,7.882093388020484,1.0,/srv/slam-research/grf/map-denoise/runs/multiscan-pilot-v1/exploration-v3-lfm1nwgv/outputs/dual_g8_s912101_b4__open3d_icp_then_xyz.npz
dual_g8_s912101_b4,dual_g8_s912101_b4,synthetic,full,graph_local,1.0,768,8,/srv/slam-research/grf/map-denoise/runs/multiscan-pilot-v1/repair-v2-oyuie4pl/synthetics/identifiable/dual_g8_s912101_b4.json,True,0.027439764991868287,true_bilayer,8.0,4.0,912101,True,True,3.6520773546289185,3.744333852319158,4.703226367028774,0.009114583333333334,0.04296875,3.5861135769107677,1.0,3.9417237800417824,3.829536045770634,3.9404099882585286,8.202901305711219,0.20290130571121878,1.0253626632139023,,self-report; not geometry-derived layer count or success,3.941608321689133,0.030169463665199427,0.5358537094448058,0.8207025391542556,8.753218756570208,0.7532187565702078,"GT source-group affine fits evaluated at x=y=0; may extrapolate, not physical layer count",1.6739650358004567,3.217803255904691,0.9739583333333334,/srv/slam-research/grf/map-denoise/runs/multiscan-pilot-v1/exploration-v3-lfm1nwgv/outputs/dual_g8_s912101_b4__graph_local.npz
dual_g8_s912101_b4,dual_g8_s912101_b4,synthetic,full,graph_shared,1.0,768,8,/srv/slam-research/grf/map-denoise/runs/multiscan-pilot-v1/repair-v2-oyuie4pl/synthetics/identifiable/dual_g8_s912101_b4.json,True,0.1577992909878958,true_bilayer,8.0,4.0,912101,True,True,0.4798360768981591,0.8682559088296681,1.86913654535586,0.8450520833333334,0.9596354166666666,0.4521685386909957,1.0,0.9435570361359068,0.49686769227561184,0.9386812373710484,7.812258921679823,0.18774107832017695,0.9765323652099779,,self-report; not geometry-derived layer count or success,0.943060521555437,0.030606096209156414,0.6188477924613048,0.7692210206108042,7.109365458896693,0.8906345411033074,"GT source-group affine fits evaluated at x=y=0; may extrapolate, not physical layer count",4.178922366476032,6.69477989158359,0.9856770833333334,/srv/slam-research/grf/map-denoise/runs/multiscan-pilot-v1/exploration-v3-lfm1nwgv/outputs/dual_g8_s912101_b4__graph_shared.npz
dual_g8_s912101_b4,dual_g8_s912101_b4,synthetic,full,measure_balanced,1.0,768,8,/srv/slam-research/grf/map-denoise/runs/multiscan-pilot-v1/repair-v2-oyuie4pl/synthetics/identifiable/dual_g8_s912101_b4.json,True,0.34580635400197934,true_bilayer,8.0,4.0,912101,True,True,1.0025407105159003,1.2649522328308123,2.499342951702094,0.6080729166666666,0.9427083333333334,0.9290889817259315,1.0,1.2800623482775155,1.0023444236546488,1.262667182711788,8.129725159013859,0.12972515901385862,1.0162156448767323,,self-report; not geometry-derived layer count or success,1.2793621332718241,0.042333762269790014,0.17250903066687737,0.3629730088175176,8.34745918179286,0.3474591817928605,"GT source-group affine fits evaluated at x=y=0; may extrapolate, not physical layer count",3.2780736827154024,4.800000000000002,1.0,/srv/slam-research/grf/map-denoise/runs/multiscan-pilot-v1/exploration-v3-lfm1nwgv/outputs/dual_g8_s912101_b4__measure_balanced.npz
dual_g8_s912101_b4,dual_g8_s912101_b4,synthetic,full,measure_unbalanced,1.0,768,8,/srv/slam-research/grf/map-denoise/runs/multiscan-pilot-v1/repair-v2-oyuie4pl/synthetics/identifiable/dual_g8_s912101_b4.json,True,0.32950880999851506,true_bilayer,8.0,4.0,912101,True,True,1.2422979076255898,1.540051775999844,2.9863357582573014,0.48828125,0.88671875,1.1008951554046604,1.0,1.5496408882755806,1.2421635628607113,1.5373172819080552,8.168835804873181,0.16883580487318106,1.0211044756091476,,self-report; not geometry-derived layer count or success,1.5490625343050601,0.04233376226979007,0.21590389056762851,0.3729780320884089,8.424602718391844,0.42460271839184394,"GT source-group affine fits evaluated at x=y=0; may extrapolate, not physical layer count",2.8772732533720125,4.3238177883723585,1.0,/srv/slam-research/grf/map-denoise/runs/multiscan-pilot-v1/exploration-v3-lfm1nwgv/outputs/dual_g8_s912101_b4__measure_unbalanced.npz
dual_g8_s912101_b4,dual_g8_s912101_b4,synthetic,full,measure_balanced_local,1.0,768,8,/srv/slam-research/grf/map-denoise/runs/multiscan-pilot-v1/repair-v2-oyuie4pl/synthetics/identifiable/dual_g8_s912101_b4.json,True,0.3835851659969194,true_bilayer,8.0,4.0,912101,True,True,0.5195431154061523,0.8579633008925265,2.0078270575136106,0.81640625,0.9622395833333334,0.5703709349621667,1.0,0.8804455186896528,0.5194105679478549,0.8538854891525939,7.883104518368198,0.11689548163180241,0.9853880647960247,,self-report; not geometry-derived layer count or success,0.8783280663885165,0.061025561651670265,0.5052868106540828,0.7791430259561587,7.246129276744389,0.753870723255611,"GT source-group affine fits evaluated at x=y=0; may extrapolate, not physical layer count",3.990828874125737,6.45385624292059,1.0,/srv/slam-research/grf/map-denoise/runs/multiscan-pilot-v1/exploration-v3-lfm1nwgv/outputs/dual_g8_s912101_b4__measure_balanced_local.npz
dual_g8_s912101_b4,dual_g8_s912101_b4,synthetic,full,measure_unbalanced_local,1.0,768,8,/srv/slam-research/grf/map-denoise/runs/multiscan-pilot-v1/repair-v2-oyuie4pl/synthetics/identifiable/dual_g8_s912101_b4.json,True,0.3633385239954805,true_bilayer,8.0,4.0,912101,True,True,1.031590880053759,1.2528873616602176,2.437629405128058,0.5885416666666666,0.9388020833333334,0.9921300851820272,1.0,1.2715888856640052,1.0336886908535687,1.257896578228434,7.917297149701503,0.08270285029849678,0.9896621437126879,,self-report; not geometry-derived layer count or success,1.2704302266709697,0.05427092504255593,0.4603608559946064,0.6536784737839104,7.35692849102851,0.6430715089714898,"GT source-group affine fits evaluated at x=y=0; may extrapolate, not physical layer count",3.4071023039798614,5.6968728599230545,1.0,/srv/slam-research/grf/map-denoise/runs/multiscan-pilot-v1/exploration-v3-lfm1nwgv/outputs/dual_g8_s912101_b4__measure_unbalanced_local.npz
ghost_s912101_b4,ghost_s912101_b4,synthetic,full,identity,1.0,768,8,/srv/slam-research/grf/map-denoise/runs/multiscan-pilot-v1/repair-v2-oyuie4pl/synthetics/identifiable/ghost_s912101_b4.json,True,3.2836003811098635e-05,ghost_monolayer,0.0,4.0,912101,True,True,3.7892775109664165,4.145698391964449,6.745503359677422,0.040364583333333336,0.18880208333333334,2.952784878551429,1.0,4.145698391964449,3.7892775109664165,4.145482240911026,,,,,self-report; not geometry-derived layer count or success,4.145482240911026,0.042333762269789715,0.6608061205486271,0.6608061205486271,,,,0.0,0.0,0.0,/srv/slam-research/grf/map-denoise/runs/multiscan-pilot-v1/exploration-v3-lfm1nwgv/outputs/ghost_s912101_b4__identity.npz
ghost_s912101_b4,ghost_s912101_b4,synthetic,full,xyz_mixture,1.0,768,8,/srv/slam-research/grf/map-denoise/runs/multiscan-pilot-v1/repair-v2-oyuie4pl/synthetics/identifiable/ghost_s912101_b4.json,True,0.007350824002060108,ghost_monolayer,0.0,4.0,912101,True,True,3.7663293387673975,3.785593680689141,4.293950196911604,0.0026041666666666665,0.01171875,3.685895262002488,1.0,3.78564470087095,3.7663293387673975,3.785356966658432,,,,2,self-report; not geometry-derived layer count or success,3.785407990030701,0.04233379553063565,1.1181691801779794,1.1181691801779794,,,,1.6608764448460642,3.067009882649875,1.0,/srv/slam-research/grf/map-denoise/runs/multiscan-pilot-v1/exploration-v3-lfm1nwgv/outputs/ghost_s912101_b4__xyz_mixture.npz
ghost_s912101_b4,ghost_s912101_b4,synthetic,full,fast,1.0,768,8,/srv/slam-research/grf/map-denoise/runs/multiscan-pilot-v1/repair-v2-oyuie4pl/synthetics/identifiable/ghost_s912101_b4.json,True,0.008886113995686173,ghost_monolayer,0.0,4.0,912101,True,True,0.2664070332080194,0.30999490792894807,0.53491352590361,1.0,1.0,0.27461720505228215,1.0,0.313831904139712,0.2664070332080194,0.3070906959091433,,,,1,self-report; not geometry-derived layer count or success,0.31096352941790834,0.04233376226978966,0.6780315521153145,0.6780315521153145,,,,4.134381687182355,6.7438160043858995,1.0,/srv/slam-research/grf/map-denoise/runs/multiscan-pilot-v1/exploration-v3-lfm1nwgv/outputs/ghost_s912101_b4__fast.npz
ghost_s912101_b4,ghost_s912101_b4,synthetic,full,open3d_icp_then_xyz,1.0,768,8,/srv/slam-research/grf/map-denoise/runs/multiscan-pilot-v1/repair-v2-oyuie4pl/synthetics/identifiable/ghost_s912101_b4.json,True,0.025641417989390902,ghost_monolayer,0.0,4.0,912101,True,True,0.27076487592245657,0.3221621568586947,0.5332034043015054,0.3880208333333333,0.80859375,1.3863809448568543,1.0,3.0307249961939178,0.2663399992706657,0.30777803089695444,,,,1,self-report; not geometry-derived layer count or success,3.03042931861588,0.04233376226978929,0.6780315521153143,0.6780315521153143,,,,5.119335074148785,8.202550035083432,1.0,/srv/slam-research/grf/map-denoise/runs/multiscan-pilot-v1/exploration-v3-lfm1nwgv/outputs/ghost_s912101_b4__open3d_icp_then_xyz.npz
ghost_s912101_b4,ghost_s912101_b4,synthetic,full,graph_local,1.0,768,8,/srv/slam-research/grf/map-denoise/runs/multiscan-pilot-v1/repair-v2-oyuie4pl/synthetics/identifiable/ghost_s912101_b4.json,True,0.0242225420079194,ghost_monolayer,0.0,4.0,912101,True,True,3.804798291889906,3.840021721026876,4.5346845719122255,0.0013020833333333333,0.0026041666666666665,3.699618412795014,1.0,3.8400377648415835,3.804798291889906,3.839874576065544,,,,,self-report; not geometry-derived layer count or success,3.8398906200183203,0.033616390419934354,0.6979768315863183,0.6979768315863184,,,,1.5992758753644132,3.0500426625295733,0.9934895833333334,/srv/slam-research/grf/map-denoise/runs/multiscan-pilot-v1/exploration-v3-lfm1nwgv/outputs/ghost_s912101_b4__graph_local.npz
ghost_s912101_b4,ghost_s912101_b4,synthetic,full,graph_shared,1.0,768,8,/srv/slam-research/grf/map-denoise/runs/multiscan-pilot-v1/repair-v2-oyuie4pl/synthetics/identifiable/ghost_s912101_b4.json,True,0.1416682159906486,ghost_monolayer,0.0,4.0,912101,True,True,0.15906978163410326,0.20416686802987802,0.3952436462131857,1.0,1.0,0.16444236058865724,1.0,0.20618110199925818,0.15906978163410326,0.19973406449338052,,,,,self-report; not geometry-derived layer count or success,0.20179255025774503,0.04231327784636817,0.06418863199017383,0.06418863199017383,,,,4.142079002193568,6.605954039895379,1.0,/srv/slam-research/grf/map-denoise/runs/multiscan-pilot-v1/exploration-v3-lfm1nwgv/outputs/ghost_s912101_b4__graph_shared.npz
ghost_s912101_b4,ghost_s912101_b4,synthetic,full,measure_balanced,1.0,768,8,/srv/slam-research/grf/map-denoise/runs/multiscan-pilot-v1/repair-v2-oyuie4pl/synthetics/identifiable/ghost_s912101_b4.json,True,0.3247367260046303,ghost_monolayer,0.0,4.0,912101,True,True,1.0225153353041545,1.2872658534588977,2.503294660648396,0.6028645833333334,0.9388020833333334,0.9091204475775623,1.0,1.2872847736399884,1.0225153353041545,1.286569558964205,,,,,self-report; not geometry-derived layer count or success,1.2865884893847919,0.042333762269789826,0.17884730699372217,0.17884730699372217,,,,3.2349577133267737,4.8,1.0,/srv/slam-research/grf/map-denoise/runs/multiscan-pilot-v1/exploration-v3-lfm1nwgv/outputs/ghost_s912101_b4__measure_balanced.npz
ghost_s912101_b4,ghost_s912101_b4,synthetic,full,measure_unbalanced,1.0,768,8,/srv/slam-research/grf/map-denoise/runs/multiscan-pilot-v1/repair-v2-oyuie4pl/synthetics/identifiable/ghost_s912101_b4.json,True,0.3239858129963977,ghost_monolayer,0.0,4.0,912101,True,True,1.1414115946464045,1.4235796384183521,2.786858918856985,0.5325520833333334,0.9049479166666666,1.0045893370561574,1.0,1.4235946210205315,1.1414115946464045,1.4229500481364097,,,,,self-report; not geometry-derived layer count or success,1.4229650373676352,0.04233376226978986,0.20953853831653838,0.2095385383165384,,,,3.0273030179728653,4.507278866041681,1.0,/srv/slam-research/grf/map-denoise/runs/multiscan-pilot-v1/exploration-v3-lfm1nwgv/outputs/ghost_s912101_b4__measure_unbalanced.npz
ghost_s912101_b4,ghost_s912101_b4,synthetic,full,measure_balanced_local,1.0,768,8,/srv/slam-research/grf/map-denoise/runs/multiscan-pilot-v1/repair-v2-oyuie4pl/synthetics/identifiable/ghost_s912101_b4.json,True,0.36133584799245,ghost_monolayer,0.0,4.0,912101,True,True,0.22412042209727692,0.4126355088685023,0.497271296148619,0.97265625,0.99609375,0.21252820392500874,1.0,0.4128396766227933,0.22412042209727692,0.409876687531761,,,,,self-report; not geometry-derived layer count or success,0.4100822271722201,0.04763575916771179,0.1788301436162433,0.17883014361624333,,,,4.060384152925085,6.58790651572404,1.0,/srv/slam-research/grf/map-denoise/runs/multiscan-pilot-v1/exploration-v3-lfm1nwgv/outputs/ghost_s912101_b4__measure_balanced_local.npz
ghost_s912101_b4,ghost_s912101_b4,synthetic,full,measure_unbalanced_local,1.0,768,8,/srv/slam-research/grf/map-denoise/runs/multiscan-pilot-v1/repair-v2-oyuie4pl/synthetics/identifiable/ghost_s912101_b4.json,True,0.35945687600178644,ghost_monolayer,0.0,4.0,912101,True,True,0.5895367253699144,0.7807421142894704,1.4521382503701914,0.8046875,0.9908854166666666,0.5637950626194929,1.0,0.7808227681183965,0.5895367253699144,0.7790053749631048,,,,,self-report; not geometry-derived layer count or success,0.7790862056685414,0.05204689567179222,0.20282959916112042,0.20282959916112042,,,,3.6809124181674027,5.991920435684208,1.0,/srv/slam-research/grf/map-denoise/runs/multiscan-pilot-v1/exploration-v3-lfm1nwgv/outputs/ghost_s912101_b4__measure_unbalanced_local.npz
