status,n_output_raw,n_output_roi,n_output_eval,n_laser_eval,accuracy_mm,completeness_mm,accuracy_p95_mm,completeness_p95_mm,precision_1mm,recall_1mm,fscore_1mm,E_sym_mm,coverage_laser_points,voxel_mm,arm,roi_id,seconds,ply_sha256,kind,scene_id
SCORED,38296,37418,34475,67574,0.3531441326308371,1.6786036679816103,0.665721118080279,9.17800868307256,0.970065264684554,0.8994583715630272,0.9334285016415552,1.0158739003062238,67574,0.8,identity,scan24_window_left,0.4115473460042267,653d1bb6ab233e567bf354ad6853773f1faabfc81b0f658dd7a90aad96b19992,structure,24
SCORED,18083,14663,13070,67574,3.836756944937284,2.613828733310798,23.879444443549616,7.163025909127679,0.57061973986228,0.22480539852606032,0.322540467570561,3.225292839124041,67574,0.8,fusion_wta,scan24_window_left,0.3641182139981538,4d3afd455f258609fc7ee79c0fa932153055de1f733d8025160e97649dd5edf3,structure,24
SCORED,9507,9018,8063,67574,1.4185928519793016,40.63381424078388,2.9360020636906103,123.87575635384806,0.6657571623465212,0.1434279456595732,0.23601072525617794,21.026203546381588,67574,0.8,restricted_single,scan24_window_left,0.9284021280036541,7accb933dcf2cae7285262c37655d8c5497323d8e19ab9f481a1fbcc57e86fa2,structure,24
SCORED,38296,36993,9108,67574,0.6441529047074448,3.0029409637882796,1.42582082847878,8.703003674766299,0.8477162933684673,0.24419155296415782,0.3791623237179417,1.823546934247862,67574,0.8,restricted_point_move,scan24_window_left,0.3280662799952552,e7e35dfbf3907e5deb44feda624f96f688edafb13918a541c558ca53f361cebe,structure,24
SCORED,35657,32628,28522,67574,2.850697559081567,3.032955297098169,11.910588496234915,10.774986578391964,0.4484608372484398,0.4145529345606298,0.430840763356875,2.9418264280898683,67574,0.8,v25_atlas,scan24_window_left,0.4267035640004906,60d1445e26e34143a508075e9bd36591e59307703205a27d7620ab3d524365f1,structure,24
SCORED,28624,27401,24911,67574,2.9633180141604036,2.8129088729327503,14.276803384941065,9.908058059964082,0.5808678896872868,0.40409033060052685,0.47661533808079265,2.888113443546577,67574,0.8,v25_wta_atlas,scan24_window_left,0.4198807959983242,b30e3cc6405ab15bd7d7aebe6bf2c520b56b7f1dd23357adcf73187c4e351081,structure,24
SCORED,12872,12255,10807,67574,1.2180049602618181,5.449541988950125,3.5025383820592597,21.43698046234473,0.666142315166096,0.2116790481546157,0.32126894400576095,3.3337734746059717,67574,0.8,v25_depth_cc,scan24_window_left,0.3445820859997184,87a03b189cf95db97f6f5d21ca36bc31f85b2207ae49051331bf5a014c863e75,structure,24
SCORED,38296,36955,25321,67574,0.3830275910090613,2.1557058912516136,0.8140870307723553,9.02432726515995,0.9612574542869555,0.7084529552786575,0.8157171212107387,1.2693667411303375,67574,0.8,v25_gated_move,scan24_window_left,0.3505507000008947,c24382eb652ca2d68cb4f414c295d6254100882b82b9bcc8854eb013eaf7adc3,structure,24
SCORED,54212,54036,51029,95514,0.3983734147697031,0.6813768841734988,1.0518945978816323,1.3425096821344555,0.9468929432283604,0.9178130954624453,0.9321262711265033,0.539875149471601,95514,0.8,identity,scan24_gable_center,0.4268240590026835,148eb8a0adf67adc86f69520a51c4fd4cea8b5b1bd2092b49fa150cac918132e,structure,24
SCORED,16508,14211,13996,95514,6.431059252064088,2.9496233167894137,35.73522079950254,7.587277822352852,0.44519862817947986,0.15109826831668655,0.22562163972395013,4.690341284426751,95514,0.8,fusion_wta,scan24_gable_center,0.48173758699704194,f6a95e33008ff24948ed669963968047a121a279207b3d617551623df55dd37c,structure,24
SCORED,14196,13929,12710,95514,1.5156416691062664,17.87470770025653,7.086589322277831,53.97036795922368,0.5853658536585366,0.17575433967795298,0.27033992786023503,9.695174684681398,95514,0.8,restricted_single,scan24_gable_center,1.0329743969996343,b9be4c818fd28bf7092c9ad35b984e09a2f3fa89eed5853df6b7c6b18dc7b8c7,structure,24
SCORED,54212,53964,9487,95514,0.6787051196337827,2.3173104325972913,1.7940830836008512,4.9383119724063524,0.8108991251185833,0.198190841133237,0.31853013121993895,1.498007776115537,95514,0.8,restricted_point_move,scan24_gable_center,0.39724328000011155,159b6e504025f19405ec712da41fc5e07f5c48075fdca61f3d17732c09738666,structure,24
SCORED,33733,31647,28325,95514,4.360273639832874,8.738373829031183,19.9217107283368,34.82925325165856,0.3725684024713151,0.20799045166153654,0.2669519885992246,6.549323734432028,95514,0.8,v25_atlas,scan24_gable_center,0.7607177919999231,a7e7dfaf951bca64827476f051683fec65fdb538da503d5a27cd2ca9f9a32b70,structure,24
SCORED,28525,27378,25085,95514,2.9320149504311845,8.947531878863584,13.676971909843127,35.57559095637742,0.45513254933227026,0.2550620851393513,0.3269161759687054,5.939773414647385,95514,0.8,v25_wta_atlas,scan24_gable_center,0.6528419189999113,1e3077e9a7796f40b4ed61bebbf1d6b960ffbe81276c207184eaf40650093b14,structure,24
SCORED,9252,8662,7893,95514,2.332010377978462,8.347519418397127,13.483311691201358,31.456612759006312,0.5973647535791208,0.11525012040119773,0.19322178721553582,5.339764898187794,95514,0.8,v25_depth_cc,scan24_gable_center,0.4375101170007838,05302de7140472bbac17722242bb48faa41e4c6cde1c1f644fe0a832acb2fa60,structure,24
SCORED,54212,53662,33533,95514,0.38641814878752384,1.4958653991595916,0.9541358420067404,5.8375119900769565,0.9525243789699699,0.6697028707833407,0.7864598639732051,0.9411417739735577,95514,0.8,v25_gated_move,scan24_gable_center,0.4137523730023531,1bcbd1aabd77a305771d7b07145ae14f8d27dfd54dff5954de0c3400b446925f,structure,24
SCORED,42059,30347,24854,44150,0.44629062207171805,0.45865700647044827,1.0912503762735326,0.8566987421349374,0.9461656071457311,0.9713250283125707,0.9585802591724765,0.45247381427108313,44150,0.8,identity,scan24_turret_join,0.2453740690034465,5087ba53c12bea9282c93bb68525c58490ec809663ce226b6245ca7723c549db,structure,24
SCORED,14473,7384,7328,44150,8.21876900223752,3.283400823033932,22.381183789284467,6.8114195299888385,0.2033296943231441,0.08520951302378256,0.12009199301444061,5.751084912635726,44150,0.8,fusion_wta,scan24_turret_join,0.24859722799737938,ad59e14404f0333ecb19bf6b9741ff4c7d73cdcfdf35feab25570c074595b88a,structure,24
SCORED,7965,2804,2706,44150,16.01467888733656,36.36401949363426,26.36909836314011,66.37865518117385,0.025498891352549888,0.002446206115515289,0.004464149322559949,26.18934919048541,44150,0.8,restricted_single,scan24_turret_join,0.4733162709962926,3db3bb09b36e0f369c225df10e648cdbc7df89238a48e81439d846e0a7eddb61,structure,24
SCORED,42059,29614,2687,44150,1.017375797824704,2.8364103310497177,3.1988641526204433,5.54559219819525,0.6818012653516934,0.11075877689694225,0.19056089182313588,1.9268930644372109,44150,0.8,restricted_point_move,scan24_turret_join,0.21385163700324483,aa1e4eaa0b15fb4fb69a1d5ec001d5560b25231baffed3e2755ef65738e1d01c,structure,24
SCORED,26373,15374,14145,44150,8.19342417390456,7.282568599762499,22.25331603154347,18.72190172181144,0.17850830682219865,0.11146092865232163,0.13723319039687681,7.7379963868335295,44150,0.8,v25_atlas,scan24_turret_join,0.4051682549979887,4f4f510bc1903d5ac427d4534914bd6019ac2b6abf76c30cbaff8f4621c2b65d,structure,24
SCORED,20842,11603,10849,44150,9.549366839795999,8.730694430899272,23.05887283445809,18.37215197779932,0.10793621531938427,0.05166477916194791,0.06988052607284606,9.140030635347635,44150,0.8,v25_wta_atlas,scan24_turret_join,0.3614180419972399,2fcb251191433e82dd7f5ac7c36c32f279033f24637aa97141ceffbcadc8c1eb,structure,24
SCORED,4636,2688,2685,44150,6.777140158827175,11.844068302422173,20.51248453171336,30.274635308581203,0.2547486033519553,0.02958097395243488,0.05300687935188655,9.310604230624673,44150,0.8,v25_depth_cc,scan24_turret_join,0.22944344700226793,cb34e82a9229ad8a6ca96dc7588f5b410b147c8ce2bb689c066941b28be4565e,structure,24
SCORED,42059,29520,13525,44150,0.5353587494794926,1.4917710119152696,2.014868390882334,5.002939848304556,0.8996672828096118,0.5814722536806342,0.7063906534257619,1.0135648806973812,44150,0.8,v25_gated_move,scan24_turret_join,0.2199023080029292,6d5aabd2644c3854e777f8184a31df875efa4f021ca919564f7bba769c7a98d6,structure,24
SCORED,15883,15878,15790,33120,0.39449233968445235,4.594302855898331,0.8416668007958428,26.645137285147904,0.9637745408486383,0.6934178743961352,0.806543027067456,2.4943975977913917,33120,0.8,identity,scan24_wall_control,0.27832076200138545,a91089e0fb59414c0356ccf324c7ea1dcaa727f19e5ef9e88141355f5004e824,control,24
SCORED,11377,9585,9196,33120,2.1659988495330778,2.4282010486900525,8.417118617568452,6.817159006875593,0.5376250543714659,0.2842089371980676,0.37184600997618816,2.297099949111565,33120,0.8,fusion_wta,scan24_wall_control,0.21495532900007674,f242ddc24e1b1558fbe7e14383ac1190c0ab66a5f5584949b707f24e7ebd43ce,control,24
SCORED,4480,4153,3722,33120,1.1030761035964778,30.454482119737982,3.5559201850231243,86.88931577047434,0.7178936055883933,0.14528985507246378,0.24166973225722274,15.77877911166723,33120,0.8,restricted_single,scan24_wall_control,0.37336495599447517,3dd8d3c04f0ba60671c9937e6923f61d16610731e90366277fcc643ca2a8d7f5,control,24
SCORED,15883,15848,4565,33120,0.6506388667638359,5.122485752391217,1.580882702510757,25.050348175847148,0.8547645125958379,0.2767814009661836,0.418158762197652,2.8865623095775264,33120,0.8,restricted_point_move,scan24_wall_control,0.2111238619982032,5fc37de3b6a23142acf184b2d2971427767f31cbbde66c77288836f8b4112299,control,24
SCORED,21597,20297,18582,33120,2.097583886809894,3.5815269759657022,5.9203011905175735,18.19867896056844,0.46496609622215046,0.46518719806763287,0.4650766208664135,2.839555431387798,33120,0.8,v25_atlas,scan24_wall_control,0.2620523619989399,2e99a7a8436557011c471b98c609a72a4f92b8a8b93b4ebeaca5b49abb83191a,control,24
SCORED,16253,14522,14015,33120,1.577577927821358,2.8255947601788574,5.150506192547237,10.043716291526708,0.537638244737781,0.3671195652173913,0.4363101737959133,2.2015863440001078,33120,0.8,v25_wta_atlas,scan24_wall_control,0.22559751399967354,71ac59548f68159cd2e2e9e2f6f302490fd414b6fa8a2d061096955a5a01b3b2,control,24
SCORED,7786,7557,6868,33120,1.1584162727362128,4.881251275880415,3.952866452177254,16.169158980740637,0.6220151426907397,0.24788647342995168,0.3544978817932055,3.019833774308314,33120,0.8,v25_depth_cc,scan24_wall_control,0.20963347100041574,7db8d7ca2eb85602bff8f1b90576ecb919f214ec84eaa8660588ca874e55537a,control,24
SCORED,15883,15858,14520,33120,0.4165174202112455,4.4187952092739735,0.9667812693037738,25.19518597099913,0.9523415977961432,0.6665157004830918,0.7841958989578535,2.4176563147426093,33120,0.8,v25_gated_move,scan24_wall_control,0.23927619199821493,4fcc82b0a191161f400b9e68cc80720bfce000cafa35df8924490d6efdda95a7,control,24
SCORED,111346,104277,86133,183743,0.6914068548390961,8.263307430865916,2.099819455793908,56.08095361530324,0.8627587568063344,0.6559052589758522,0.7452445042958141,4.477357142852506,183743,0.8,identity,scan37_scissor_cross,1.9895859320022282,76eeb3586e8bf7920f7339b2c09df3f994bbc5fea5a34d4e0d31124b508ff6b5,structure,37
SCORED,28368,26288,26288,183743,2.5829255223202194,5.685768230668315,8.545211447500495,17.656114866238998,0.47858338405356055,0.12602384852756296,0.19951107644641644,4.134346876494267,183743,0.8,fusion_wta,scan37_scissor_cross,0.6956961739997496,df50c29484eb00efd2a2f51a53f53372a04942a37272dcd72c4e4fafd049faaa,structure,37
SCORED,25915,25285,25136,183743,1.4372995094860397,21.609493176440534,5.155683776476634,64.49601023273107,0.8286919159770847,0.20965152413969512,0.33464173127014757,11.523396342963286,183743,0.8,restricted_single,scan37_scissor_cross,1.5660572319975472,7b68fc3ae5ed3fd0683fd736d9a1dad3e983e398fb7d84915d1a17fed3d68309,structure,37
SCORED,111346,102979,30607,183743,0.8417870980060237,8.791824637018246,2.270251166985879,52.78956369867019,0.756820335217434,0.2287706198331365,0.3513389734408243,4.816805867512135,183743,0.8,restricted_point_move,scan37_scissor_cross,0.9963654379971558,26b99662bd6c7000a5edb8824462e3ec978041446e6d07646827cb9df64965f5,structure,37
SCORED,56221,53317,51580,183743,2.8482491597405217,14.40512511794695,10.750945759519153,57.908018048887186,0.5517836370686312,0.28050592403520136,0.3719344473770977,8.626687138843735,183743,0.8,v25_atlas,scan37_scissor_cross,1.4504967910033884,5639bcfc18f3a3e530cd2be71e7957af7f0fb63a895aeb37f42cde0bd6ad5ae4,structure,37
SCORED,47515,46123,46067,183743,2.1672086379747015,15.509377760886583,6.393832185670256,62.39598073959924,0.5918987561595068,0.257277828271009,0.358659033546373,8.838293199430643,183743,0.8,v25_wta_atlas,scan37_scissor_cross,1.323055677996308,61d0a6bb21ef1308579aae6e87241724e16041b58c514f3ced74c7f85d38385c,structure,37
SCORED,24537,23859,23859,183743,1.5219371627248004,12.581663522333448,4.364576838355466,52.27548813836504,0.5154449054863992,0.12184409746221625,0.19709713806422463,7.051800342529124,183743,0.8,v25_depth_cc,scan37_scissor_cross,0.7638952769993921,f1b6f8c7ca5897e59efe24556f84a6416a04cffa09ec3ff5538b80b5f75f9425,structure,37
SCORED,111346,100390,53686,183743,0.6272836624026503,8.441741530562068,1.7946705591117436,51.094588059029945,0.896825988153336,0.4680450411716365,0.6150836929356188,4.534512596482359,183743,0.8,v25_gated_move,scan37_scissor_cross,0.8903164900038973,457610eb3b45bd755be55c61b947327274c071ddd112ba6b1f1c63fa573776fe,structure,37
SCORED,101502,76322,74982,116101,0.881662602601494,0.7763750509374092,3.41912089096575,2.0701226237583854,0.8247045957696514,0.8336879096648607,0.8291719219486728,0.8290188267694516,116101,0.8,identity,scan37_clamp_jaw,0.508251236002252,59dab8934219c75d35048b7663b7df7064d303af03b1216270d72edcb0c46103,structure,37
SCORED,19578,14832,14832,116101,9.051123579857798,5.127304418414838,30.296768810569276,11.530252651331734,0.14859762675296656,0.04061119197939725,0.06378906425375101,7.089213999136318,116101,0.8,fusion_wta,scan37_clamp_jaw,0.5439215619990136,1752d7c34ff2f692f60e8ead64bd5c3803649c5d6738c34ed47ffd4c2d42c801,structure,37
SCORED,11567,8962,8703,116101,5.445381620717211,32.035291351376664,16.923778621117705,71.43114152136846,0.16431115707227392,0.017700105942239946,0.03195763646164427,18.74033648604694,116101,0.8,restricted_single,scan37_clamp_jaw,1.2308184959983919,7f0519735c4cb2ed2dc828b4c49b8d133b347fe3a1093fdcf21f0d7aa436fc40,structure,37
SCORED,101502,78201,13715,116101,1.190386151598616,2.8539051515742386,4.884076479640703,5.669081541467777,0.7012759752096245,0.17064452502562424,0.27449499276422684,2.0221456515864276,116101,0.8,restricted_point_move,scan37_clamp_jaw,0.4079766880022362,85edafbb3f18a4d30f38021a8ea958145bbc79cf5576f4a24f8a0e392345820f,structure,37
SCORED,48325,39214,37818,116101,7.7397139092308,13.7694419223454,20.689038581411772,31.213373816660027,0.12599820191443228,0.07516731122040292,0.09416073271132917,10.7545779157881,116101,0.8,v25_atlas,scan37_clamp_jaw,1.3589752830012003,f762702e9de5b924077fc20f8b85f521f61b8b1b0b6ce23998c982b8fdee0e11,structure,37
SCORED,31164,23835,23097,116101,5.618762133945993,12.893256192552064,16.645126297288,41.93558106395515,0.13464952158288956,0.043677487704670934,0.06595919313481956,9.25600916324903,116101,0.8,v25_wta_atlas,scan37_clamp_jaw,0.6189530979972915,dacffec5bacbcd0421d92aa3d1c40dcb190f915731d8157e520140dc4854c968,structure,37
SCORED,8652,6754,6754,116101,5.796585924778304,12.532534584527458,23.82528259707782,30.78493447836719,0.22179449215279834,0.024754308748417327,0.0445377898199441,9.16456025465288,116101,0.8,v25_depth_cc,scan37_clamp_jaw,0.47074288799922215,5b5509a0402ce24c90ef5f36bf0847233710d3a7e9574be0769a7e03e4f819bb,structure,37
SCORED,101502,77509,29571,116101,1.0120622992897388,2.5850637589967893,4.036382309857639,7.158473568973512,0.7586824929829901,0.35521657866857304,0.4838797451434849,1.798563029143264,116101,0.8,v25_gated_move,scan37_clamp_jaw,0.44269399200129556,dc22c15b89e03e74d1707210215b476ba70a645328e1dafcd216aa72937c2f48,structure,37
SCORED,27052,26111,25551,34709,0.7308220482556297,0.9119182122016342,2.352578492207298,2.496279040571506,0.8010254001800321,0.7774928692846236,0.7890837233921312,0.8213701302286319,34709,0.8,identity,scan37_driver_handle,0.2379485669953283,a8daf2f1c21cd1715d9c2ace2e69b98d4278bfeaba50623cd294fba4c75c1b97,structure,37
SCORED,8137,5969,5669,34709,3.9699151176527554,3.0120227862831492,17.590493022266326,6.666549681220527,0.34291762215558297,0.12011293900717393,0.17790982664740623,3.490968951967952,34709,0.8,fusion_wta,scan37_driver_handle,0.21013477399537805,0aa97966aa28caf3acc2f8e88ef69abb6c8aa7af8028ce27818a14f13f08e3e4,structure,37
SCORED,4633,4535,4348,34709,2.740730571473905,12.588640109079464,8.211979571743623,40.98286952804212,0.42065317387304507,0.09844708865135844,0.15955330131549736,7.664685340276685,34709,0.8,restricted_single,scan37_driver_handle,0.32454615499591455,8821754001d8c2e7603a3f7326d4983c76ca10389357cc6270af2d77e3d4dbee,structure,37
SCORED,27052,25293,2647,34709,0.9465453420853023,2.679355191216509,2.922209534629105,5.556596845866904,0.7121269361541368,0.13520988792532196,0.22726878022941793,1.8129502666509056,34709,0.8,restricted_point_move,scan37_driver_handle,0.1976302080001915,d5074b99ef013024deb946f17142d0bd7f0184392cf77866bee45b8789a1bfbf,structure,37
SCORED,22161,15115,13962,34709,4.370403992640985,7.434617387633349,15.917278347728898,29.282401665199764,0.22675834407677983,0.1418940332478608,0.17455824507175824,5.9025106901371664,34709,0.8,v25_atlas,scan37_driver_handle,0.3200071589963045,4986fc870b3295c7b3680b7fecab44ae48d3b7c5f47d78b88498fbcb967d622b,structure,37
SCORED,14461,9918,9622,34709,3.721409831966608,6.805443026800703,13.963703226971484,22.94351017939069,0.29089586364581166,0.13869601544268056,0.18783454325085344,5.263426429383656,34709,0.8,v25_wta_atlas,scan37_driver_handle,0.2701511440027389,31ff3331831a378c0cf4ffc8fa06308bbe701bf4f56b6996cb10a94d122bec46,structure,37
SCORED,4172,3406,3389,34709,1.5948226698959096,7.346445199163628,4.847821302386487,21.474434043840827,0.5036884036588964,0.09133077876055201,0.15462444075087917,4.4706339345297685,34709,0.8,v25_depth_cc,scan37_driver_handle,0.19667169199965429,1deb42fa1a1e7660ae0dc58bf1a522212145860343bd22b2aaf0599684031f03,structure,37
SCORED,27052,25249,15100,34709,0.7939554596294021,1.652737763435841,2.542336334842436,5.5383271223127215,0.7709933774834437,0.5226022069203953,0.6229502410980265,1.2233466115326215,34709,0.8,v25_gated_move,scan37_driver_handle,0.2145597050039214,0e67c7bb5c3cf0d0637d0b635ccddd4203edf949b84df75b6dca1cff4367c79f,structure,37
SCORED,3417,3372,3012,3977,0.7351327944427558,0.4306057294487713,3.4632680848881874,0.6786444878814043,0.8675298804780877,0.9984913251194367,0.9284150226598278,0.5828692619457636,3977,0.8,identity,scan37_stone_control,0.13025019499764312,52966b19713529f109b50fa3f375ae294e5305f05726d6e0f0c039be72ce9c3f,control,37
SCORED,4039,3550,3403,3977,3.024525287147116,0.7230634056733928,16.1346645653235,1.476845680049083,0.5706729356450191,0.828262509429218,0.6757524078826942,1.8737943464102544,3977,0.8,fusion_wta,scan37_stone_control,0.13157697999849916,35e9fa75acad41e9546d38f357fbfea985364882bce1d036e255e0e8f72a3676,control,37
SCORED,2442,2244,2148,3977,2.3171394288833973,4.722424661851314,8.764249488000766,18.27643741822885,0.5768156424581006,0.5260246416897159,0.5502505594080702,3.519782045367356,3977,0.8,restricted_single,scan37_stone_control,0.14037466300214874,6b5fad55741c0d0079e2adb0119e41b0e60ab34f4bb689e7b90a9b70d8f849bc,control,37
SCORED,3417,3395,1502,3977,0.6292281577077157,0.7266051228973409,1.8140811436622213,1.4142777587774922,0.9254327563249002,0.8433492582348504,0.8824863913907387,0.6779166403025283,3977,0.8,restricted_point_move,scan37_stone_control,0.1444549139996525,6d720f5306af2e51295af6d4234c3daa9b3f2599e67fc782a80a4e2221f5952a,control,37
SCORED,7423,5865,5511,3977,4.64029626295838,0.593177378935343,16.385609957945455,1.2565969791663185,0.37506804572672836,0.8946442041740005,0.528548816169209,2.616736820946861,3977,0.8,v25_atlas,scan37_stone_control,0.1552334830048494,958bb0a7eeea1865c822cef97a3cdd81c783a7339465d801ca030d598a25fb65,control,37
SCORED,6570,5245,4881,3977,4.0892293329353935,0.6466449310222359,15.661229317641817,1.3104384560894204,0.41446424912927676,0.8682423937641438,0.5610876559926912,2.3679371319788145,3977,0.8,v25_wta_atlas,scan37_stone_control,0.1303243319998728,0dfa7413b96624e2ceda71fb42577f2fb6ce0274b68be0960e382729cafb9dbf,control,37
SCORED,2618,2566,2481,3977,0.9876605591001237,0.8300119430774981,3.2363957997628123,1.8607821939698417,0.7178557033454253,0.7465426200653759,0.7319181796878232,0.9088362510888109,3977,0.8,v25_depth_cc,scan37_stone_control,0.1281152680021478,3de88ae11ac7925eca023bbe481e369ee9cc6c6f461dcc15705efd00590871fd,control,37
SCORED,3417,3371,3010,3977,0.7342130356587518,0.43060300542243934,3.4204327161930297,0.6786444878814043,0.8677740863787375,0.9984913251194367,0.928554847637717,0.5824080205405956,3977,0.8,v25_gated_move,scan37_stone_control,0.1240125199983595,79555ededdb8d66e7b3c40b1b6cdbcf0309b86ea88b28b22069e2c568e9999cb,control,37
SCORED,21007,21007,19764,36776,0.2843065141036951,0.4227982938878431,0.5291174876439121,0.8341708455819107,0.9916514875531269,0.9741407439634544,0.9828181252829629,0.35355240399576915,36776,0.8,identity,scan24_window_left_core,0.22104459299589507,f46f5262010509167a372add406e13bc1e83042163cf3e1f36676acd2f03f9f7,structure,24
SCORED,10592,9687,9499,36776,2.4219158918543924,1.6543945511052482,15.020192653697684,4.279629185376655,0.744604695231077,0.371329127691973,0.49553729132658264,2.0381552214798204,36776,0.8,fusion_wta,scan24_window_left_core,0.23795735299790977,f4085295e7367939640035bd171215bff4e9bf9aa1e0649d79229bd5e8c3ea8a,structure,24
SCORED,4890,4322,3981,36776,1.0389729215910872,31.607024716109144,3.1401292582025864,83.96838899555905,0.816377794523989,0.20344790080487274,0.3257230119232452,16.322998818850117,36776,0.8,restricted_single,scan24_window_left_core,0.4463028270038194,e152d6da2676faf9af651f3864223340ad971ba5552d2f8709a25f11cee9cd3f,structure,24
SCORED,21007,20954,5629,36776,0.5048646880428115,1.6396483129484873,1.0359213750708245,4.1783902670833415,0.9417303251021496,0.36589079834674787,0.5270188043003634,1.0722565004956495,36776,0.8,restricted_point_move,scan24_window_left_core,0.21820061199832708,b279c2863bc07fe909ed089ad51cce9c0f9cb1c876d8762289052ef29b777fba,structure,24
SCORED,19513,18404,16857,36776,1.3207516223245979,0.8715807505430339,6.094503246796752,2.4540765651158525,0.7414130628225662,0.7609310419839025,0.7510452666990393,1.096166186433816,36776,0.8,v25_atlas,scan24_window_left_core,0.23288367199711502,10758fe60ca35d161fa44e21411e182e7e8217577be207182a7db947488eee1b,structure,24
SCORED,18704,17747,16150,36776,1.1334218241934666,0.9453750330847002,2.797762471126849,2.7548412676480964,0.7103405572755418,0.7381444420274091,0.723975649802265,1.0393984286390834,36776,0.8,v25_wta_atlas,scan24_window_left_core,0.22545026199804852,ddc73f08a00066c1e5d46a3497c64d63899fd83a1eddfdbceb16611ed8e761ce,structure,24
SCORED,7987,7934,6534,36776,0.6289861439430181,5.112494462921011,1.531992629648469,22.443580340170588,0.8420569329660239,0.3276593430498151,0.4717517010295128,2.8707403034320143,36776,0.8,v25_depth_cc,scan24_window_left_core,0.2264764589999686,e002ee3b4ee1cfab9b52e188e42e77e9bc4ac37251b06cd30b3fd7d6a7f69954,structure,24
SCORED,21007,20954,17543,36776,0.30632575356490205,0.6170301478989899,0.5983180462984724,1.943279377154009,0.9838682095422676,0.8847074178812269,0.9316567019551408,0.46167795073194595,36776,0.8,v25_gated_move,scan24_window_left_core,0.22123677499621408,5fcc65375cdb85a32d370e8a63f7ae513425d4e4b59f93fb4975fe9eb13d87e8,structure,24
SCORED,33425,33319,31497,57043,0.4054810811476189,0.7464668109151094,1.162616332564846,1.7883329688892295,0.9371051211226467,0.8965692547727153,0.9163891377152243,0.5759739460313641,57043,0.8,identity,scan24_gable_center_core,0.2850824620036292,50a796c4067809bc9f192b2ff46a0445ff6e9550c936e7ebc1e37be96d2dd0ac,structure,24
SCORED,11447,8857,8666,57043,4.642070671953313,2.762590127063087,19.163910905798875,7.123037748380908,0.45868912993307176,0.16326280174605123,0.2408124122427114,3.7023303995081998,57043,0.8,fusion_wta,scan24_gable_center_core,0.29268710000178544,7ffb5b7a0f6c99fa5abaa72ffca670471126fe7aba3daa9f709d711018bd290c,structure,24
SCORED,7422,7169,6813,57043,1.7837926704434826,23.06281657885133,11.046266224893502,56.96529282234836,0.6329076765008073,0.1539715653103799,0.2476867617538907,12.423304624647406,57043,0.8,restricted_single,scan24_gable_center_core,0.6621651059977012,77fd114f8a8115267e7dee5ace44b1787703e50796e95d221d306d76834235ac,structure,24
SCORED,33425,33241,5058,57043,0.647653657441381,2.340677423158357,1.6040833896217987,5.081493954791476,0.8485567417951759,0.19779815227109374,0.3208145851394761,1.494165540299869,57043,0.8,restricted_point_move,scan24_gable_center_core,0.2576595170030487,05aaf3a713d23309eec16cbce56a2d9a3ab4d56e971662708309b81de2eab20d,structure,24
SCORED,22963,20561,18499,57043,4.10956225652882,9.126946706751259,16.394479597132065,30.586722434230722,0.30509757284177524,0.1939414126185509,0.23714000704311408,6.618254481640039,57043,0.8,v25_atlas,scan24_gable_center_core,0.46976121199986665,4bad17308c4c9ad367b5bb1a6aacb1d7c0efbd727dd492676b6bd4aefef102fc,structure,24
SCORED,17609,14717,13765,57043,3.8274149030950486,8.755819275033799,16.13146571735023,30.12065454727722,0.472212132219397,0.23121154216994197,0.3104271274821286,6.291617089064424,57043,0.8,v25_wta_atlas,scan24_gable_center_core,0.39190788199630333,11876c51fc836ce74811639d8eb7da2d0e09e652e87627a6c56c9084b4e0ac59,structure,24
SCORED,5260,4776,4510,57043,1.657680452298419,10.057244987540988,6.064354290876948,32.65824434928637,0.6452328159645233,0.11549182195887313,0.19591612993320984,5.857462719919703,57043,0.8,v25_depth_cc,scan24_gable_center_core,0.3043851789989276,34121f5e309bb7d9f08ddc3f5e758e67342dcfba8a7cb96f470fed0be1b207b9,structure,24
SCORED,33425,33207,21608,57043,0.3997089351266679,1.3753354054524562,1.1508547052729838,5.482902417906178,0.9400222139948168,0.6883228441701874,0.794719473830961,0.887522170289562,57043,0.8,v25_gated_move,scan24_gable_center_core,0.28249943000264466,e038a9135748fac117fef7dc162298ec254bfa44ee9c9d946df5212ec7507345,structure,24
SCORED,25129,19672,17637,26235,0.45446378432770373,0.41792917803109547,0.9963112637412151,0.7315499142096322,0.9501615921075013,0.985515532685344,0.9675157035119598,0.4361964811793996,26235,0.8,identity,scan24_turret_join_core,0.1828311829958693,2dfd724bff7d2f3fb7cd7ddb1e40ad7254557d9711cdccdfa6806ca860941eee,structure,24
SCORED,9454,5307,5265,26235,9.62166890048726,3.318059932827144,22.408262200746034,6.65220065643726,0.15327635327635328,0.08008385744234801,0.10520183871331021,6.4698644166572015,26235,0.8,fusion_wta,scan24_turret_join_core,0.2059965650041704,c2476ac8b34dce483277e9780e461db41ec9434fbbf0522a0f631941317bf146,structure,24
SCORED,6862,2162,2063,26235,14.723181553805388,26.64440845909,25.655104384047156,48.71348526084655,0.014541929229277752,0.0011816275967219364,0.0021856562197783086,20.683795006447692,26235,0.8,restricted_single,scan24_turret_join_core,0.28771199499897193,24a03396b2ad54695598fde966d1802456d5b611c62a8c528975c50d5ba76ede,structure,24
SCORED,25129,18894,1538,26235,1.1629497776226616,2.8437391266660446,3.673210970520978,5.214322889104222,0.6495448634590377,0.10508862206975414,0.18090841708558805,2.0033444521443533,26235,0.8,restricted_point_move,scan24_turret_join_core,0.1726246859980165,b86fa30dea67c7bc687660ccd31a97c6cbc51f21031b02c98547745bc4d13cb5,structure,24
SCORED,25509,12788,12002,26235,11.326061465588399,15.701064718416637,24.740430687767887,41.605809385873535,0.08115314114314282,0.059881837240327807,0.0689133893616362,13.513563092002517,26235,0.8,v25_atlas,scan24_turret_join_core,0.44126488699839683,129e7ad6921bec3ae4de8a8bd8eb68538ae84d96ccfd255f19b393eb51292eed,structure,24
SCORED,16629,9378,8807,26235,11.067925452964506,11.54456720152035,22.984763741847942,27.668716894375365,0.05506983081639605,0.03182771107299409,0.04034053497839905,11.306246327242427,26235,0.8,v25_wta_atlas,scan24_turret_join_core,0.3214175880057155,6ae56630ee2bc220d6b2158eccb2ab67617d8f825f8679aee4f8c6c790806d61,structure,24
SCORED,3151,1847,1602,26235,11.60628422268615,13.07940985640818,21.963982173176344,27.434079862392505,0.12359550561797752,0.014675052410901468,0.026235093696763204,12.342847039547165,26235,0.8,v25_depth_cc,scan24_turret_join_core,0.18797542099491693,731fbaf8e8e565806e7632e7097fbb06cf7c792f0f298d2bfb1508bcfa2753a5,structure,24
SCORED,25129,18992,9090,26235,0.5724560181302367,1.4665570867450375,2.1281193591769743,4.877150436851092,0.9055005500550055,0.5724795121021536,0.7014715913652156,1.0195065524376372,26235,0.8,v25_gated_move,scan24_turret_join_core,0.1791355319946888,266b7ced9087789d5eb620f8119d5ed57beb31fbd68a6fd10b98395db99ff076,structure,24
SCORED,9087,9086,8636,15287,0.33867810153533157,1.6266960239391721,0.6701282395203346,10.873700886017991,0.9826308476146364,0.8363315235167136,0.9035977509847285,0.9826870627372518,15287,0.8,identity,scan24_wall_control_core,0.17288274799648207,b4c48dc360dd15eeeeb3724e06b25b0ea115eef39b3b587e6ca25346f3a67894,control,24
SCORED,6238,4549,4248,15287,3.4897972481696313,2.1434090896776485,15.272668259511093,5.843863669688959,0.4133709981167608,0.2434094328514424,0.30639889821475713,2.81660316892364,15287,0.8,fusion_wta,scan24_wall_control_core,0.17168011399917305,bf0f57f40683a6d416271bad42c2e9d09f33b20d92e36c4f723445a8515c3957,control,24
SCORED,1458,1186,1069,15287,0.8311340148735279,28.011481272493263,1.8627383936776876,64.15727165099484,0.6875584658559402,0.10119709557140054,0.17642707876249605,14.421307643683395,15287,0.8,restricted_single,scan24_wall_control_core,0.19994960600160994,702e95069545610a9d781c8398596a16203179ef78e4416b23de55d5d43705ff,control,24
SCORED,9087,9047,1799,15287,0.7236659834387981,2.607533945408259,1.9456092243217333,9.874927482319148,0.8015564202334631,0.2500163537646366,0.38114758860002096,1.6655999644235284,15287,0.8,restricted_point_move,scan24_wall_control_core,0.15738258000055794,91ceff911ecc86f460ca8d6f27963db3883e7c25539bd97458197361c169d597,control,24
SCORED,13755,12659,11629,15287,1.711703892784395,1.766684793808928,4.430556846758562,8.024538639210176,0.3859317224180927,0.5036305357493295,0.4369947091156923,1.7391943432966617,15287,0.8,v25_atlas,scan24_wall_control_core,0.19302702699496876,00072a81096942bbe67b2cd036667313b3bd8b3e1c861e0995773583a351648e,control,24
SCORED,10487,8572,7707,15287,1.4943118461543747,1.475859637768499,5.080246380636291,4.965717036881685,0.5190086933956144,0.49669653954340287,0.5076075492032486,1.485085741961437,15287,0.8,v25_wta_atlas,scan24_wall_control_core,0.16918600800272543,5b207e5c1821d9b207450cbcf66c7f9687631a7fda719adb4f3de7dedea62dd0,control,24
SCORED,3310,3022,2767,15287,1.98059000198164,3.4887259918547855,6.207335268295924,9.306513587356559,0.5240332490061438,0.19107738601426047,0.28004311081682337,2.7346579969182128,15287,0.8,v25_depth_cc,scan24_wall_control_core,0.161511894002615,be28ef7b19ee34ef324ebd30595466c50a5993de957e4a0a2265b9e34ad4a50a,control,24
SCORED,9087,9067,7887,15287,0.3534830656311941,1.6484543113469412,0.6822169861008375,10.466176644003923,0.9752757702548498,0.7987832799110355,0.8782503361532257,1.0009686884890676,15287,0.8,v25_gated_move,scan24_wall_control_core,0.16180429799715057,cf764d6176cb46dc995eb523ae15cfe96caee8baa5877931f16bd2b81587f173,control,24
SCORED,53177,51650,50041,84211,0.6765627747083698,1.182383967997765,2.1788580023905855,4.7148491022254575,0.8300993185587818,0.723765303820166,0.7732939882211829,0.9294733713530674,84211,0.8,identity,scan37_scissor_cross_core,0.37646559400309343,2ab828d8d48a1400412241db81557e8b81fbf935dc4a43ad58716a316b984988,structure,37
SCORED,15694,13107,13107,84211,4.149633753640165,4.305648684218248,16.109635577966294,13.523034523540097,0.34393835355153735,0.11678996805642969,0.17436978557981692,4.2276412189292065,84211,0.8,fusion_wta,scan37_scissor_cross_core,0.35713361599482596,a2baea72350322fe84c23d4f98817425411ecf7c2a45d1faf8cf850b83508bc9,structure,37
SCORED,10314,7266,6999,84211,5.063433103161761,23.355733900351677,13.48072428920719,60.10632521229857,0.1454493499071296,0.02473548586289202,0.04228062179707308,14.209583501756718,84211,0.8,restricted_single,scan37_scissor_cross_core,0.45844695800042246,c55fb1eb62a71a5b4a632fe245645f83eb6fe055ec3fb1b98c0be84367ba8d05,structure,37
SCORED,53177,51249,11032,84211,0.7592042855379908,2.529627187105335,2.2616279893806124,5.838990415235399,0.7827229876722263,0.22145562931208512,0.34523422204019394,1.6444157363216627,84211,0.8,restricted_point_move,scan37_scissor_cross_core,0.3165166059989133,600c031b284727a66483dc0605e8faf49c94b406f0d9e341493d76514b0e6dce,structure,37
SCORED,38872,32928,30914,84211,3.5435832371474683,5.225185706902765,13.30866880104323,15.619997091579206,0.32881542343274894,0.20233698685444895,0.2505176319266936,4.384384472025117,84211,0.8,v25_atlas,scan37_scissor_cross_core,0.48509617400122806,165d6c04715d1c27353eb597eec734a4b03be8f5ac15456dd8d5406d085cfe01,structure,37
SCORED,29760,25332,23912,84211,2.777416446382758,6.07383044632995,10.663046953274895,18.776736054994167,0.476288056206089,0.25241358017361154,0.3299610360646042,4.425623446356354,84211,0.8,v25_wta_atlas,scan37_scissor_cross_core,0.4423745259991847,a6df25232f7db827b4dd2dd388442968a03c5f40f5d8971ee99b8e8a1c620bd9,structure,37
SCORED,10305,9014,8916,84211,2.885751896132295,7.04721942529241,11.945317359402454,23.99671057377444,0.414647824136384,0.09236323045682868,0.1510744674782643,4.966485660712353,84211,0.8,v25_depth_cc,scan37_scissor_cross_core,0.3662692960060667,d5e1d7661bbcfce4222907da56c91295f11c475a02c6f16c34828d1328d496e9,structure,37
SCORED,53177,50340,25602,84211,0.6239345067982424,2.0189940951284258,1.949715580594695,6.366691898050862,0.8533708304038747,0.4922634810179193,0.6243647207983345,1.321464300963334,84211,0.8,v25_gated_move,scan37_scissor_cross_core,0.35329577700031223,9dd46999a3080e63819ac201e1e8ab36d5dc0bad6c98906a4871746183a3130d,structure,37
SCORED,59807,42135,41486,59574,1.063600388055783,0.8645071990792746,4.154452782902538,2.392127269702372,0.7730318661717206,0.7810957800382717,0.7770429024595762,0.9640537935675288,59574,0.8,identity,scan37_clamp_jaw_core,0.28605696900194744,52e989aa0643f94af4ffe9618d51e1a3148b5ccc054324e47b4141ad87300b41,structure,37
SCORED,17512,12510,12499,59574,5.7767361416064915,3.2688210292079956,18.54468747002895,6.882961560168253,0.187535002800224,0.08654782287575116,0.11843679855041712,4.522778585407243,59574,0.8,fusion_wta,scan37_clamp_jaw_core,0.26996126800077036,c74f13124a51ba5543f4d60d31923ee47b2522f0a033ca424d3d006c1a9fd5f2,structure,37
SCORED,9582,7339,7121,59574,4.518263116597388,25.657679106670532,13.231150092570436,47.144316309566285,0.1468894818143519,0.027998791419075436,0.047032632742468244,15.08797111163396,59574,0.8,restricted_single,scan37_clamp_jaw_core,0.7552831720022368,4bbf036832e0ee3dddb2d651676cbbd54898b7d91dc73e3f97c5d17e6a80c226,structure,37
SCORED,59807,42639,4556,59574,1.5624063063026639,2.9140455298096635,5.118578536771634,5.6771724649876125,0.555531167690957,0.10489475274448586,0.1764688594850347,2.2382259180561634,59574,0.8,restricted_point_move,scan37_clamp_jaw_core,0.24104266899666982,53c13954aee1555c9c47dc34939685f244d7a760c0b2c3cd86be3e8e51f5f5e3,structure,37
SCORED,36008,24870,23697,59574,5.125741799329349,9.887795045758866,14.627909007741,41.29207881821225,0.1282862809638351,0.08208278779333267,0.10011068299499276,7.506768422544107,59574,0.8,v25_atlas,scan37_clamp_jaw_core,0.45466667100117775,22e95c188fe1ebd750ff8600b2713f7de0eb70dd11db83721fb80fe71cfb15c1,structure,37
SCORED,27382,20847,20084,59574,4.728237169481439,5.346639950519264,13.502113172252962,14.233318459878975,0.14683330013941445,0.08538959948971028,0.10798277612312215,5.037438560000352,59574,0.8,v25_wta_atlas,scan37_clamp_jaw_core,0.32352587200148264,bfeabd3a88d0380897ad72964faea8f8dabac060f04b566318d6f7a963e196ca,structure,37
SCORED,9793,7487,7482,59574,4.395865809375835,5.922610800012182,17.058646090424155,14.715598315737621,0.2508687516706763,0.06387014469399402,0.10181787922292748,5.159238304694009,59574,0.8,v25_depth_cc,scan37_clamp_jaw_core,0.26175126999442,16ebb3bc566e8ab679f1f6320bf38d0f2c4267e6c6e1b4588caf42e633af06ef,structure,37
SCORED,59807,42254,22315,59574,1.2093393632141052,1.7288188204156627,5.0124746363937565,5.351544565436636,0.7254313242213758,0.4842548762883137,0.5808012954408768,1.469079091814884,59574,0.8,v25_gated_move,scan37_clamp_jaw_core,0.26598500899854116,d89f2651bbac7c79f0cb5f506e6df0cd15d6ca076800a58063b42f52bcd71bc6,structure,37
SCORED,15143,14247,13345,19046,0.8061659290052207,0.936217203964132,2.465016415308275,2.410540977425011,0.7448482577744474,0.7385802793237425,0.7417010264033238,0.8711915664846763,19046,0.8,identity,scan37_driver_handle_core,0.16189267300069332,e313e6fe722ab6ca47224542a668e895636a1e07b6ffe64490bdd837bc402899,structure,37
SCORED,5449,4698,4576,19046,2.668399629415687,2.5100706528424195,8.623779422942743,5.811936812572095,0.3205856643356643,0.16407644649795233,0.21706073335053325,2.5892351411290533,19046,0.8,fusion_wta,scan37_driver_handle_core,0.1530647840045276,885fbf6ed2636c58dd60521533a5828636f54dade45618572c6baf242e63df15,structure,37
SCORED,4089,3851,3581,19046,1.9601817042829948,7.2263602592240215,5.653746498351532,25.09835190384625,0.35660430047472774,0.11902761734747454,0.17848154688910736,4.593270981753508,19046,0.8,restricted_single,scan37_driver_handle_core,0.19087542300258065,23ad7fdf07f50e64cf06ad688e9b0a8f13e385d7a9f9d00b151ee092f5deaa0e,structure,37
SCORED,15143,14101,1694,19046,1.1233821224164628,2.4635423072438014,2.9283447459097642,5.179283806475848,0.5879574970484062,0.15567573243725716,0.24617166195839485,1.7934622148301322,19046,0.8,restricted_point_move,scan37_driver_handle_core,0.1546032979968004,cbc4c3b9c4e735467bdf74358ee02f4cb02fcfa54fc6182bcb14596354268111,structure,37
SCORED,15527,14279,13666,19046,3.2133315074852815,5.629351889454279,8.65127423043757,24.794448270247408,0.21981560076101272,0.22807938674787356,0.2238712591897113,4.42134169846978,19046,0.8,v25_atlas,scan37_driver_handle_core,0.22645551300229272,91f87f2ee8dc1fa462f03224d6481accc3c06d675d524895042fb296f7c58cda,structure,37
SCORED,12368,11620,10939,19046,2.64205679554569,4.804327905848676,7.222778209888741,21.485164635914614,0.2579760489989944,0.22813189121075292,0.24213784255334142,3.723192350697183,19046,0.8,v25_wta_atlas,scan37_driver_handle_core,0.19861967099859612,32a396cf524932e21775641fb1f33a5e25915a3378910d5a9a44f14566dcbf81,structure,37
SCORED,3181,3068,3067,19046,1.8217832927064712,5.992056156910975,5.040167091621216,20.728230575813363,0.4124551679165308,0.13126115719836187,0.19914554753061098,3.906919724808723,19046,0.8,v25_depth_cc,scan37_driver_handle_core,0.16194530700158793,7767843abda6e0c594c71304afec06954021c22215fd5cec01c09c9d6bb4277e,structure,37
SCORED,15143,14169,8975,19046,0.8673813395278219,1.3672321067076958,2.615045072495236,4.559851864569092,0.7179944289693593,0.5686758374461829,0.6346708925097334,1.117306723117759,19046,0.8,v25_gated_move,scan37_driver_handle_core,0.15717610000137938,883d3b345a7bdf8390ad9da4109fd569f2ba3b1a35b51e9af51e0d35bf21b8f0,structure,37
SCORED,1895,1885,1732,2360,0.5983536478276145,0.46541520922191576,1.9124067651203212,0.7234950103420942,0.9174364896073903,0.9983050847457627,0.9561639469202485,0.5318844285247651,2360,0.8,identity,scan37_stone_control_core,0.11747557699709432,06e5d31faccca6175ecf741cdd2120b8abecf765b723d5550bdd7cf9e0bb9b03,control,37
SCORED,3422,3307,3306,2360,1.974917435984579,0.5554556135664439,7.008434933218391,0.9825345284867527,0.5656382335148216,0.9533898305084746,0.7100247221917532,1.2651865247755114,2360,0.8,fusion_wta,scan37_stone_control_core,0.11745909800083609,682aeda62b864df95d79df07b1110888354987d5323a32119240ae6e6dc7a36a,control,37
SCORED,1538,1357,1303,2360,1.0679885179845185,1.8466617334153221,4.041480757619916,8.601154905967688,0.7735993860322333,0.7186440677966102,0.7451097985341599,1.4573251256999202,2360,0.8,restricted_single,scan37_stone_control_core,0.11685162100184243,71a5399c5d0986610ce4cb12d9a10d1789cfd514d53b199f3602b4583e698c26,control,37
SCORED,1895,1880,1116,2360,0.5457052545992284,0.5965254710597424,0.9164375871811792,0.9697510427942537,0.9578853046594982,0.9542372881355933,0.9560578164887239,0.5711153628294854,2360,0.8,restricted_point_move,scan37_stone_control_core,0.11295540999708464,5da774e4f03e665962d7b0f1b1905d6d5ff7b598e172f042360d1a164e3eb2be,control,37
SCORED,3874,3452,3329,2360,2.8480331104350314,0.6105949587291563,6.61873095161632,1.1217348379383225,0.3908080504656053,0.9245762711864407,0.5493935788976411,1.7293140345820939,2360,0.8,v25_atlas,scan37_stone_control_core,0.1277007600001525,7276e302900bf78d3986058c77c51a7cf1deb3a8c99ce430ac19ebf80a13d866,control,37
SCORED,3584,3199,3038,2360,2.583104199941852,0.6206790074200218,6.680115272991386,1.1604678587856543,0.4226464779460171,0.9114406779661017,0.577499289595857,1.601891603680937,2360,0.8,v25_wta_atlas,scan37_stone_control_core,0.12196855700312881,3ff2de749f4ae45e846db058a0bd32864a13b98669ff38e0bcbde48e9d2325b9,control,37
SCORED,2645,2627,2327,2360,1.2941342830220999,0.6109445973069898,4.426405081531396,1.155049768116068,0.6596476149548776,0.9055084745762711,0.7632676505186088,0.9525394401645448,2360,0.8,v25_depth_cc,scan37_stone_control_core,0.11384353700123029,dcbe72df8c534f208ec4b59b109cfea5573e94d0807ba9ee6b8044f9d8225afd,control,37
SCORED,1895,1885,1732,2360,0.5983536478276145,0.46541520922191576,1.9124067651203212,0.7234950103420942,0.9174364896073903,0.9983050847457627,0.9561639469202485,0.5318844285247651,2360,0.8,v25_gated_move,scan37_stone_control_core,0.12240541399660287,06e5d31faccca6175ecf741cdd2120b8abecf765b723d5550bdd7cf9e0bb9b03,control,37
