case,method,variant,iterations,output,output_sha256,gap_mm,seed,bias_rms_mm,chosen_k,true_k,model_gap_mm,model_gap_error_mm,spectrum_gap_mm,seconds,supported_fraction,identifiable,geometry_scored,surface_accuracy_mean_mm,surface_accuracy_rms_mm,surface_accuracy_p95_mm,reference_sample_coverage_1mm,reference_sample_coverage_2mm,reference_sample_distance_mean_mm,output_point_count_ratio,matched_point_rms_mm,matched_normal_mae_mm,within_source_layer_rms_mm,source_group_gap_mm,source_group_gap_error_mm,source_group_gap_retention,reported_model_k,model_k_note,global_translation_only_aligned_rms_mm,output_edit_from_reference_centroid_mm,source_surface_tilt_mean_deg,source_surface_tilt_max_deg,fitted_gap_at_same_xy_mm,fitted_gap_at_same_xy_error_mm,fitted_gap_note
dual_g2_s912101_b0,pooled_em_i12,pooled_em,12,/srv/slam-research/grf/map-denoise/runs/multiscan-pilot-v1/spectral-filter-v10-dpamdvgb/outputs/dual_g2_s912101_b0__pooled_em_i12.npz,d628fd911629460fd5a18c04b4ae6da91a6100cb98a1f0c73695cf02f1e6ff1d,2.0,912101,0.0,1,2,0.0,2.0,,0.020714361991849728,1.0,True,True,0.46847056407217896,0.548669633183027,0.9472887006173059,0.98046875,1.0,0.46987511297373397,1.0,0.5503258829627424,0.4692539309202317,0.44044504780266247,1.3267213138640113,0.6732786861359887,0.6633606569320056,,self-report; not geometry-derived layer count or success,0.5486952068596982,0.04233376226979,1.3163017270074036,1.3163017270074036,-1.9984014443252818e-15,2.0000000000000018,"GT source-group affine fits evaluated at x=y=0; may extrapolate, not physical layer count"
dual_g2_s912101_b0,spectrum_fixed_i12,spectrum_fixed,12,/srv/slam-research/grf/map-denoise/runs/multiscan-pilot-v1/spectral-filter-v10-dpamdvgb/outputs/dual_g2_s912101_b0__spectrum_fixed_i12.npz,6162165e287d04bee7b104e0648318265c896ccf238c7ad5e7e9318b43727147,2.0,912101,0.0,2,2,1.8219063545150502,0.17809364548494977,1.8219063545150502,0.01674653599911835,1.0,True,True,0.6131688293164826,0.7595877642320421,1.4894598820817038,0.7278645833333334,1.0,0.6781625332384547,1.0,0.8774583309232695,0.7092793447918119,0.8653362711004166,1.702052890498277,0.297947109501723,0.8510264452491385,,self-report; not geometry-derived layer count or success,0.8774150917193752,0.008710874223073446,0.47156865591439856,0.6470783080414823,1.3559603134628007,0.6440396865371993,"GT source-group affine fits evaluated at x=y=0; may extrapolate, not physical layer count"
dual_g2_s912101_b0,pooled_em_i36,pooled_em,36,/srv/slam-research/grf/map-denoise/runs/multiscan-pilot-v1/spectral-filter-v10-dpamdvgb/outputs/dual_g2_s912101_b0__pooled_em_i36.npz,d628fd911629460fd5a18c04b4ae6da91a6100cb98a1f0c73695cf02f1e6ff1d,2.0,912101,0.0,1,2,0.0,2.0,,0.05627990000357386,1.0,True,True,0.46847056407217896,0.548669633183027,0.9472887006173059,0.98046875,1.0,0.46987511297373397,1.0,0.5503258829627424,0.4692539309202317,0.44044504780266247,1.3267213138640113,0.6732786861359887,0.6633606569320056,,self-report; not geometry-derived layer count or success,0.5486952068596982,0.04233376226979,1.3163017270074036,1.3163017270074036,-1.9984014443252818e-15,2.0000000000000018,"GT source-group affine fits evaluated at x=y=0; may extrapolate, not physical layer count"
dual_g2_s912101_b0,spectrum_fixed_i36,spectrum_fixed,36,/srv/slam-research/grf/map-denoise/runs/multiscan-pilot-v1/spectral-filter-v10-dpamdvgb/outputs/dual_g2_s912101_b0__spectrum_fixed_i36.npz,03ddbef933dbbc3d14713feccec13cbe348c081b8c092555719db53015e91a32,2.0,912101,0.0,2,2,1.8219063545150502,0.17809364548494977,1.8219063545150502,0.0426084349892335,1.0,True,True,0.6670875587387711,0.8154130438016769,1.566029297196041,0.6614583333333334,1.0,0.7670900468613727,1.0,0.967486937453158,0.8009509993489518,0.9460196411689208,1.5887166571711089,0.4112833428288911,0.7943583285855544,,self-report; not geometry-derived layer count or success,0.9669771264585801,0.03140399733151543,0.8915024302071591,1.0099642895197258,0.7717165539820476,1.2282834460179524,"GT source-group affine fits evaluated at x=y=0; may extrapolate, not physical layer count"
dual_g2_s912101_b4,pooled_em_i12,pooled_em,12,/srv/slam-research/grf/map-denoise/runs/multiscan-pilot-v1/spectral-filter-v10-dpamdvgb/outputs/dual_g2_s912101_b4__pooled_em_i12.npz,2b61dd8c263d22ff6e8f5e70797406e13bd99039279db0390e1f83e52d4ae342,2.0,912101,4.0,1,2,0.0,2.0,,0.020676359999924898,1.0,True,True,0.46848853828290205,0.5486919946597025,0.9466839907193282,0.9778645833333334,1.0,0.4764641927730912,1.0,0.5531187642981202,0.4692764313999836,0.44049570046280895,1.326756077651964,0.673243922348036,0.663378038825982,,self-report; not geometry-derived layer count or success,0.5514963463077197,0.042333762269789986,1.3163017270074064,1.3163017270074078,-8.881784197001252e-16,2.000000000000001,"GT source-group affine fits evaluated at x=y=0; may extrapolate, not physical layer count"
dual_g2_s912101_b4,spectrum_fixed_i12,spectrum_fixed,12,/srv/slam-research/grf/map-denoise/runs/multiscan-pilot-v1/spectral-filter-v10-dpamdvgb/outputs/dual_g2_s912101_b4__spectrum_fixed_i12.npz,6cfb827d9886db84061a43c8fcfec29683d98612bbaf1897e60513e9af1bb7e9,2.0,912101,4.0,2,2,1.8219063545150502,0.17809364548494977,1.8219063545150502,0.01701706698804628,1.0,True,True,0.6131891191983739,0.759549321380463,1.4898908420321937,0.7265625,1.0,0.6843088187817411,1.0,0.879165262360645,0.7091617923560793,0.8652127379080943,1.702087365713284,0.297912634286716,0.851043682856642,,self-report; not geometry-derived layer count or success,0.879122107111368,0.008710874223070035,0.4705310518991772,0.6466326679768402,1.357393883407257,0.642606116592743,"GT source-group affine fits evaluated at x=y=0; may extrapolate, not physical layer count"
dual_g2_s912101_b4,pooled_em_i36,pooled_em,36,/srv/slam-research/grf/map-denoise/runs/multiscan-pilot-v1/spectral-filter-v10-dpamdvgb/outputs/dual_g2_s912101_b4__pooled_em_i36.npz,2b61dd8c263d22ff6e8f5e70797406e13bd99039279db0390e1f83e52d4ae342,2.0,912101,4.0,1,2,0.0,2.0,,0.07075157600047532,1.0,True,True,0.46848853828290205,0.5486919946597025,0.9466839907193282,0.9778645833333334,1.0,0.4764641927730912,1.0,0.5531187642981202,0.4692764313999836,0.44049570046280895,1.326756077651964,0.673243922348036,0.663378038825982,,self-report; not geometry-derived layer count or success,0.5514963463077197,0.042333762269789986,1.3163017270074064,1.3163017270074078,-8.881784197001252e-16,2.000000000000001,"GT source-group affine fits evaluated at x=y=0; may extrapolate, not physical layer count"
dual_g2_s912101_b4,spectrum_fixed_i36,spectrum_fixed,36,/srv/slam-research/grf/map-denoise/runs/multiscan-pilot-v1/spectral-filter-v10-dpamdvgb/outputs/dual_g2_s912101_b4__spectrum_fixed_i36.npz,f20a840299ce892c8fbce6e0047226fad8e5c4a682b59ffea310c212ba3202e8,2.0,912101,4.0,2,2,1.8219063545150502,0.17809364548494977,1.8219063545150502,0.042976921002264135,1.0,True,True,0.6672261375429019,0.8154715857416777,1.565092907023145,0.6588541666666666,1.0,0.7727848798384818,1.0,0.9689821389854033,0.8006843955677544,0.9457424241798181,1.5887511296915986,0.4112488703084014,0.7943755648457993,,self-report; not geometry-derived layer count or success,0.9684731150756491,0.03140399733148912,0.8889583806730541,1.0087091865335271,0.7751527861422153,1.2248472138577848,"GT source-group affine fits evaluated at x=y=0; may extrapolate, not physical layer count"
dual_g2_s912113_b0,pooled_em_i12,pooled_em,12,/srv/slam-research/grf/map-denoise/runs/multiscan-pilot-v1/spectral-filter-v10-dpamdvgb/outputs/dual_g2_s912113_b0__pooled_em_i12.npz,fe8649f38124942a453f360a8f8e4dc6ca8b0e92ebe4cdc49ea2f68701c2b448,2.0,912113,0.0,1,2,0.0,2.0,,0.02028765199065674,1.0,True,True,0.4339912456086131,0.5223934618260346,0.9278816660523187,0.97265625,1.0,0.43956115780670196,1.0,0.531755758466831,0.4388100583903272,0.4473686791586667,1.4070375556788095,0.5929624443211905,0.7035187778394048,,self-report; not geometry-derived layer count or success,0.5315509091413726,0.014758646740638731,1.367833602650716,1.3678336026507167,6.661338147750939e-16,1.9999999999999993,"GT source-group affine fits evaluated at x=y=0; may extrapolate, not physical layer count"
dual_g2_s912113_b0,spectrum_fixed_i12,spectrum_fixed,12,/srv/slam-research/grf/map-denoise/runs/multiscan-pilot-v1/spectral-filter-v10-dpamdvgb/outputs/dual_g2_s912113_b0__spectrum_fixed_i12.npz,acfa6927ce5a6916c71701b8d5c98db609468b839fd26e64d321b44f7a1eb423,2.0,912113,0.0,2,2,1.8612040133779264,0.1387959866220736,1.8612040133779264,0.016493472998263314,1.0,True,True,0.6751207413606034,0.8077225257263239,1.4743828552745946,0.7005208333333334,1.0,0.7402371868896142,1.0,0.9152772013962441,0.7673338388027601,0.9054880527076764,1.7402547828454593,0.2597452171545407,0.8701273914227297,,self-report; not geometry-derived layer count or success,0.9142193403706608,0.04399264811277773,0.6643572757436004,0.6666220303484491,1.0785939910891256,0.9214060089108744,"GT source-group affine fits evaluated at x=y=0; may extrapolate, not physical layer count"
dual_g2_s912113_b0,pooled_em_i36,pooled_em,36,/srv/slam-research/grf/map-denoise/runs/multiscan-pilot-v1/spectral-filter-v10-dpamdvgb/outputs/dual_g2_s912113_b0__pooled_em_i36.npz,fe8649f38124942a453f360a8f8e4dc6ca8b0e92ebe4cdc49ea2f68701c2b448,2.0,912113,0.0,1,2,0.0,2.0,,0.05612780600495171,1.0,True,True,0.4339912456086131,0.5223934618260346,0.9278816660523187,0.97265625,1.0,0.43956115780670196,1.0,0.531755758466831,0.4388100583903272,0.4473686791586667,1.4070375556788095,0.5929624443211905,0.7035187778394048,,self-report; not geometry-derived layer count or success,0.5315509091413726,0.014758646740638731,1.367833602650716,1.3678336026507167,6.661338147750939e-16,1.9999999999999993,"GT source-group affine fits evaluated at x=y=0; may extrapolate, not physical layer count"
dual_g2_s912113_b0,spectrum_fixed_i36,spectrum_fixed,36,/srv/slam-research/grf/map-denoise/runs/multiscan-pilot-v1/spectral-filter-v10-dpamdvgb/outputs/dual_g2_s912113_b0__spectrum_fixed_i36.npz,a1be87195cf80e525d0c7cb5606e774f4b58472bdb9c4d7f9c9833ed0c6c1574,2.0,912113,0.0,2,2,1.8612040133779264,0.1387959866220736,1.8612040133779264,0.04248786000243854,1.0,True,True,0.6653850521001521,0.822418721866427,1.67729950456834,0.6966145833333334,0.9973958333333334,0.7254009479102491,1.0,0.9287910137187351,0.7581173492528506,0.9096490552626852,1.6232865721993237,0.3767134278006763,0.8116432860996619,,self-report; not geometry-derived layer count or success,0.9278278117141192,0.042288284127692324,0.9982888697019137,1.0352693027981696,0.5856943430532705,1.4143056569467296,"GT source-group affine fits evaluated at x=y=0; may extrapolate, not physical layer count"
dual_g2_s912113_b4,pooled_em_i12,pooled_em,12,/srv/slam-research/grf/map-denoise/runs/multiscan-pilot-v1/spectral-filter-v10-dpamdvgb/outputs/dual_g2_s912113_b4__pooled_em_i12.npz,6051b32c10db1d52e242364227ff5033c8ea344b83908038a8c09d6ba55d05ed,2.0,912113,4.0,1,2,0.0,2.0,,0.020336539993877523,1.0,True,True,0.4340958873156273,0.5224800624913758,0.9276811381723317,0.9700520833333334,1.0,0.4463469412251519,1.0,0.5344569602302128,0.43888043130400356,0.4473683074604016,1.4069571713082463,0.5930428286917537,0.7034785856541231,,self-report; not geometry-derived layer count or success,0.5342531466307936,0.014758646740638696,1.3678336026507114,1.367833602650716,8.881784197001252e-16,1.9999999999999991,"GT source-group affine fits evaluated at x=y=0; may extrapolate, not physical layer count"
dual_g2_s912113_b4,spectrum_fixed_i12,spectrum_fixed,12,/srv/slam-research/grf/map-denoise/runs/multiscan-pilot-v1/spectral-filter-v10-dpamdvgb/outputs/dual_g2_s912113_b4__spectrum_fixed_i12.npz,3b98a5a7b1dee694b69a1e0f2922a462c2d87c80db701b9f7266142f0ff72d4f,2.0,912113,4.0,2,2,1.8612040133779264,0.1387959866220736,1.8612040133779264,0.016508184009580873,1.0,True,True,0.6751562708837374,0.8076776020767282,1.4755975368879717,0.69921875,1.0,0.744537105955653,1.0,0.9169716554776363,0.7676129561567304,0.905785384946853,1.74017562652012,0.25982437347987997,0.87008781326006,,self-report; not geometry-derived layer count or success,0.9159157515085231,0.0439926481127752,0.6662285855027755,0.6683896675321863,1.0765388034752046,0.9234611965247954,"GT source-group affine fits evaluated at x=y=0; may extrapolate, not physical layer count"
dual_g2_s912113_b4,pooled_em_i36,pooled_em,36,/srv/slam-research/grf/map-denoise/runs/multiscan-pilot-v1/spectral-filter-v10-dpamdvgb/outputs/dual_g2_s912113_b4__pooled_em_i36.npz,6051b32c10db1d52e242364227ff5033c8ea344b83908038a8c09d6ba55d05ed,2.0,912113,4.0,1,2,0.0,2.0,,0.05628223100211471,1.0,True,True,0.4340958873156273,0.5224800624913758,0.9276811381723317,0.9700520833333334,1.0,0.4463469412251519,1.0,0.5344569602302128,0.43888043130400356,0.4473683074604016,1.4069571713082463,0.5930428286917537,0.7034785856541231,,self-report; not geometry-derived layer count or success,0.5342531466307936,0.014758646740638696,1.3678336026507114,1.367833602650716,8.881784197001252e-16,1.9999999999999991,"GT source-group affine fits evaluated at x=y=0; may extrapolate, not physical layer count"
dual_g2_s912113_b4,spectrum_fixed_i36,spectrum_fixed,36,/srv/slam-research/grf/map-denoise/runs/multiscan-pilot-v1/spectral-filter-v10-dpamdvgb/outputs/dual_g2_s912113_b4__spectrum_fixed_i36.npz,bf8976c9854baa983e35504fbc81b1e0b0eba632c2fa3a6eaec5d352b213c359,2.0,912113,4.0,2,2,1.8612040133779264,0.1387959866220736,1.8612040133779264,0.0423885549971601,1.0,True,True,0.6656135505378193,0.8226112253149781,1.678032818220151,0.6979166666666666,0.9973958333333334,0.7298885424911804,1.0,0.930578968927304,0.7586415361915129,0.9102307531938648,1.6232079488859195,0.37679205111408054,0.8116039744429597,,self-report; not geometry-derived layer count or success,0.9296176194733726,0.042288284127687946,1.0023118884947884,1.0405408853622298,0.5810188701443237,1.4189811298556763,"GT source-group affine fits evaluated at x=y=0; may extrapolate, not physical layer count"
dual_g2_s912127_b0,pooled_em_i12,pooled_em,12,/srv/slam-research/grf/map-denoise/runs/multiscan-pilot-v1/spectral-filter-v10-dpamdvgb/outputs/dual_g2_s912127_b0__pooled_em_i12.npz,93641c7f023c88d6da2bf275f035ba5add92674913d3670ac08578b50466d31a,2.0,912127,0.0,1,2,0.0,2.0,,0.020219621001160704,1.0,True,True,0.42753530004388535,0.5150361729699185,0.9269094405135474,0.9427083333333334,1.0,0.4355226974797755,1.0,0.5290946411441643,0.4347129445531594,0.41706565090273445,1.3277784716461478,0.6722215283538522,0.6638892358230739,,self-report; not geometry-derived layer count or success,0.5287499362471009,0.019095659353858624,1.2850978420730081,1.2850978420730093,0.0,2.0,"GT source-group affine fits evaluated at x=y=0; may extrapolate, not physical layer count"
dual_g2_s912127_b0,spectrum_fixed_i12,spectrum_fixed,12,/srv/slam-research/grf/map-denoise/runs/multiscan-pilot-v1/spectral-filter-v10-dpamdvgb/outputs/dual_g2_s912127_b0__spectrum_fixed_i12.npz,be53177212c8a00fa012dfc696107204a7927908904ce12b20c5205432e5638a,2.0,912127,0.0,2,2,1.7433110367892977,0.25668896321070234,1.7433110367892977,0.016498227007105015,1.0,True,True,0.6310559539626662,0.749170601815131,1.3472413635609026,0.7877604166666666,0.99609375,0.6686384464624968,1.0,0.8245521311968812,0.6899071064796024,0.810628052116889,1.6888366478905468,0.31116335210945323,0.8444183239452734,,self-report; not geometry-derived layer count or success,0.8245112980564858,0.008205878291052975,0.3743699687988003,0.3858069646172486,1.3088968518339916,0.6911031481660084,"GT source-group affine fits evaluated at x=y=0; may extrapolate, not physical layer count"
dual_g2_s912127_b0,pooled_em_i36,pooled_em,36,/srv/slam-research/grf/map-denoise/runs/multiscan-pilot-v1/spectral-filter-v10-dpamdvgb/outputs/dual_g2_s912127_b0__pooled_em_i36.npz,93641c7f023c88d6da2bf275f035ba5add92674913d3670ac08578b50466d31a,2.0,912127,0.0,1,2,0.0,2.0,,0.05579578499600757,1.0,True,True,0.42753530004388535,0.5150361729699185,0.9269094405135474,0.9427083333333334,1.0,0.4355226974797755,1.0,0.5290946411441643,0.4347129445531594,0.41706565090273445,1.3277784716461478,0.6722215283538522,0.6638892358230739,,self-report; not geometry-derived layer count or success,0.5287499362471009,0.019095659353858624,1.2850978420730081,1.2850978420730093,0.0,2.0,"GT source-group affine fits evaluated at x=y=0; may extrapolate, not physical layer count"
dual_g2_s912127_b0,spectrum_fixed_i36,spectrum_fixed,36,/srv/slam-research/grf/map-denoise/runs/multiscan-pilot-v1/spectral-filter-v10-dpamdvgb/outputs/dual_g2_s912127_b0__spectrum_fixed_i36.npz,27490b778a0f7aded24c98efd4b857a8ae7f077f19866e40242c4619239911a2,2.0,912127,0.0,2,2,1.7433110367892977,0.25668896321070234,1.7433110367892977,0.042543953997665085,1.0,True,True,0.6646756336967357,0.7760214473359767,1.3584025536053157,0.75,0.9934895833333334,0.7085284488655391,1.0,0.8643065030168029,0.7357472257150182,0.8456725650195834,1.6315774640639997,0.3684225359360003,0.8157887320319999,,self-report; not geometry-derived layer count or success,0.8643051475252492,0.0015307248256672785,0.6096472777788323,0.6137335466805983,0.9998334260693716,1.0001665739306285,"GT source-group affine fits evaluated at x=y=0; may extrapolate, not physical layer count"
dual_g2_s912127_b4,pooled_em_i12,pooled_em,12,/srv/slam-research/grf/map-denoise/runs/multiscan-pilot-v1/spectral-filter-v10-dpamdvgb/outputs/dual_g2_s912127_b4__pooled_em_i12.npz,53654a14dbe9c3832a786e90a8b513eafd6515ca994e14bacdfe1f79de7a04b7,2.0,912127,4.0,1,2,0.0,2.0,,0.020541866004350595,1.0,True,True,0.42759295251073093,0.5150803739836044,0.9282873186553692,0.94140625,1.0,0.44344033487799434,1.0,0.532531448402119,0.4347154309164541,0.4170204466478658,1.3278521236557634,0.6721478763442366,0.6639260618278817,,self-report; not geometry-derived layer count or success,0.5321889695691748,0.01909565935385962,1.2850978420730075,1.2850978420730088,1.5543122344752192e-15,1.9999999999999984,"GT source-group affine fits evaluated at x=y=0; may extrapolate, not physical layer count"
dual_g2_s912127_b4,spectrum_fixed_i12,spectrum_fixed,12,/srv/slam-research/grf/map-denoise/runs/multiscan-pilot-v1/spectral-filter-v10-dpamdvgb/outputs/dual_g2_s912127_b4__spectrum_fixed_i12.npz,c5e899ad802b167634d1459c045f69644fdcdd574ddf55a948370e8b72ffb7c2,2.0,912127,4.0,2,2,1.7433110367892977,0.25668896321070234,1.7433110367892977,0.016437690006569028,1.0,True,True,0.6310234994155673,0.749135439232217,1.3436706614727894,0.7838541666666666,0.99609375,0.6738609976000839,1.0,0.8267622787613814,0.6898754760077456,0.8105986518455447,1.6889098515064302,0.31109014849356975,0.8444549257532151,,self-report; not geometry-derived layer count or success,0.8267215547838246,0.008205878291057764,0.37389097602351806,0.3857956011768856,1.309742155455349,0.690257844544651,"GT source-group affine fits evaluated at x=y=0; may extrapolate, not physical layer count"
dual_g2_s912127_b4,pooled_em_i36,pooled_em,36,/srv/slam-research/grf/map-denoise/runs/multiscan-pilot-v1/spectral-filter-v10-dpamdvgb/outputs/dual_g2_s912127_b4__pooled_em_i36.npz,53654a14dbe9c3832a786e90a8b513eafd6515ca994e14bacdfe1f79de7a04b7,2.0,912127,4.0,1,2,0.0,2.0,,0.05629225900338497,1.0,True,True,0.42759295251073093,0.5150803739836044,0.9282873186553692,0.94140625,1.0,0.44344033487799434,1.0,0.532531448402119,0.4347154309164541,0.4170204466478658,1.3278521236557634,0.6721478763442366,0.6639260618278817,,self-report; not geometry-derived layer count or success,0.5321889695691748,0.01909565935385962,1.2850978420730075,1.2850978420730088,1.5543122344752192e-15,1.9999999999999984,"GT source-group affine fits evaluated at x=y=0; may extrapolate, not physical layer count"
dual_g2_s912127_b4,spectrum_fixed_i36,spectrum_fixed,36,/srv/slam-research/grf/map-denoise/runs/multiscan-pilot-v1/spectral-filter-v10-dpamdvgb/outputs/dual_g2_s912127_b4__spectrum_fixed_i36.npz,efc586813c1361f1e29cab4a06c2ee0e947bbb3c238a3a4e6672fcf072bc8df2,2.0,912127,4.0,2,2,1.7433110367892977,0.25668896321070234,1.7433110367892977,0.043913279005209915,1.0,True,True,0.6646294861068164,0.7759760841929428,1.3590366336989423,0.7486979166666666,0.9934895833333334,0.7131689617126016,1.0,0.866426892884768,0.7357340725921698,0.8456836685634098,1.6316511199894206,0.3683488800105794,0.8158255599947103,,self-report; not geometry-derived layer count or success,0.8664255407104879,0.0015307248256808403,0.6093560247034677,0.612303379985258,1.000600568319171,0.999399431680829,"GT source-group affine fits evaluated at x=y=0; may extrapolate, not physical layer count"
dual_g4_s912101_b0,pooled_em_i12,pooled_em,12,/srv/slam-research/grf/map-denoise/runs/multiscan-pilot-v1/spectral-filter-v10-dpamdvgb/outputs/dual_g4_s912101_b0__pooled_em_i12.npz,49e22b27dae4ddeece4b3a25c9e0c8c1d3c6d4fe136e3031ec0c348dfd775597,4.0,912101,0.0,2,2,2.140100277890389,1.8598997221096112,,0.019954222996602766,0.921875,True,True,0.7283040306069712,0.9081950820993536,1.788486324312326,0.75,0.9869791666666666,0.6952786678202226,1.0,0.9338555476739019,0.7401169152902926,0.9046140856746041,3.52337848842025,0.47662151157974986,0.8808446221050625,,self-report; not geometry-derived layer count or success,0.9337043757811784,0.016802457213254424,1.0737273856426963,1.0936302495525811,2.4060659497288683,1.5939340502711317,"GT source-group affine fits evaluated at x=y=0; may extrapolate, not physical layer count"
dual_g4_s912101_b0,spectrum_fixed_i12,spectrum_fixed,12,/srv/slam-research/grf/map-denoise/runs/multiscan-pilot-v1/spectral-filter-v10-dpamdvgb/outputs/dual_g4_s912101_b0__spectrum_fixed_i12.npz,df379a7b819a6a446c9e40a76dab9f7d3084e4de1d677e8d774f8ea88182f6bd,4.0,912101,0.0,2,2,3.7081939799331103,0.2918060200668897,3.7081939799331103,0.016267008002614602,0.921875,True,True,1.152872022648106,1.4395942462494395,2.8729098754778466,0.4973958333333333,0.8802083333333334,1.0825862605294734,1.0,1.5522977149409414,1.2357836586370468,1.5481698693158394,3.773362359344858,0.22663764065514203,0.9433405898362145,,self-report; not geometry-derived layer count or success,1.552081877066242,0.02588518289290597,0.5719803676510393,0.6399932360974022,3.155126057439314,0.8448739425606862,"GT source-group affine fits evaluated at x=y=0; may extrapolate, not physical layer count"
dual_g4_s912101_b0,pooled_em_i36,pooled_em,36,/srv/slam-research/grf/map-denoise/runs/multiscan-pilot-v1/spectral-filter-v10-dpamdvgb/outputs/dual_g4_s912101_b0__pooled_em_i36.npz,e4e1bbcf2d63b3eaeca2e5ddf3cb4862df1741f80a35ef3f3f0a114789f86ce6,4.0,912101,0.0,2,2,2.163847399855873,1.836152600144127,,0.0553501079994021,0.921875,True,True,0.7466879713979176,0.9310855826310598,1.8351329842739983,0.7291666666666666,0.9869791666666666,0.7107307111125399,1.0,0.961384018891668,0.7610183990937678,0.9316221749714585,3.514214840564546,0.4857851594354541,0.8785537101411365,,self-report; not geometry-derived layer count or success,0.9609752295564694,0.028032837159050555,1.093765377400179,1.1198227144969846,2.4045555585139375,1.5954444414860625,"GT source-group affine fits evaluated at x=y=0; may extrapolate, not physical layer count"
dual_g4_s912101_b0,spectrum_fixed_i36,spectrum_fixed,36,/srv/slam-research/grf/map-denoise/runs/multiscan-pilot-v1/spectral-filter-v10-dpamdvgb/outputs/dual_g4_s912101_b0__spectrum_fixed_i36.npz,8aa3ba75e15227052f29d5c0f5772c404245de18bb4600a9760b855daa198c48,4.0,912101,0.0,2,2,3.7081939799331103,0.2918060200668897,3.7081939799331103,0.04227621800964698,0.921875,True,True,1.1102972162768243,1.4345118633762628,3.1710184344137815,0.5559895833333334,0.890625,1.0098882076587754,1.0,1.5704289226624728,1.2100438128327464,1.5543153538072365,3.5407138872007207,0.45928611279927933,0.8851784718001802,,self-report; not geometry-derived layer count or success,1.570219417791442,0.025651142772196472,1.1620391956327836,1.547546835284997,2.1823903007955483,1.8176096992044517,"GT source-group affine fits evaluated at x=y=0; may extrapolate, not physical layer count"
dual_g4_s912101_b4,pooled_em_i12,pooled_em,12,/srv/slam-research/grf/map-denoise/runs/multiscan-pilot-v1/spectral-filter-v10-dpamdvgb/outputs/dual_g4_s912101_b4__pooled_em_i12.npz,b90fa81759b6156a0960b7dbccd1d83fcff41ed84d56438fcc0990782df64344,4.0,912101,4.0,2,2,2.140100277890359,1.859899722109641,,0.02049148199148476,0.921875,True,True,0.878970577618154,1.2329650028663492,2.2035982150824216,0.6888020833333334,0.9401041666666666,0.8219031522380335,1.0,1.3770047829515821,0.9549511173969453,1.3628860406410006,3.6093249019042877,0.3906750980957123,0.9023312254760719,,self-report; not geometry-derived layer count or success,1.376116574335509,0.04945044095493373,0.9351170989005272,0.9405186594564061,2.6558863069116274,1.3441136930883726,"GT source-group affine fits evaluated at x=y=0; may extrapolate, not physical layer count"
dual_g4_s912101_b4,spectrum_fixed_i12,spectrum_fixed,12,/srv/slam-research/grf/map-denoise/runs/multiscan-pilot-v1/spectral-filter-v10-dpamdvgb/outputs/dual_g4_s912101_b4__spectrum_fixed_i12.npz,82e8a7904d6c48884e789d6bc6a9e681c2504c8da047766cd134126dacf23e15,4.0,912101,4.0,2,2,3.7081939799331103,0.2918060200668897,3.7081939799331103,0.016466140004922636,0.921875,True,True,1.3036591732565554,1.663815338232705,3.265074449694608,0.43359375,0.8216145833333334,1.2294356469871095,1.0,1.8530863561362871,1.4507039108231325,1.8508174094470329,3.859309729284577,0.14069027071542317,0.9648274323211442,,self-report; not geometry-derived layer count or success,1.8521616862559183,0.05853316379707339,0.4379489758898159,0.47991364930767255,3.404394993292027,0.5956050067079728,"GT source-group affine fits evaluated at x=y=0; may extrapolate, not physical layer count"
dual_g4_s912101_b4,pooled_em_i36,pooled_em,36,/srv/slam-research/grf/map-denoise/runs/multiscan-pilot-v1/spectral-filter-v10-dpamdvgb/outputs/dual_g4_s912101_b4__pooled_em_i36.npz,483d56b39977dd3e9c2066cf2985a6b81a2679a109d2cd0713a06dc8b70b30a7,4.0,912101,4.0,2,2,2.163848922066107,1.8361510779338932,,0.055856623002910055,0.921875,True,True,0.8973346567498112,1.24990720072826,2.1615231460186703,0.6705729166666666,0.9401041666666666,0.8382571338793966,1.0,1.3958085071427235,0.9758325699614954,1.380815878839799,3.6001623786649284,0.3998376213350716,0.9000405946662321,,self-report; not geometry-derived layer count or success,1.3944891267049797,0.060675069951188126,0.9585575697916305,0.996067605461842,2.654519224504071,1.345480775495929,"GT source-group affine fits evaluated at x=y=0; may extrapolate, not physical layer count"
dual_g4_s912101_b4,spectrum_fixed_i36,spectrum_fixed,36,/srv/slam-research/grf/map-denoise/runs/multiscan-pilot-v1/spectral-filter-v10-dpamdvgb/outputs/dual_g4_s912101_b4__spectrum_fixed_i36.npz,9fdc610aaa24deeb9e80b01d1561aed44d4834ecb3079064db50018bc3b7312d,4.0,912101,4.0,2,2,3.7081939799331103,0.2918060200668897,3.7081939799331103,0.04237287100113463,0.921875,True,True,1.2609898249427351,1.659314848141335,3.507845783778598,0.4908854166666667,0.82421875,1.1687316024856678,1.0,1.8682529655576074,1.4249080114243997,1.8584460670244347,3.626660606155669,0.373339393844331,0.9066651515389172,,self-report; not geometry-derived layer count or success,1.8673431205207627,0.05829934440947989,1.0366051359812438,1.3970215359290958,2.432329827094203,1.567670172905797,"GT source-group affine fits evaluated at x=y=0; may extrapolate, not physical layer count"
dual_g4_s912113_b0,pooled_em_i12,pooled_em,12,/srv/slam-research/grf/map-denoise/runs/multiscan-pilot-v1/spectral-filter-v10-dpamdvgb/outputs/dual_g4_s912113_b0__pooled_em_i12.npz,97a7b243c3ef564a68300282d5fa8172a105fdf8650523c82c27908dc05a39d3,4.0,912113,0.0,2,2,2.0586763624315823,1.9413236375684177,,0.020440316991880536,0.9088541666666666,True,True,0.7760684507981876,0.9555891949193953,1.8383669233297184,0.7239583333333334,0.97265625,0.736896928555019,1.0,0.9957046906484872,0.7954847969820286,0.966483444881606,3.509919328529655,0.49008067147034495,0.8774798321324138,,self-report; not geometry-derived layer count or success,0.9957045334520869,0.0005595018871451954,1.3031158456932308,1.396186918740477,2.101444094078858,1.898555905921142,"GT source-group affine fits evaluated at x=y=0; may extrapolate, not physical layer count"
dual_g4_s912113_b0,spectrum_fixed_i12,spectrum_fixed,12,/srv/slam-research/grf/map-denoise/runs/multiscan-pilot-v1/spectral-filter-v10-dpamdvgb/outputs/dual_g4_s912113_b0__spectrum_fixed_i12.npz,28c6d4ce252b8534fee574005cf4a7c22b007b2b47a9fa1cedf9d122f29721be,4.0,912113,0.0,2,2,3.3545150501672243,0.6454849498327757,3.3545150501672243,0.01635519899718929,0.9088541666666666,True,True,1.2031021634365413,1.4406185788655452,2.619813830274292,0.4479166666666667,0.8815104166666666,1.1449087577518713,1.0,1.5522521524778192,1.284081124836927,1.5368911961974916,3.555193007255043,0.44480699274495716,0.8887982518137607,,self-report; not geometry-derived layer count or success,1.552228516410746,0.008566079226656972,1.1209510310073656,1.4637875665781592,2.2434697484968087,1.7565302515031913,"GT source-group affine fits evaluated at x=y=0; may extrapolate, not physical layer count"
dual_g4_s912113_b0,pooled_em_i36,pooled_em,36,/srv/slam-research/grf/map-denoise/runs/multiscan-pilot-v1/spectral-filter-v10-dpamdvgb/outputs/dual_g4_s912113_b0__pooled_em_i36.npz,843d83548d52e024e3b8c1ae2f65eb33ec4b720089a2ca6de9f26fe900e17bf7,4.0,912113,0.0,2,2,2.0959177964411566,1.9040822035588434,,0.055520186011563055,0.9088541666666666,True,True,0.8040341820056862,0.987160724345878,1.8825739821955296,0.703125,0.9661458333333334,0.7655585141454346,1.0,1.034749270161335,0.8279214541512799,1.0040281648035345,3.4878368911661957,0.5121631088338043,0.8719592227915489,,self-report; not geometry-derived layer count or success,1.0347443838843442,0.003179955852600353,1.3733012680371293,1.508654966038796,1.989683182561789,2.010316817438211,"GT source-group affine fits evaluated at x=y=0; may extrapolate, not physical layer count"
dual_g4_s912113_b0,spectrum_fixed_i36,spectrum_fixed,36,/srv/slam-research/grf/map-denoise/runs/multiscan-pilot-v1/spectral-filter-v10-dpamdvgb/outputs/dual_g4_s912113_b0__spectrum_fixed_i36.npz,3355bf56e4e2f28e482954684e700e482347feb301d82436c99cce19dd9f5b17,4.0,912113,0.0,2,2,3.3545150501672243,0.6454849498327757,3.3545150501672243,0.04242554499069229,0.9088541666666666,True,True,1.251164353958056,1.4872798679183479,2.6886147084989793,0.4140625,0.8502604166666666,1.205231435934767,1.0,1.6198923584202387,1.3501040542232914,1.5974279172781172,3.4513877051967707,0.5486122948032293,0.8628469262991927,,self-report; not geometry-derived layer count or success,1.6198101544077843,0.01631920787637431,1.4211947019180629,1.8557798132474217,1.7862918892034947,2.2137081107965053,"GT source-group affine fits evaluated at x=y=0; may extrapolate, not physical layer count"
dual_g4_s912113_b4,pooled_em_i12,pooled_em,12,/srv/slam-research/grf/map-denoise/runs/multiscan-pilot-v1/spectral-filter-v10-dpamdvgb/outputs/dual_g4_s912113_b4__pooled_em_i12.npz,aa8868563683b1fb00f624b256a86e437e802c4462c2c022444174ec5fc44832,4.0,912113,4.0,2,2,2.0586763624315862,1.9413236375684138,,0.02032558200880885,0.9114583333333334,True,True,0.954577936966075,1.3683876496049279,2.4765376768926304,0.6796875,0.9296875,0.848380982047576,1.0,1.6764420213417726,1.0793640973519119,1.6576108841926946,3.4939236473949027,0.5060763526050973,0.8734809118487257,,self-report; not geometry-derived layer count or success,1.6763990995583251,0.01199624610135549,1.340602396728381,1.4087981519668833,2.0544444750683484,1.9455555249316516,"GT source-group affine fits evaluated at x=y=0; may extrapolate, not physical layer count"
dual_g4_s912113_b4,spectrum_fixed_i12,spectrum_fixed,12,/srv/slam-research/grf/map-denoise/runs/multiscan-pilot-v1/spectral-filter-v10-dpamdvgb/outputs/dual_g4_s912113_b4__spectrum_fixed_i12.npz,ab15eebaaaeae0bff6fecde7e60677960dd006c55a6e93498aaaaf7157256c69,4.0,912113,4.0,2,2,3.3545150501672243,0.6454849498327757,3.3545150501672243,0.01642706299026031,0.9114583333333334,True,True,1.3817458296308553,1.7422686737056945,3.046616311003029,0.3984375,0.83203125,1.2642892982160168,1.0,2.0566011487496794,1.5682211517657487,2.043893325562084,3.5409365022845325,0.4590634977154675,0.8852341255711331,,self-report; not geometry-derived layer count or success,2.0565237756827854,0.017839425156686135,1.1599616168154412,1.496758119216447,2.189052885656719,1.8109471143432812,"GT source-group affine fits evaluated at x=y=0; may extrapolate, not physical layer count"
dual_g4_s912113_b4,pooled_em_i36,pooled_em,36,/srv/slam-research/grf/map-denoise/runs/multiscan-pilot-v1/spectral-filter-v10-dpamdvgb/outputs/dual_g4_s912113_b4__pooled_em_i36.npz,e55a2a7ae80e22dad4b00d70dc5e1c231c88e99cb06173443f5f03c862ba4282,4.0,912113,4.0,2,2,2.095917796441157,1.904082203558843,,0.05608354300784413,0.9114583333333334,True,True,0.9825045315259908,1.3905941419546544,2.4887080902602325,0.6575520833333334,0.9231770833333334,0.8776504208593531,1.0,1.6999219032217001,1.111780456166783,1.6797498496078116,3.471870913034172,0.5281290869658282,0.867967728258543,,self-report; not geometry-derived layer count or success,1.6998966105367597,0.009273108352832302,1.411162067068819,1.523312554455676,1.9424651031954028,2.0575348968045972,"GT source-group affine fits evaluated at x=y=0; may extrapolate, not physical layer count"
dual_g4_s912113_b4,spectrum_fixed_i36,spectrum_fixed,36,/srv/slam-research/grf/map-denoise/runs/multiscan-pilot-v1/spectral-filter-v10-dpamdvgb/outputs/dual_g4_s912113_b4__spectrum_fixed_i36.npz,a4efea45dbc126b5c2a1ac87b3d2ce8706d590184ee44f7b1da8f68dc0041bed,4.0,912113,4.0,2,2,3.3545150501672243,0.6454849498327757,3.3545150501672243,0.042693076000432484,0.9114583333333334,True,True,1.428679377620487,1.7805735916653416,3.0057224414392367,0.3658854166666667,0.8020833333333334,1.3226655775942482,1.0,2.1047401447716583,1.6302692161227845,2.0870362701000733,3.4476621429602172,0.5523378570397828,0.8619155357400543,,self-report; not geometry-derived layer count or success,2.1047382978569815,0.0027882875596240363,1.4297844630491017,1.80889719093635,1.7941815197920818,2.205818480207918,"GT source-group affine fits evaluated at x=y=0; may extrapolate, not physical layer count"
dual_g4_s912127_b0,pooled_em_i12,pooled_em,12,/srv/slam-research/grf/map-denoise/runs/multiscan-pilot-v1/spectral-filter-v10-dpamdvgb/outputs/dual_g4_s912127_b0__pooled_em_i12.npz,d343956f74251804adfa8b6b41257b9ee1d47086789cc063fbcdcb6a83ab7e47,4.0,912127,0.0,2,2,2.233599913022191,1.766400086977809,,0.020299372990848497,0.9361979166666666,True,True,0.7344928045377349,0.9170925541468536,1.8318126447241063,0.75,0.9778645833333334,0.6985822794884878,1.0,0.937834180714616,0.7441056408468443,0.9033955938379936,3.4930893054311163,0.5069106945688837,0.8732723263577791,,self-report; not geometry-derived layer count or success,0.9366493879237985,0.04712615641688466,0.9461642054021987,1.0285974241635252,2.5060942528839663,1.4939057471160337,"GT source-group affine fits evaluated at x=y=0; may extrapolate, not physical layer count"
dual_g4_s912127_b0,spectrum_fixed_i12,spectrum_fixed,12,/srv/slam-research/grf/map-denoise/runs/multiscan-pilot-v1/spectral-filter-v10-dpamdvgb/outputs/dual_g4_s912127_b0__spectrum_fixed_i12.npz,abb8374e5a0255a585ea8d3d38787db9ceb183fae1805507a7de6cb344a586b8,4.0,912127,0.0,2,2,3.9832775919732444,0.01672240802675562,3.9832775919732444,0.016498185010277666,0.9361979166666666,True,True,1.2652404950667668,1.542070592449417,3.0279242189345794,0.44921875,0.8229166666666666,1.1997909866714436,1.0,1.6280078321031728,1.3332497300100397,1.6245640361866585,3.785183931034168,0.21481606896583205,0.946295982758542,,self-report; not geometry-derived layer count or success,1.6279621626959313,0.012194187945806786,0.329576351193303,0.35735052800447675,3.6053486658173965,0.39465133418260345,"GT source-group affine fits evaluated at x=y=0; may extrapolate, not physical layer count"
dual_g4_s912127_b0,pooled_em_i36,pooled_em,36,/srv/slam-research/grf/map-denoise/runs/multiscan-pilot-v1/spectral-filter-v10-dpamdvgb/outputs/dual_g4_s912127_b0__pooled_em_i36.npz,7d32ed12545bbf421634f72e6e5e7a5647c16991a4641afb7e2b27b0ef1d70d1,4.0,912127,0.0,2,2,2.281859735584198,1.7181402644158021,,0.055756235000444576,0.9361979166666666,True,True,0.743025451608942,0.9344852642984324,1.86849585345159,0.7447916666666666,0.9765625,0.7041890519259343,1.0,0.9543343244939532,0.7523923583633509,0.9160074162174431,3.4537306685970903,0.5462693314029097,0.8634326671492726,,self-report; not geometry-derived layer count or success,0.9540052145930821,0.025060994324592623,0.8984959986022233,1.0030676902008842,2.512752153973437,1.487247846026563,"GT source-group affine fits evaluated at x=y=0; may extrapolate, not physical layer count"
dual_g4_s912127_b0,spectrum_fixed_i36,spectrum_fixed,36,/srv/slam-research/grf/map-denoise/runs/multiscan-pilot-v1/spectral-filter-v10-dpamdvgb/outputs/dual_g4_s912127_b0__spectrum_fixed_i36.npz,e27c4790d2c33804a72c21f7e8fdd9ec4feb371a7afea5be4efb4433cb4ed91e,4.0,912127,0.0,2,2,3.9832775919732444,0.01672240802675562,3.9832775919732444,0.042536523993476294,0.9361979166666666,True,True,1.2633349154736413,1.6012893527246652,3.4040204965653107,0.4622395833333333,0.8255208333333334,1.1886734287565646,1.0,1.7644184176352764,1.395180145322665,1.7388538733024586,3.386988060209358,0.613011939790642,0.8467470150523395,,self-report; not geometry-derived layer count or success,1.764416036655672,0.0028986346549785664,1.1488322115817013,1.4862710172339837,2.133917712704254,1.8660822872957459,"GT source-group affine fits evaluated at x=y=0; may extrapolate, not physical layer count"
dual_g4_s912127_b4,pooled_em_i12,pooled_em,12,/srv/slam-research/grf/map-denoise/runs/multiscan-pilot-v1/spectral-filter-v10-dpamdvgb/outputs/dual_g4_s912127_b4__pooled_em_i12.npz,27c8d3534895cb8afb5f5ec4a94c3e41585757243d2c8ddae1e675f427577ff0,4.0,912127,4.0,2,2,2.233599913022189,1.7664000869778111,,0.020189211005344987,0.9388020833333334,True,True,0.8190208174764407,1.1023261810685143,2.203211070913735,0.7278645833333334,0.9544270833333334,0.7523782524915906,1.0,1.3123437123830446,0.8836452481470595,1.2864974851453679,3.4782212976096165,0.5217787023903835,0.8695553244024041,,self-report; not geometry-derived layer count or success,1.3116113018636602,0.04383847915730676,0.9837245902611714,1.1084374512261486,2.4485155937314804,1.5514844062685196,"GT source-group affine fits evaluated at x=y=0; may extrapolate, not physical layer count"
dual_g4_s912127_b4,spectrum_fixed_i12,spectrum_fixed,12,/srv/slam-research/grf/map-denoise/runs/multiscan-pilot-v1/spectral-filter-v10-dpamdvgb/outputs/dual_g4_s912127_b4__spectrum_fixed_i12.npz,e9d548374b9f1d612c2667673bd04dad1512a437ba4a6ebe086e9796d34d53b4,4.0,912127,4.0,2,2,3.9832775919732444,0.01672240802675562,3.9832775919732444,0.016420284999185242,0.9388020833333334,True,True,1.3500404085890996,1.6581000436358528,3.206741864523982,0.421875,0.7994791666666666,1.2637906557002168,1.0,1.870315908221532,1.475010150113168,1.8670083603816066,3.776103177279089,0.22389682272091083,0.9440257943197723,,self-report; not geometry-derived layer count or success,1.8703081720073877,0.00537943016661917,0.4338145311443425,0.4881196257778086,3.5554266256286993,0.44457337437130073,"GT source-group affine fits evaluated at x=y=0; may extrapolate, not physical layer count"
dual_g4_s912127_b4,pooled_em_i36,pooled_em,36,/srv/slam-research/grf/map-denoise/runs/multiscan-pilot-v1/spectral-filter-v10-dpamdvgb/outputs/dual_g4_s912127_b4__pooled_em_i36.npz,bdddd2dec0c11d07bc8ba1d927f0cd7fdf268fa369fab2eb157f140effccecb5,4.0,912127,4.0,2,2,2.2818597355841996,1.7181402644158004,,0.055559257001732476,0.9388020833333334,True,True,0.8274982189807933,1.1167856277445296,2.2619687423238513,0.7213541666666666,0.9544270833333334,0.7579872807223976,1.0,1.3241386013251484,0.8918766518944418,1.2952196283637394,3.4392473611652488,0.5607526388347512,0.8598118402913122,,self-report; not geometry-derived layer count or success,1.3239634118187056,0.021538794875602948,0.9430226111927672,1.0824364502591624,2.4560348842607924,1.5439651157392076,"GT source-group affine fits evaluated at x=y=0; may extrapolate, not physical layer count"
dual_g4_s912127_b4,spectrum_fixed_i36,spectrum_fixed,36,/srv/slam-research/grf/map-denoise/runs/multiscan-pilot-v1/spectral-filter-v10-dpamdvgb/outputs/dual_g4_s912127_b4__spectrum_fixed_i36.npz,335876c8307870282a18529cd5ad1cc30b0ccc623baf9e6ada00415c28c31e47,4.0,912127,4.0,2,2,3.9832775919732444,0.01672240802675562,3.9832775919732444,0.042448899999726564,0.9388020833333334,True,True,1.3495837553315424,1.7146803371408554,3.523130435536938,0.43359375,0.7955729166666666,1.2588505978149778,1.0,1.990885461705877,1.5379194599304427,1.966934404545188,3.370308342477988,0.6296916575220122,0.842577085619497,,self-report; not geometry-derived layer count or success,1.9908789747938267,0.005082258917535514,1.2054883102775404,1.575220763377741,2.0736301692981374,1.9263698307018626,"GT source-group affine fits evaluated at x=y=0; may extrapolate, not physical layer count"
dual_g8_s912101_b0,pooled_em_i12,pooled_em,12,/srv/slam-research/grf/map-denoise/runs/multiscan-pilot-v1/spectral-filter-v10-dpamdvgb/outputs/dual_g8_s912101_b0__pooled_em_i12.npz,f0b423cb071226596a918e21493705ee6f44abbd77711ee07d1a2e847589d072,8.0,912101,0.0,2,2,8.05906435005997,0.059064350059969684,,0.020205779001116753,0.9856770833333334,True,True,0.06789733113117957,0.1439728810706741,0.1282937864749849,0.99609375,0.9986979166666666,0.06708824692740373,1.0,0.14400899451589788,0.06789733113117968,0.13498989490442836,8.0652021340583,0.06520213405829978,1.0081502667572875,,self-report; not geometry-derived layer count or success,0.1385824191296569,0.03915997458696861,0.09121861790506337,0.09477010540284869,8.041971970009552,0.041971970009551995,"GT source-group affine fits evaluated at x=y=0; may extrapolate, not physical layer count"
dual_g8_s912101_b0,spectrum_fixed_i12,spectrum_fixed,12,/srv/slam-research/grf/map-denoise/runs/multiscan-pilot-v1/spectral-filter-v10-dpamdvgb/outputs/dual_g8_s912101_b0__spectrum_fixed_i12.npz,14a4a7c36627a6f4ad73766fae46c9832f4a29d896389437bcae764adf4d1e40,8.0,912101,0.0,2,2,7.91304347826087,0.08695652173912993,7.91304347826087,0.01665367800160311,0.9856770833333334,True,True,0.06931462646814698,0.14514852042782211,0.14290351194149203,0.99609375,0.9986979166666666,0.06846087404495187,1.0,0.14518441830719814,0.06931462646814707,0.1391661655170785,8.022489495778627,0.022489495778627244,1.0028111869723284,,self-report; not geometry-derived layer count or success,0.1396185220558137,0.03981436446999702,0.15096128858601612,0.15632575544299432,7.898206132556142,0.10179386744385788,"GT source-group affine fits evaluated at x=y=0; may extrapolate, not physical layer count"
dual_g8_s912101_b0,pooled_em_i36,pooled_em,36,/srv/slam-research/grf/map-denoise/runs/multiscan-pilot-v1/spectral-filter-v10-dpamdvgb/outputs/dual_g8_s912101_b0__pooled_em_i36.npz,f0b423cb071226596a918e21493705ee6f44abbd77711ee07d1a2e847589d072,8.0,912101,0.0,2,2,8.05906435005997,0.059064350059969684,,0.0555639750091359,0.9856770833333334,True,True,0.06789733113117957,0.1439728810706741,0.1282937864749849,0.99609375,0.9986979166666666,0.06708824692740373,1.0,0.14400899451589788,0.06789733113117968,0.13498989490442836,8.0652021340583,0.06520213405829978,1.0081502667572875,,self-report; not geometry-derived layer count or success,0.1385824191296569,0.03915997458696861,0.09121861790506337,0.09477010540284869,8.041971970009552,0.041971970009551995,"GT source-group affine fits evaluated at x=y=0; may extrapolate, not physical layer count"
dual_g8_s912101_b0,spectrum_fixed_i36,spectrum_fixed,36,/srv/slam-research/grf/map-denoise/runs/multiscan-pilot-v1/spectral-filter-v10-dpamdvgb/outputs/dual_g8_s912101_b0__spectrum_fixed_i36.npz,14a4a7c36627a6f4ad73766fae46c9832f4a29d896389437bcae764adf4d1e40,8.0,912101,0.0,2,2,7.91304347826087,0.08695652173912993,7.91304347826087,0.04305664999992587,0.9856770833333334,True,True,0.06931462646814698,0.14514852042782211,0.14290351194149203,0.99609375,0.9986979166666666,0.06846087404495187,1.0,0.14518441830719814,0.06931462646814707,0.1391661655170785,8.022489495778627,0.022489495778627244,1.0028111869723284,,self-report; not geometry-derived layer count or success,0.1396185220558137,0.03981436446999702,0.15096128858601612,0.15632575544299432,7.898206132556142,0.10179386744385788,"GT source-group affine fits evaluated at x=y=0; may extrapolate, not physical layer count"
dual_g8_s912101_b4,pooled_em_i12,pooled_em,12,/srv/slam-research/grf/map-denoise/runs/multiscan-pilot-v1/spectral-filter-v10-dpamdvgb/outputs/dual_g8_s912101_b4__pooled_em_i12.npz,b68b50fbaeb06fe6fafce07a1f468659934054b55c0af4f63664ae70774fb303,8.0,912101,4.0,2,2,8.059064350059996,0.05906435005999633,,0.020243737002601847,0.9856770833333334,True,True,0.10269400692328529,0.46117439860738974,0.1282954145642484,0.9908854166666666,0.9934895833333334,0.08220798179334732,1.0,0.5908518052601986,0.11972550685466173,0.589339400424699,8.052890252686721,0.052890252686720984,1.0066112815858401,,self-report; not geometry-derived layer count or success,0.5900270011844262,0.03120887137576339,0.09713043660924786,0.09842481178695085,8.00705690845946,0.007056908459459166,"GT source-group affine fits evaluated at x=y=0; may extrapolate, not physical layer count"
dual_g8_s912101_b4,spectrum_fixed_i12,spectrum_fixed,12,/srv/slam-research/grf/map-denoise/runs/multiscan-pilot-v1/spectral-filter-v10-dpamdvgb/outputs/dual_g8_s912101_b4__spectrum_fixed_i12.npz,754a6065fe680f90e979fe078f3be1cd48f2a5ba3f28cfe838eb65f4a720f350,8.0,912101,4.0,2,2,7.91304347826087,0.08695652173912993,7.91304347826087,0.016829190994030796,0.9856770833333334,True,True,0.10411065384487035,0.46154276287971685,0.14290358958825777,0.9908854166666666,0.9934895833333334,0.08353796563443787,1.0,0.5911395641120026,0.12114225228181826,0.5901149892852026,8.010179100414875,0.010179100414875464,1.0012723875518594,,self-report; not geometry-derived layer count or success,0.5902801999267477,0.03186329915384173,0.17476333211235265,0.19318053251603096,7.863290825228021,0.13670917477197886,"GT source-group affine fits evaluated at x=y=0; may extrapolate, not physical layer count"
dual_g8_s912101_b4,pooled_em_i36,pooled_em,36,/srv/slam-research/grf/map-denoise/runs/multiscan-pilot-v1/spectral-filter-v10-dpamdvgb/outputs/dual_g8_s912101_b4__pooled_em_i36.npz,b68b50fbaeb06fe6fafce07a1f468659934054b55c0af4f63664ae70774fb303,8.0,912101,4.0,2,2,8.059064350059996,0.05906435005999633,,0.05806453700643033,0.9856770833333334,True,True,0.10269400692328529,0.46117439860738974,0.1282954145642484,0.9908854166666666,0.9934895833333334,0.08220798179334732,1.0,0.5908518052601986,0.11972550685466173,0.589339400424699,8.052890252686721,0.052890252686720984,1.0066112815858401,,self-report; not geometry-derived layer count or success,0.5900270011844262,0.03120887137576339,0.09713043660924786,0.09842481178695085,8.00705690845946,0.007056908459459166,"GT source-group affine fits evaluated at x=y=0; may extrapolate, not physical layer count"
dual_g8_s912101_b4,spectrum_fixed_i36,spectrum_fixed,36,/srv/slam-research/grf/map-denoise/runs/multiscan-pilot-v1/spectral-filter-v10-dpamdvgb/outputs/dual_g8_s912101_b4__spectrum_fixed_i36.npz,754a6065fe680f90e979fe078f3be1cd48f2a5ba3f28cfe838eb65f4a720f350,8.0,912101,4.0,2,2,7.91304347826087,0.08695652173912993,7.91304347826087,0.04357539599004667,0.9856770833333334,True,True,0.10411065384487035,0.46154276287971685,0.14290358958825777,0.9908854166666666,0.9934895833333334,0.08353796563443787,1.0,0.5911395641120026,0.12114225228181826,0.5901149892852026,8.010179100414875,0.010179100414875464,1.0012723875518594,,self-report; not geometry-derived layer count or success,0.5902801999267477,0.03186329915384173,0.17476333211235265,0.19318053251603096,7.863290825228021,0.13670917477197886,"GT source-group affine fits evaluated at x=y=0; may extrapolate, not physical layer count"
dual_g8_s912113_b0,pooled_em_i12,pooled_em,12,/srv/slam-research/grf/map-denoise/runs/multiscan-pilot-v1/spectral-filter-v10-dpamdvgb/outputs/dual_g8_s912113_b0__pooled_em_i12.npz,14f02549f7064d911ff3ae4eadf28af2463211c38a04d314a47c3e13aae4cc88,8.0,912113,0.0,2,2,7.791710879889232,0.20828912011076817,,0.020172343007288873,0.9778645833333334,True,True,0.07323133210376746,0.1735689063338951,0.14547126412724048,0.9934895833333334,1.0,0.07133281056637077,1.0,0.17368744813694906,0.07323133210376744,0.16835381740645836,7.930040149864085,0.06995985013591532,0.9912550187330106,,self-report; not geometry-derived layer count or success,0.17174987899076713,0.02587100127521527,0.18284452794754746,0.19160641716206206,7.75936002127861,0.24063997872138998,"GT source-group affine fits evaluated at x=y=0; may extrapolate, not physical layer count"
dual_g8_s912113_b0,spectrum_fixed_i12,spectrum_fixed,12,/srv/slam-research/grf/map-denoise/runs/multiscan-pilot-v1/spectral-filter-v10-dpamdvgb/outputs/dual_g8_s912113_b0__spectrum_fixed_i12.npz,280a8fb6c88370f8efc8cfdf641d46ef69825354ffd40fa3793956e85076fde2,8.0,912113,0.0,2,2,7.637959866220736,0.3620401337792636,7.637959866220736,0.016646495001623407,0.9778645833333334,True,True,0.10192315411628024,0.1893979392664105,0.21207189484571967,0.9934895833333334,1.0,0.09982562543277022,1.0,0.18950685305493636,0.10192315411628021,0.17972089666704869,7.886149314678018,0.11385068532198162,0.9857686643347523,,self-report; not geometry-derived layer count or success,0.187858261486694,0.02494235245485301,0.2768703359310845,0.2868410661418691,7.608188866528117,0.391811133471883,"GT source-group affine fits evaluated at x=y=0; may extrapolate, not physical layer count"
dual_g8_s912113_b0,pooled_em_i36,pooled_em,36,/srv/slam-research/grf/map-denoise/runs/multiscan-pilot-v1/spectral-filter-v10-dpamdvgb/outputs/dual_g8_s912113_b0__pooled_em_i36.npz,14f02549f7064d911ff3ae4eadf28af2463211c38a04d314a47c3e13aae4cc88,8.0,912113,0.0,2,2,7.791710879889232,0.20828912011076817,,0.055620594997890294,0.9778645833333334,True,True,0.07323133210376746,0.1735689063338951,0.14547126412724048,0.9934895833333334,1.0,0.07133281056637077,1.0,0.17368744813694906,0.07323133210376744,0.16835381740645836,7.930040149864085,0.06995985013591532,0.9912550187330106,,self-report; not geometry-derived layer count or success,0.17174987899076713,0.02587100127521527,0.18284452794754746,0.19160641716206206,7.75936002127861,0.24063997872138998,"GT source-group affine fits evaluated at x=y=0; may extrapolate, not physical layer count"
dual_g8_s912113_b0,spectrum_fixed_i36,spectrum_fixed,36,/srv/slam-research/grf/map-denoise/runs/multiscan-pilot-v1/spectral-filter-v10-dpamdvgb/outputs/dual_g8_s912113_b0__spectrum_fixed_i36.npz,280a8fb6c88370f8efc8cfdf641d46ef69825354ffd40fa3793956e85076fde2,8.0,912113,0.0,2,2,7.637959866220736,0.3620401337792636,7.637959866220736,0.042905050999252126,0.9778645833333334,True,True,0.10192315411628024,0.1893979392664105,0.21207189484571967,0.9934895833333334,1.0,0.09982562543277022,1.0,0.18950685305493636,0.10192315411628021,0.17972089666704869,7.886149314678018,0.11385068532198162,0.9857686643347523,,self-report; not geometry-derived layer count or success,0.187858261486694,0.02494235245485301,0.2768703359310845,0.2868410661418691,7.608188866528117,0.391811133471883,"GT source-group affine fits evaluated at x=y=0; may extrapolate, not physical layer count"
dual_g8_s912113_b4,pooled_em_i12,pooled_em,12,/srv/slam-research/grf/map-denoise/runs/multiscan-pilot-v1/spectral-filter-v10-dpamdvgb/outputs/dual_g8_s912113_b4__pooled_em_i12.npz,8f1cfebce399585700c6b893c2b9174dc7824390e0dc7be7fe4f2e7240dc47cd,8.0,912113,4.0,2,2,7.791710879889227,0.2082891201107726,,0.02017395400616806,0.9713541666666666,True,True,0.13694334987918844,0.6153389004569976,0.1487039029860314,0.9817708333333334,0.9934895833333334,0.10025306802312796,1.0,0.7605963761420236,0.1618442665932536,0.7600752573225917,7.979499575246321,0.020500424753678637,0.9974374469057902,,self-report; not geometry-derived layer count or success,0.7605705582360489,0.006266844890646674,0.14228168422728796,0.16659106059422651,7.845115270810275,0.15488472918972462,"GT source-group affine fits evaluated at x=y=0; may extrapolate, not physical layer count"
dual_g8_s912113_b4,spectrum_fixed_i12,spectrum_fixed,12,/srv/slam-research/grf/map-denoise/runs/multiscan-pilot-v1/spectral-filter-v10-dpamdvgb/outputs/dual_g8_s912113_b4__spectrum_fixed_i12.npz,ff0f041fd97b98031ce8e052edddeb905f3565d75c99fc30038eff0a141387c6,8.0,912113,4.0,2,2,7.637959866220736,0.3620401337792636,7.637959866220736,0.016927528005908243,0.9713541666666666,True,True,0.16535711048340143,0.6199469207962373,0.21836622065325786,0.9817708333333334,0.9934895833333334,0.12687309409808145,1.0,0.7643293856255237,0.19025802719746657,0.7632525836734952,7.936032387052374,0.06396761294762587,0.9920040483815468,,self-report; not geometry-derived layer count or success,0.7642928723280407,0.007470946341924399,0.22864916515646017,0.2583744460605218,7.694700724745935,0.30529927525406464,"GT source-group affine fits evaluated at x=y=0; may extrapolate, not physical layer count"
dual_g8_s912113_b4,pooled_em_i36,pooled_em,36,/srv/slam-research/grf/map-denoise/runs/multiscan-pilot-v1/spectral-filter-v10-dpamdvgb/outputs/dual_g8_s912113_b4__pooled_em_i36.npz,8f1cfebce399585700c6b893c2b9174dc7824390e0dc7be7fe4f2e7240dc47cd,8.0,912113,4.0,2,2,7.791710879889227,0.2082891201107726,,0.05570514700957574,0.9713541666666666,True,True,0.13694334987918844,0.6153389004569976,0.1487039029860314,0.9817708333333334,0.9934895833333334,0.10025306802312796,1.0,0.7605963761420236,0.1618442665932536,0.7600752573225917,7.979499575246321,0.020500424753678637,0.9974374469057902,,self-report; not geometry-derived layer count or success,0.7605705582360489,0.006266844890646674,0.14228168422728796,0.16659106059422651,7.845115270810275,0.15488472918972462,"GT source-group affine fits evaluated at x=y=0; may extrapolate, not physical layer count"
dual_g8_s912113_b4,spectrum_fixed_i36,spectrum_fixed,36,/srv/slam-research/grf/map-denoise/runs/multiscan-pilot-v1/spectral-filter-v10-dpamdvgb/outputs/dual_g8_s912113_b4__spectrum_fixed_i36.npz,ff0f041fd97b98031ce8e052edddeb905f3565d75c99fc30038eff0a141387c6,8.0,912113,4.0,2,2,7.637959866220736,0.3620401337792636,7.637959866220736,0.04335941100725904,0.9713541666666666,True,True,0.16535711048340143,0.6199469207962373,0.21836622065325786,0.9817708333333334,0.9934895833333334,0.12687309409808145,1.0,0.7643293856255237,0.19025802719746657,0.7632525836734952,7.936032387052374,0.06396761294762587,0.9920040483815468,,self-report; not geometry-derived layer count or success,0.7642928723280407,0.007470946341924399,0.22864916515646017,0.2583744460605218,7.694700724745935,0.30529927525406464,"GT source-group affine fits evaluated at x=y=0; may extrapolate, not physical layer count"
dual_g8_s912127_b0,pooled_em_i12,pooled_em,12,/srv/slam-research/grf/map-denoise/runs/multiscan-pilot-v1/spectral-filter-v10-dpamdvgb/outputs/dual_g8_s912127_b0__pooled_em_i12.npz,af4118c0c84a20658005cd31e83e5e3930385e2fde74ec294385f279748ed678,8.0,912127,0.0,2,2,8.1406901305358,0.14069013053580015,,0.020286846003727987,0.9908854166666666,True,True,0.08515486027228851,0.14307965968231337,0.17760950978133114,0.9947916666666666,1.0,0.08486333511891304,1.0,0.14312045706680868,0.08515486027228847,0.13587947530111727,7.92766660888004,0.07233339111995996,0.990958326110005,,self-report; not geometry-derived layer count or success,0.14032336485123748,0.028157033008445874,0.23839236894113994,0.23998938619256555,8.114277811779512,0.11427781177951246,"GT source-group affine fits evaluated at x=y=0; may extrapolate, not physical layer count"
dual_g8_s912127_b0,spectrum_fixed_i12,spectrum_fixed,12,/srv/slam-research/grf/map-denoise/runs/multiscan-pilot-v1/spectral-filter-v10-dpamdvgb/outputs/dual_g8_s912127_b0__spectrum_fixed_i12.npz,f33bc6496b38ba59d00853112cedf236b9588184fe1443b212024f6caf5c74fc,8.0,912127,0.0,2,2,7.991638795986622,0.008361204013377588,7.991638795986622,0.016614317006315105,0.9908854166666666,True,True,0.07873289546355915,0.13803670308600952,0.1651011493523519,0.9947916666666666,1.0,0.07849265385853212,1.0,0.1380790658318488,0.07873289546355909,0.12311551500306094,7.8840271513392635,0.11597284866073654,0.9855033939174079,,self-report; not geometry-derived layer count or success,0.13525646057360782,0.02777621813883395,0.17664853301814779,0.18448143474610676,7.966301315453842,0.033698684546157764,"GT source-group affine fits evaluated at x=y=0; may extrapolate, not physical layer count"
dual_g8_s912127_b0,pooled_em_i36,pooled_em,36,/srv/slam-research/grf/map-denoise/runs/multiscan-pilot-v1/spectral-filter-v10-dpamdvgb/outputs/dual_g8_s912127_b0__pooled_em_i36.npz,af4118c0c84a20658005cd31e83e5e3930385e2fde74ec294385f279748ed678,8.0,912127,0.0,2,2,8.1406901305358,0.14069013053580015,,0.056089468009304255,0.9908854166666666,True,True,0.08515486027228851,0.14307965968231337,0.17760950978133114,0.9947916666666666,1.0,0.08486333511891304,1.0,0.14312045706680868,0.08515486027228847,0.13587947530111727,7.92766660888004,0.07233339111995996,0.990958326110005,,self-report; not geometry-derived layer count or success,0.14032336485123748,0.028157033008445874,0.23839236894113994,0.23998938619256555,8.114277811779512,0.11427781177951246,"GT source-group affine fits evaluated at x=y=0; may extrapolate, not physical layer count"
dual_g8_s912127_b0,spectrum_fixed_i36,spectrum_fixed,36,/srv/slam-research/grf/map-denoise/runs/multiscan-pilot-v1/spectral-filter-v10-dpamdvgb/outputs/dual_g8_s912127_b0__spectrum_fixed_i36.npz,f33bc6496b38ba59d00853112cedf236b9588184fe1443b212024f6caf5c74fc,8.0,912127,0.0,2,2,7.991638795986622,0.008361204013377588,7.991638795986622,0.04308260300604161,0.9908854166666666,True,True,0.07873289546355915,0.13803670308600952,0.1651011493523519,0.9947916666666666,1.0,0.07849265385853212,1.0,0.1380790658318488,0.07873289546355909,0.12311551500306094,7.8840271513392635,0.11597284866073654,0.9855033939174079,,self-report; not geometry-derived layer count or success,0.13525646057360782,0.02777621813883395,0.17664853301814779,0.18448143474610676,7.966301315453842,0.033698684546157764,"GT source-group affine fits evaluated at x=y=0; may extrapolate, not physical layer count"
dual_g8_s912127_b4,pooled_em_i12,pooled_em,12,/srv/slam-research/grf/map-denoise/runs/multiscan-pilot-v1/spectral-filter-v10-dpamdvgb/outputs/dual_g8_s912127_b4__pooled_em_i12.npz,761053a7bf25e3b199b73763784bc855a199ab1b92acc4075b672a8165babe07,8.0,912127,4.0,2,2,8.140690130535802,0.14069013053580193,,0.020147957999142818,0.9895833333333334,True,True,0.09348808533346269,0.22625907787439406,0.17760649437820047,0.9908854166666666,0.9947916666666666,0.09807889029364163,1.0,0.5102625135549118,0.11961051546137909,0.5043689312422883,7.887719810693631,0.11228018930636896,0.9859649763367039,,self-report; not geometry-derived layer count or success,0.5074569561347967,0.053434730370645146,0.2698391286428044,0.2896830311532238,8.045963425172014,0.04596342517201357,"GT source-group affine fits evaluated at x=y=0; may extrapolate, not physical layer count"
dual_g8_s912127_b4,spectrum_fixed_i12,spectrum_fixed,12,/srv/slam-research/grf/map-denoise/runs/multiscan-pilot-v1/spectral-filter-v10-dpamdvgb/outputs/dual_g8_s912127_b4__spectrum_fixed_i12.npz,180ea3bd3ed7a589d9401f9a74a7b23c938112573fd5266e7d645557db1932e0,8.0,912127,4.0,2,2,7.991638795986622,0.008361204013377588,7.991638795986622,0.0167046249989653,0.9895833333333334,True,True,0.08702854050262791,0.2230814952992965,0.1650917107838203,0.9908854166666666,0.9947916666666666,0.09182747908663423,1.0,0.5088617254316239,0.11315097063054429,0.5002894466114617,7.844140292292098,0.15585970770790158,0.9805175365365123,,self-report; not geometry-derived layer count or success,0.5060924273501544,0.05301613516730603,0.23114326160134194,0.27059656139609223,7.898077497189648,0.10192250281035165,"GT source-group affine fits evaluated at x=y=0; may extrapolate, not physical layer count"
dual_g8_s912127_b4,pooled_em_i36,pooled_em,36,/srv/slam-research/grf/map-denoise/runs/multiscan-pilot-v1/spectral-filter-v10-dpamdvgb/outputs/dual_g8_s912127_b4__pooled_em_i36.npz,761053a7bf25e3b199b73763784bc855a199ab1b92acc4075b672a8165babe07,8.0,912127,4.0,2,2,8.140690130535802,0.14069013053580193,,0.05521692900219932,0.9895833333333334,True,True,0.09348808533346269,0.22625907787439406,0.17760649437820047,0.9908854166666666,0.9947916666666666,0.09807889029364163,1.0,0.5102625135549118,0.11961051546137909,0.5043689312422883,7.887719810693631,0.11228018930636896,0.9859649763367039,,self-report; not geometry-derived layer count or success,0.5074569561347967,0.053434730370645146,0.2698391286428044,0.2896830311532238,8.045963425172014,0.04596342517201357,"GT source-group affine fits evaluated at x=y=0; may extrapolate, not physical layer count"
dual_g8_s912127_b4,spectrum_fixed_i36,spectrum_fixed,36,/srv/slam-research/grf/map-denoise/runs/multiscan-pilot-v1/spectral-filter-v10-dpamdvgb/outputs/dual_g8_s912127_b4__spectrum_fixed_i36.npz,180ea3bd3ed7a589d9401f9a74a7b23c938112573fd5266e7d645557db1932e0,8.0,912127,4.0,2,2,7.991638795986622,0.008361204013377588,7.991638795986622,0.04331286100205034,0.9895833333333334,True,True,0.08702854050262791,0.2230814952992965,0.1650917107838203,0.9908854166666666,0.9947916666666666,0.09182747908663423,1.0,0.5088617254316239,0.11315097063054429,0.5002894466114617,7.844140292292098,0.15585970770790158,0.9805175365365123,,self-report; not geometry-derived layer count or success,0.5060924273501544,0.05301613516730603,0.23114326160134194,0.27059656139609223,7.898077497189648,0.10192250281035165,"GT source-group affine fits evaluated at x=y=0; may extrapolate, not physical layer count"
ghost_s912101_b0,pooled_em_i12,pooled_em,12,/srv/slam-research/grf/map-denoise/runs/multiscan-pilot-v1/spectral-filter-v10-dpamdvgb/outputs/ghost_s912101_b0__pooled_em_i12.npz,e0a8077653fe1224d39c2e350717c491272fafa7da62af252d52fea9cbd48824,0.0,912101,0.0,1,1,0.0,0.0,,0.020476221005083062,1.0,True,True,0.04274582140763868,0.051336350252612226,0.08887721688519404,1.0,1.0,0.043912025982381996,1.0,0.05181696528558179,0.04274582140763868,0.029039170603579304,,,,,self-report; not geometry-derived layer count or success,0.029880603465995987,0.042333762269789944,0.06416391326552999,0.06416391326552999,,,
ghost_s912101_b0,spectrum_fixed_i12,spectrum_fixed,12,/srv/slam-research/grf/map-denoise/runs/multiscan-pilot-v1/spectral-filter-v10-dpamdvgb/outputs/ghost_s912101_b0__spectrum_fixed_i12.npz,483648e8ae0b339b9845826102b69f7d3e88441c302cf3ef00715edfc7df9c0e,0.0,912101,0.0,2,1,1.5075250836120402,1.5075250836120402,1.5075250836120402,0.01662284899794031,1.0,True,True,0.749165649289052,0.7526167309704843,0.8704256545259349,1.0,1.0,0.7488124914512251,1.0,0.7526345966384405,0.749165649289052,0.751792550543487,,,,,self-report; not geometry-derived layer count or success,0.7518104341913016,0.0352123145816159,0.04431715681579753,0.04431715681579752,,,
ghost_s912101_b0,pooled_em_i36,pooled_em,36,/srv/slam-research/grf/map-denoise/runs/multiscan-pilot-v1/spectral-filter-v10-dpamdvgb/outputs/ghost_s912101_b0__pooled_em_i36.npz,e0a8077653fe1224d39c2e350717c491272fafa7da62af252d52fea9cbd48824,0.0,912101,0.0,1,1,0.0,0.0,,0.05595194899069611,1.0,True,True,0.04274582140763868,0.051336350252612226,0.08887721688519404,1.0,1.0,0.043912025982381996,1.0,0.05181696528558179,0.04274582140763868,0.029039170603579304,,,,,self-report; not geometry-derived layer count or success,0.029880603465995987,0.042333762269789944,0.06416391326552999,0.06416391326552999,,,
ghost_s912101_b0,spectrum_fixed_i36,spectrum_fixed,36,/srv/slam-research/grf/map-denoise/runs/multiscan-pilot-v1/spectral-filter-v10-dpamdvgb/outputs/ghost_s912101_b0__spectrum_fixed_i36.npz,5696599d1ea915dea8d85c155970ca3fc1c1d1adb8d0c9074a53be247b2c796d,0.0,912101,0.0,2,1,1.5075250836120402,1.5075250836120402,1.5075250836120402,0.04326910099189263,1.0,True,True,0.7535904554765723,0.754416250022069,0.8156013653072614,1.0,1.0,0.753532090565317,1.0,0.754459112118117,0.7535904554765723,0.7535163215591374,,,,,self-report; not geometry-derived layer count or success,0.7535592338886893,0.036837927183123086,0.04871692019699838,0.04871692019699837,,,
ghost_s912101_b4,pooled_em_i12,pooled_em,12,/srv/slam-research/grf/map-denoise/runs/multiscan-pilot-v1/spectral-filter-v10-dpamdvgb/outputs/ghost_s912101_b4__pooled_em_i12.npz,eb5b3f15b190987f71528c02f06cf68429cba119e14cb79e9cffac5ec1c7f4ad,0.0,912101,4.0,1,1,0.0,0.0,,0.020741410000482574,1.0,True,True,0.04274590722292518,0.051336905720998395,0.08888275720185866,1.0,1.0,0.05366091496823685,1.0,0.0587599966836541,0.04274590722292518,0.029040152566601363,,,,,self-report; not geometry-derived layer count or success,0.04075033475135924,0.042333762269791166,0.06416391326552887,0.06416391326552887,,,
ghost_s912101_b4,spectrum_fixed_i12,spectrum_fixed,12,/srv/slam-research/grf/map-denoise/runs/multiscan-pilot-v1/spectral-filter-v10-dpamdvgb/outputs/ghost_s912101_b4__spectrum_fixed_i12.npz,8170d654ea83d1d5babc672cf89c41206bec6ecfb1a0b247d01a99c9e1b0f9b4,0.0,912101,4.0,2,1,1.5075250836120402,1.5075250836120402,1.5075250836120402,0.01670709700556472,1.0,True,True,0.7491627029863855,0.7526138747378206,0.8704045137819133,1.0,1.0,0.749344612205665,1.0,0.7531626321467363,0.7491627029863855,0.7517896911795604,,,,,self-report; not geometry-derived layer count or success,0.7523390481451865,0.03521231458161687,0.04442144192318384,0.04442144192318384,,,
ghost_s912101_b4,pooled_em_i36,pooled_em,36,/srv/slam-research/grf/map-denoise/runs/multiscan-pilot-v1/spectral-filter-v10-dpamdvgb/outputs/ghost_s912101_b4__pooled_em_i36.npz,eb5b3f15b190987f71528c02f06cf68429cba119e14cb79e9cffac5ec1c7f4ad,0.0,912101,4.0,1,1,0.0,0.0,,0.056213572999695316,1.0,True,True,0.04274590722292518,0.051336905720998395,0.08888275720185866,1.0,1.0,0.05366091496823685,1.0,0.0587599966836541,0.04274590722292518,0.029040152566601363,,,,,self-report; not geometry-derived layer count or success,0.04075033475135924,0.042333762269791166,0.06416391326552887,0.06416391326552887,,,
ghost_s912101_b4,spectrum_fixed_i36,spectrum_fixed,36,/srv/slam-research/grf/map-denoise/runs/multiscan-pilot-v1/spectral-filter-v10-dpamdvgb/outputs/ghost_s912101_b4__spectrum_fixed_i36.npz,e3561be7e5167ad5450d8e53d4d6563af34b17bd8a6f2d2db0864638956eede0,0.0,912101,4.0,2,1,1.5075250836120402,1.5075250836120402,1.5075250836120402,0.042694756004493684,1.0,True,True,0.753587425160101,0.7544132600138308,0.8155903371236616,1.0,1.0,0.7540764496482145,1.0,0.7550053111791096,0.753587425160101,0.7535133279799029,,,,,self-report; not geometry-derived layer count or success,0.7541060847317936,0.036837927183118804,0.04875759208979905,0.04875759208979906,,,
ghost_s912113_b0,pooled_em_i12,pooled_em,12,/srv/slam-research/grf/map-denoise/runs/multiscan-pilot-v1/spectral-filter-v10-dpamdvgb/outputs/ghost_s912113_b0__pooled_em_i12.npz,5a262bc1e9cd46aab12c0d39ce62d0545c7a54afb94860d4402085fa976b2397,0.0,912113,0.0,1,1,0.0,0.0,,0.02034576199366711,1.0,True,True,0.044529517777651816,0.05286978111165129,0.09837337428227538,1.0,1.0,0.0447391778281123,1.0,0.05294631888564506,0.044529517777651816,0.05076806182216286,,,,,self-report; not geometry-derived layer count or success,0.05084776327357426,0.014758646740638802,0.08962020897199556,0.08962020897199555,,,
ghost_s912113_b0,spectrum_fixed_i12,spectrum_fixed,12,/srv/slam-research/grf/map-denoise/runs/multiscan-pilot-v1/spectral-filter-v10-dpamdvgb/outputs/ghost_s912113_b0__spectrum_fixed_i12.npz,22c63e249500c7de32d92b738953877bad5c5d16234ccf92d787712c2307cbd6,0.0,912113,0.0,1,1,0.0,0.0,0.0,0.0017999260016949847,1.0,True,True,0.044529517777651816,0.05286978111165129,0.09837337428227538,1.0,1.0,0.0447391778281123,1.0,0.05294631888564506,0.044529517777651816,0.05076806182216286,,,,,self-report; not geometry-derived layer count or success,0.05084776327357426,0.014758646740638802,0.08962020897199556,0.08962020897199555,,,
ghost_s912113_b0,pooled_em_i36,pooled_em,36,/srv/slam-research/grf/map-denoise/runs/multiscan-pilot-v1/spectral-filter-v10-dpamdvgb/outputs/ghost_s912113_b0__pooled_em_i36.npz,5a262bc1e9cd46aab12c0d39ce62d0545c7a54afb94860d4402085fa976b2397,0.0,912113,0.0,1,1,0.0,0.0,,0.05568953900365159,1.0,True,True,0.044529517777651816,0.05286978111165129,0.09837337428227538,1.0,1.0,0.0447391778281123,1.0,0.05294631888564506,0.044529517777651816,0.05076806182216286,,,,,self-report; not geometry-derived layer count or success,0.05084776327357426,0.014758646740638802,0.08962020897199556,0.08962020897199555,,,
ghost_s912113_b0,spectrum_fixed_i36,spectrum_fixed,36,/srv/slam-research/grf/map-denoise/runs/multiscan-pilot-v1/spectral-filter-v10-dpamdvgb/outputs/ghost_s912113_b0__spectrum_fixed_i36.npz,22c63e249500c7de32d92b738953877bad5c5d16234ccf92d787712c2307cbd6,0.0,912113,0.0,1,1,0.0,0.0,0.0,0.0018148919916711748,1.0,True,True,0.044529517777651816,0.05286978111165129,0.09837337428227538,1.0,1.0,0.0447391778281123,1.0,0.05294631888564506,0.044529517777651816,0.05076806182216286,,,,,self-report; not geometry-derived layer count or success,0.05084776327357426,0.014758646740638802,0.08962020897199556,0.08962020897199555,,,
ghost_s912113_b4,pooled_em_i12,pooled_em,12,/srv/slam-research/grf/map-denoise/runs/multiscan-pilot-v1/spectral-filter-v10-dpamdvgb/outputs/ghost_s912113_b4__pooled_em_i12.npz,a2751a8406267ed2d564a903e65f2cb06743cd88324739ccaa74576883339536,0.0,912113,4.0,1,1,0.0,0.0,,0.020690754012321122,1.0,True,True,0.04452959961821191,0.05286966197013432,0.09837065203282243,1.0,1.0,0.0466990212045403,1.0,0.05408975755931649,0.04452959961821191,0.05076793774835938,,,,,self-report; not geometry-derived layer count or success,0.05203733485883631,0.014758646740638945,0.08962020897199459,0.0896202089719946,,,
ghost_s912113_b4,spectrum_fixed_i12,spectrum_fixed,12,/srv/slam-research/grf/map-denoise/runs/multiscan-pilot-v1/spectral-filter-v10-dpamdvgb/outputs/ghost_s912113_b4__spectrum_fixed_i12.npz,8eb4975cb7614f3304e5f1c11c657ac972faae9ff584a698754081e4007fdd64,0.0,912113,4.0,1,1,0.0,0.0,0.0,0.001796447002561763,1.0,True,True,0.04452959961821191,0.05286966197013432,0.09837065203282243,1.0,1.0,0.0466990212045403,1.0,0.05408975755931649,0.04452959961821191,0.05076793774835938,,,,,self-report; not geometry-derived layer count or success,0.05203733485883631,0.014758646740638945,0.08962020897199459,0.0896202089719946,,,
ghost_s912113_b4,pooled_em_i36,pooled_em,36,/srv/slam-research/grf/map-denoise/runs/multiscan-pilot-v1/spectral-filter-v10-dpamdvgb/outputs/ghost_s912113_b4__pooled_em_i36.npz,a2751a8406267ed2d564a903e65f2cb06743cd88324739ccaa74576883339536,0.0,912113,4.0,1,1,0.0,0.0,,0.05606116300623398,1.0,True,True,0.04452959961821191,0.05286966197013432,0.09837065203282243,1.0,1.0,0.0466990212045403,1.0,0.05408975755931649,0.04452959961821191,0.05076793774835938,,,,,self-report; not geometry-derived layer count or success,0.05203733485883631,0.014758646740638945,0.08962020897199459,0.0896202089719946,,,
ghost_s912113_b4,spectrum_fixed_i36,spectrum_fixed,36,/srv/slam-research/grf/map-denoise/runs/multiscan-pilot-v1/spectral-filter-v10-dpamdvgb/outputs/ghost_s912113_b4__spectrum_fixed_i36.npz,8eb4975cb7614f3304e5f1c11c657ac972faae9ff584a698754081e4007fdd64,0.0,912113,4.0,1,1,0.0,0.0,0.0,0.0018096959975082427,1.0,True,True,0.04452959961821191,0.05286966197013432,0.09837065203282243,1.0,1.0,0.0466990212045403,1.0,0.05408975755931649,0.04452959961821191,0.05076793774835938,,,,,self-report; not geometry-derived layer count or success,0.05203733485883631,0.014758646740638945,0.08962020897199459,0.0896202089719946,,,
ghost_s912127_b0,pooled_em_i12,pooled_em,12,/srv/slam-research/grf/map-denoise/runs/multiscan-pilot-v1/spectral-filter-v10-dpamdvgb/outputs/ghost_s912127_b0__pooled_em_i12.npz,5e32134ea4699c155f61662f6e302a5c355d1516a5d5a34eb0c0d2590f5dac85,0.0,912127,0.0,1,1,0.0,0.0,,0.020271036002668552,1.0,True,True,0.022929280659283596,0.028017476474546273,0.05412255562248216,1.0,1.0,0.02329487363370625,1.0,0.028159156041190788,0.022929280659283596,0.020502067745550658,,,,,self-report; not geometry-derived layer count or success,0.020695261844043578,0.019095659353858537,0.04233030589137368,0.04233030589137368,,,
ghost_s912127_b0,spectrum_fixed_i12,spectrum_fixed,12,/srv/slam-research/grf/map-denoise/runs/multiscan-pilot-v1/spectral-filter-v10-dpamdvgb/outputs/ghost_s912127_b0__spectrum_fixed_i12.npz,85aa14ac2c384125801774e56d40f461a431bb975a23cf577e23d8f24f20e588,0.0,912127,0.0,1,1,0.0,0.0,0.0,0.0017579609993845224,1.0,True,True,0.022929280659283596,0.028017476474546273,0.05412255562248216,1.0,1.0,0.02329487363370625,1.0,0.028159156041190788,0.022929280659283596,0.020502067745550658,,,,,self-report; not geometry-derived layer count or success,0.020695261844043578,0.019095659353858537,0.04233030589137368,0.04233030589137368,,,
ghost_s912127_b0,pooled_em_i36,pooled_em,36,/srv/slam-research/grf/map-denoise/runs/multiscan-pilot-v1/spectral-filter-v10-dpamdvgb/outputs/ghost_s912127_b0__pooled_em_i36.npz,5e32134ea4699c155f61662f6e302a5c355d1516a5d5a34eb0c0d2590f5dac85,0.0,912127,0.0,1,1,0.0,0.0,,0.05533358400862198,1.0,True,True,0.022929280659283596,0.028017476474546273,0.05412255562248216,1.0,1.0,0.02329487363370625,1.0,0.028159156041190788,0.022929280659283596,0.020502067745550658,,,,,self-report; not geometry-derived layer count or success,0.020695261844043578,0.019095659353858537,0.04233030589137368,0.04233030589137368,,,
ghost_s912127_b0,spectrum_fixed_i36,spectrum_fixed,36,/srv/slam-research/grf/map-denoise/runs/multiscan-pilot-v1/spectral-filter-v10-dpamdvgb/outputs/ghost_s912127_b0__spectrum_fixed_i36.npz,85aa14ac2c384125801774e56d40f461a431bb975a23cf577e23d8f24f20e588,0.0,912127,0.0,1,1,0.0,0.0,0.0,0.0017871930031105876,1.0,True,True,0.022929280659283596,0.028017476474546273,0.05412255562248216,1.0,1.0,0.02329487363370625,1.0,0.028159156041190788,0.022929280659283596,0.020502067745550658,,,,,self-report; not geometry-derived layer count or success,0.020695261844043578,0.019095659353858537,0.04233030589137368,0.04233030589137368,,,
ghost_s912127_b4,pooled_em_i12,pooled_em,12,/srv/slam-research/grf/map-denoise/runs/multiscan-pilot-v1/spectral-filter-v10-dpamdvgb/outputs/ghost_s912127_b4__pooled_em_i12.npz,a4594b69e996d94d4eef93ea55790b709b7a98ef5dcabda4cc4845687536beea,0.0,912127,4.0,1,1,0.0,0.0,,0.02022446099726949,1.0,True,True,0.02292904911478939,0.02801725400365829,0.054130554099607084,1.0,1.0,0.026671444969410197,1.0,0.030296140217465482,0.02292904911478939,0.020501763722834444,,,,,self-report; not geometry-derived layer count or success,0.023520457179182403,0.019095659353857777,0.042330305891374216,0.042330305891374216,,,
ghost_s912127_b4,spectrum_fixed_i12,spectrum_fixed,12,/srv/slam-research/grf/map-denoise/runs/multiscan-pilot-v1/spectral-filter-v10-dpamdvgb/outputs/ghost_s912127_b4__spectrum_fixed_i12.npz,4f3ab0889cf21c20600f1e2bb50d47c4b3d67f49d5b80a352e0991e854112769,0.0,912127,4.0,1,1,0.0,0.0,0.0,0.001761751002050005,1.0,True,True,0.02292904911478939,0.02801725400365829,0.054130554099607084,1.0,1.0,0.026671444969410197,1.0,0.030296140217465482,0.02292904911478939,0.020501763722834444,,,,,self-report; not geometry-derived layer count or success,0.023520457179182403,0.019095659353857777,0.042330305891374216,0.042330305891374216,,,
ghost_s912127_b4,pooled_em_i36,pooled_em,36,/srv/slam-research/grf/map-denoise/runs/multiscan-pilot-v1/spectral-filter-v10-dpamdvgb/outputs/ghost_s912127_b4__pooled_em_i36.npz,a4594b69e996d94d4eef93ea55790b709b7a98ef5dcabda4cc4845687536beea,0.0,912127,4.0,1,1,0.0,0.0,,0.05568917999335099,1.0,True,True,0.02292904911478939,0.02801725400365829,0.054130554099607084,1.0,1.0,0.026671444969410197,1.0,0.030296140217465482,0.02292904911478939,0.020501763722834444,,,,,self-report; not geometry-derived layer count or success,0.023520457179182403,0.019095659353857777,0.042330305891374216,0.042330305891374216,,,
ghost_s912127_b4,spectrum_fixed_i36,spectrum_fixed,36,/srv/slam-research/grf/map-denoise/runs/multiscan-pilot-v1/spectral-filter-v10-dpamdvgb/outputs/ghost_s912127_b4__spectrum_fixed_i36.npz,4f3ab0889cf21c20600f1e2bb50d47c4b3d67f49d5b80a352e0991e854112769,0.0,912127,4.0,1,1,0.0,0.0,0.0,0.0017870960000436753,1.0,True,True,0.02292904911478939,0.02801725400365829,0.054130554099607084,1.0,1.0,0.026671444969410197,1.0,0.030296140217465482,0.02292904911478939,0.020501763722834444,,,,,self-report; not geometry-derived layer count or success,0.023520457179182403,0.019095659353857777,0.042330305891374216,0.042330305891374216,,,
