scene,method,n,kind,accuracy_mm,p95_mm,completeness_mm,recall,fscore,displacement_rms_mm,displacement_max_mm,moved_fraction,field,allocation,requested_budget_mm,seed,actual_budget_mean_mm,duplicate_budget_patches,uninformative_patches,max_normalization_factor,mean_gain_mm,median_gain_mm,relative_gain_percent,within_scene_patch_bootstrap_ci95_mm,wins,ties,losses,recall_difference_pp,fscore_difference
scan24,budget0.025__local_plane64__uniform,18,budget,0.5392040211827861,1.1832149521205215,0.4106705355513144,0.9794290836016314,0.9206442965950637,0.024999999999999644,0.1450240120090129,1.0,local_plane64,uniform,0.025,,0.025000000000000005,0,0,0.5825006248099343,0.0003408647756199164,0.000589808428393318,0.06317635186448012,"[-0.0008400614852417644, 0.0014677556719633468]",10,0,8,-0.045925628617465235,-0.00015340610774897432
scan24,budget0.025__multiscale_full__alpha,18,budget,0.5387576067691682,1.1810838611000585,0.4098778576977878,0.9795082348441606,0.9208346015181955,0.02499999999999995,0.12659229409868222,1.0,multiscale_full,alpha,0.025,,0.025000000000000005,0,0,0.9332293003931024,0.0007872791892378448,0.0005384703001318769,0.14591542051952677,"[0.000277676322993355, 0.0013114094272647413]",13,0,5,-0.03801050436451625,3.689881538284892e-05
scan24,budget0.025__multiscale_full__shuffle_92401,18,budget,0.5387641944405711,1.1800965077436176,0.4099942628811562,0.9795392693549301,0.9208504292888282,0.025000000000000216,0.15109088767576614,1.0,multiscale_full,shuffle,0.025,92401,0.025000000000000005,0,0,0.8762160103030262,0.0007806915178348722,0.0005013182008139633,0.1446944523342375,"[0.0002580290692684401, 0.0013199750424378472]",12,0,6,-0.0349070532875843,5.2726586015566175e-05
scan24,budget0.025__multiscale_full__shuffle_92402,18,budget,0.5387911703009305,1.1801376132456578,0.4099679350506262,0.9795696175001982,0.9208467410159993,0.02499999999999996,0.14933687877514615,1.0,multiscale_full,shuffle,0.025,92402,0.025000000000000005,0,0,0.8789040793355168,0.0007537156574755036,0.0005308018262757258,0.1396947088353251,"[0.00024773789431823686, 0.0012692692159575766]",12,0,6,-0.031872238760775426,4.903831318671238e-05
scan24,budget0.025__multiscale_full__shuffle_92403,18,budget,0.5387829846272418,1.1802163323219304,0.4099557019111982,0.9795496655532853,0.9208563342925582,0.025000000000000064,0.15301913726911398,1.0,multiscale_full,shuffle,0.025,92403,0.025000000000000005,0,0,0.8776415933287813,0.000761901331164238,0.0004820475655879508,0.1412118529880546,"[0.0002584588513131254, 0.0012778506586526846]",12,0,6,-0.033867433452069065,5.863158974562922e-05
scan24,budget0.025__multiscale_full__shuffle_92404,18,budget,0.5387720473141341,1.1801142080506437,0.40996180201247134,0.9795201844731584,0.9208409535280276,0.024999999999999904,0.1530579658107462,1.0,multiscale_full,shuffle,0.025,92404,0.025000000000000005,0,0,0.8747661128044667,0.0007728386442719901,0.00047454850052404407,0.1432389898199271,"[0.00026741550352654437, 0.0012838812081261092]",12,0,6,-0.03681554146474826,4.325082521498979e-05
scan24,budget0.025__multiscale_full__shuffle_92405,18,budget,0.5387629018874445,1.1803563900624015,0.409951948767072,0.9795465703471131,0.9208540602500332,0.025000000000000005,0.15324575288173703,1.0,multiscale_full,shuffle,0.025,92405,0.025000000000000005,0,0,0.8764443524473997,0.0007819840709614492,0.0005369191276688168,0.14493401592945432,"[0.0002812454587331727, 0.0012954186473546744]",12,0,6,-0.03417695406927601,5.635754722047951e-05
scan24,budget0.025__multiscale_full__uniform,18,budget,0.5387862181171297,1.1803488637328523,0.40999606056428184,0.9794764584293275,0.9208182837479664,0.02500000000000004,0.14747124608282436,1.0,multiscale_full,uniform,0.025,,0.025000000000000005,0,0,0.7565011675475712,0.0007586678412764882,0.0005353321227429403,0.14061255347248558,"[0.0002422272500477209, 0.0012785467539045872]",12,0,6,-0.041188145847835686,2.0581045153690426e-05
scan24,budget0.025__quadratic64__uniform,18,budget,0.5387997428342548,1.1799708774817959,0.4099438925366315,0.97957138122313,0.9208927891512317,0.024999999999999904,0.1453158070587578,1.0,quadratic64,uniform,0.025,,0.025000000000000005,0,0,0.7387782323565543,0.0007451431241512177,0.0005970917438160583,0.13810586357937416,"[0.0003450724612062832, 0.0011647524334429135]",14,0,4,-0.031695866467570014,9.508644841899061e-05
scan24,budget0.05__local_plane64__uniform,18,budget,0.5394645976995975,1.182497486726901,0.4122876485935493,0.9787015661397955,0.9204550665703786,0.046949949535016924,0.2774935828561446,1.0,local_plane64,uniform,0.05,,0.046949949535016806,0,0,0.8237748413911147,8.02882588083784e-05,0.0008099052206842067,0.014880737617561923,"[-0.0023430129722235835, 0.0023701023628646314]",10,0,8,-0.11867737480103933,-0.00034263613243416965
scan24,budget0.05__multiscale_full__alpha,18,budget,0.5385823945056398,1.1793869196959663,0.41041526365938674,0.9794378728724973,0.9208856239602076,0.04694994953501665,0.24291979932838625,1.0,multiscale_full,alpha,0.05,,0.046949949535016806,0,0,1.288660862532027,0.0009624914527660936,0.0003926645372334808,0.17838950526913866,"[-4.850035275664528e-05, 0.0020196943149372536]",13,0,5,-0.0450467015308758,8.7921257394874e-05
scan24,budget0.05__multiscale_full__shuffle_92401,18,budget,0.5385822739695347,1.1792666711810913,0.4106531184574168,0.9792385950795222,0.9207824834506884,0.046949949535016904,0.2903598448471683,1.0,multiscale_full,shuffle,0.05,92401,0.046949949535016806,0,0,1.192008917071875,0.0009626119888712494,0.00033933593571519594,0.1784118455986028,"[-0.00010044015870235046, 0.00204912077183968]",12,0,6,-0.06497448082837871,-1.5219252124326004e-05
scan24,budget0.05__multiscale_full__shuffle_92402,18,budget,0.5386234514392134,1.17974210523247,0.410592006857609,0.9793620123285175,0.9207874577190398,0.046949949535016876,0.2870030183036092,1.0,multiscale_full,shuffle,0.05,92402,0.046949949535016806,0,0,1.188299943079002,0.0009214345191926614,0.00036556345271614166,0.1707799560653478,"[-8.892936833576307e-05, 0.0019678233946152247]",12,0,6,-0.05263275592883433,-1.0244983772580677e-05
scan24,budget0.05__multiscale_full__shuffle_92403,18,budget,0.5385967563330744,1.179372957830185,0.41056721642586014,0.9793687123500128,0.9208441281142414,0.046949949535016834,0.2940877247858513,1.0,multiscale_full,shuffle,0.05,92403,0.046949949535016806,0,0,1.1882230772610531,0.0009481296253316735,0.0003754096064914614,0.17572766418635366,"[-7.088078223954461e-05, 0.0020041190828850165]",12,0,6,-0.05196275377931535,4.642541142885204e-05
scan24,budget0.05__multiscale_full__shuffle_92404,18,budget,0.5385687810949362,1.1784453899907987,0.410566736348698,0.97928367322341,0.9207624839839492,0.046949949535016904,0.29413528879951656,1.0,multiscale_full,shuffle,0.05,92404,0.046949949535016806,0,0,1.1948988990656582,0.0009761048634697564,0.0004011952985060324,0.18091263375351607,"[-2.766247884905371e-05, 0.0020159334194578614]",12,0,6,-0.0604666664395971,-3.5218718863299576e-05
scan24,budget0.05__multiscale_full__shuffle_92405,18,budget,0.538595898642886,1.1792124368279724,0.41056460726956945,0.9793182850445663,0.9207800664979585,0.04694994953501676,0.2947406219517241,1.0,multiscale_full,shuffle,0.05,92405,0.046949949535016806,0,0,1.1833261418114656,0.0009489873155199619,0.0004698307532855911,0.1758866296794337,"[-7.668144329485916e-05, 0.0019969263348756025]",11,0,7,-0.05700548432396375,-1.7636204854090368e-05
scan24,budget0.05__multiscale_full__uniform,18,budget,0.5386240726229379,1.179286155835931,0.4106810103520957,0.9793250250545067,0.9208221593811613,0.04694994953501685,0.2835904562089471,1.0,multiscale_full,uniform,0.05,,0.046949949535016806,0,0,1.0,0.0009208133354681196,0.00038044293736889945,0.1706648250094034,"[-0.00010650707011010522, 0.001985531066891546]",12,0,6,-0.05633148332993307,2.445667834858704e-05
scan24,budget0.05__quadratic64__uniform,18,budget,0.5385587493450388,1.1794215917126076,0.41057266457942176,0.9792989616020075,0.9207710143949939,0.046949949535016626,0.27922303685618793,1.0,quadratic64,uniform,0.05,,0.046949949535016806,0,0,1.0,0.000986136613367286,0.0007627506768977665,0.18277193223980026,"[0.00019555145121835069, 0.0018152451586827387]",13,0,5,-0.05893782857983957,-2.668830781868106e-05
scan24,budget0.1__local_plane64__uniform,18,budget,0.5390804973484619,1.1803201368257237,0.4125625866236675,0.9784828251551176,0.9203502849775373,0.061029719659751826,0.4132052994261772,1.0,local_plane64,uniform,0.1,,0.06102971965975189,6,0,0.8403145841524738,0.00046438860994410373,0.0008568743404783891,0.08607043121523494,"[-0.0026003932859181003, 0.0037755355501214107]",10,0,8,-0.14055147326883694,-0.0004474177252752096
scan24,budget0.1__multiscale_full__alpha,18,budget,0.5383756540668478,1.1781719459852675,0.410999714454644,0.9793162725921793,0.9207642930871209,0.06102971965975211,0.3514739344854231,1.0,multiscale_full,alpha,0.1,,0.06102971965975189,6,0,1.735237452656853,0.0011692318915582011,0.0004734327194117621,0.21670706589707045,"[-0.00020437424681847034, 0.002664608577379368]",12,0,6,-0.05720672956265882,-3.3409615691679414e-05
scan24,budget0.1__multiscale_full__shuffle_92401,18,budget,0.5383335246742564,1.1762224157261743,0.41137758418472326,0.9793346860026213,0.9208318551787235,0.061029719659752124,0.4366445024506176,1.0,multiscale_full,shuffle,0.1,92401,0.06102971965975189,6,0,1.2247479153335468,0.0012113612841496038,0.00033933593571519594,0.2245153861476723,"[-0.0002504557540921702, 0.0027965678716411176]",11,0,7,-0.05536538851847523,3.41524759108141e-05
scan24,budget0.1__multiscale_full__shuffle_92402,18,budget,0.5383998501311801,1.1769652907826404,0.4112412730972428,0.9793103652197956,0.9207522607442331,0.06102971965975206,0.43244715594364336,1.0,multiscale_full,shuffle,0.1,92402,0.06102971965975189,6,0,1.2240547481137922,0.0011450358272260342,0.00036556345271614166,0.21222253366223187,"[-0.0002374827077248287, 0.0026819051932235644]",11,0,7,-0.0577974668010301,-4.544195857945447e-05
scan24,budget0.1__multiscale_full__shuffle_92403,18,budget,0.5383780357259621,1.1758193539777948,0.41122866934997654,0.979366793514454,0.9207082652654807,0.061029719659751826,0.43997486204918473,1.0,multiscale_full,shuffle,0.1,92403,0.06102971965975189,6,0,1.211977368861574,0.0011668502324439084,0.0003754096064914614,0.2162656458824852,"[-0.00022444557031655457, 0.0026480455632819427]",11,0,7,-0.05215463733518148,-8.943743733189995e-05
scan24,budget0.1__multiscale_full__shuffle_92404,18,budget,0.5383672117441085,1.1762687781786552,0.411216440650117,0.9792812976384503,0.9207420270301456,0.06102971965975171,0.44116117660288473,1.0,multiscale_full,shuffle,0.1,92404,0.06102971965975189,6,0,1.222025089040494,0.001177674214297426,0.0004011952985060324,0.21827177774200734,"[-0.0001903234942941237, 0.0026769107990463506]",11,0,7,-0.06070422493555753,-5.567567266700429e-05
scan24,budget0.1__multiscale_full__shuffle_92405,18,budget,0.5384117206526631,1.176411181051448,0.4112126818746039,0.9792918276325255,0.9207085933635786,0.06102971965975209,0.4420453707287131,1.0,multiscale_full,shuffle,0.1,92405,0.06102971965975189,6,0,1.2176446034971278,0.001133165305742887,0.0004698307532855911,0.2100224346914259,"[-0.0002760957168868766, 0.002660924362536354]",11,0,7,-0.05965122552803706,-8.910933923419708e-05
scan24,budget0.1__multiscale_full__uniform,18,budget,0.5384131187159054,1.1764096515110947,0.4113582466993525,0.9793409393062453,0.9207526474116293,0.061029719659751874,0.42646130888257566,1.0,multiscale_full,uniform,0.1,,0.06102971965975189,6,0,1.0,0.001131767242500567,0.00038044293736889945,0.20976331570453643,"[-0.00028569538892902807, 0.0026604543052867274]",11,0,7,-0.05474005815605038,-4.505529118338359e-05
scan24,budget0.1__quadratic64__uniform,18,budget,0.5383688857795517,1.176075298884305,0.4112877924348599,0.9792526065941514,0.9206488091202247,0.06102971965975174,0.4192784179799317,1.0,quadratic64,uniform,0.1,,0.06102971965975189,6,0,1.0,0.0011760001788543415,0.0009774623890241307,0.21796150968336203,"[0.0001204925885806049, 0.002246434400896208]",13,0,5,-0.06357332936545537,-0.00014889358258791182
scan24,native__apss2,18,native,0.5385993637325571,1.1826285333067392,0.4100462736325047,0.9796213919675603,0.9207642125559902,0.028024223495767418,0.18755047219568916,0.9999457465277778,apss2,cached,,,,,,,0.0009455222258488701,0.0008269846763551136,0.1752444051377311,"[0.0005111767993402387, 0.001458437858556105]",15,0,3,-0.0266947920245681,-3.349014682246798e-05
scan24,native__identity,18,native,0.539544885958406,1.1852282730453554,0.4095801831038777,0.979888339887806,0.9207977027028126,0.0,0.0,0.0,identity,cached,,,,,,,0.0,0.0,0.0,"[0.0, 0.0]",0,18,0,0.0,0.0
scan24,native__local_plane64,18,native,0.5448572659407787,1.1884700562782535,0.4267362363199538,0.9693841883768637,0.9158954087502542,0.1541248112758037,0.9293455225285159,1.0,local_plane64,cached,,,,,,,-0.005312379982372739,-0.0026716467158123813,-0.9846038986980998,"[-0.014042240272735028, 0.0035019865709083435]",8,0,10,-1.0504151510942095,-0.004902293952558454
scan24,native__multiscale_consensus,18,native,0.5376803437397202,1.1744878109209493,0.4119528351406135,0.9788130650610763,0.920844437541683,0.06044014101749489,0.3090644326600659,1.0,multiscale_consensus,cached,,,,,,,0.0018645422186858117,0.0005957527510878913,0.34557684952823964,"[0.00014815376067302299, 0.004204304848180533]",12,0,6,-0.1075274826729675,4.673483887021293e-05
scan24,native__multiscale_full,18,native,0.5376369956578633,1.1737027520614434,0.4128872179054117,0.9786460496311121,0.9208262563839882,0.08117283183051482,0.6028957666443993,1.0,multiscale_full,cached,,,,,,,0.0019078903005426094,0.0004978604050810409,0.35361104334326043,"[-0.00024300855626653922, 0.004802870275178644]",12,0,6,-0.1242290256693806,2.8553681175466946e-05
scan24,native__multiscale_matched,18,native,0.537740168453317,1.1726417622990875,0.41238800925730534,0.9786901002934868,0.9207134904491602,0.06044014101749492,0.35696931313319946,1.0,multiscale_matched,cached,,,,,,,0.0018047175050889064,0.0005066927307781494,0.3344888538575064,"[8.006747349689511e-05, 0.00412841534486123]",12,0,6,-0.11982395943190838,-8.421225365239248e-05
scan24,native__quadratic64,18,native,0.5378207698339075,1.1734177216963915,0.41279261808492973,0.9785548348992013,0.9206533202527005,0.08639132395509425,0.6202430605202123,1.0,quadratic64,cached,,,,,,,0.0017241161244985512,0.000956986375537372,0.3195500818131025,"[8.07433118267496e-05, 0.0034646405461159027]",13,0,5,-0.13335049886046588,-0.00014438245011210037
scan24,native__rimls2,18,native,0.5388217352143132,1.1831409578398702,0.4096374169196003,0.9798454709372355,0.9207960368262413,0.025683968217886814,0.14185002121982526,0.9999457465277778,rimls2,cached,,,,,,,0.0007231507440926652,0.0005044905117719267,0.13402976525451749,"[0.00029243804631561097, 0.0011657567842971073]",14,0,4,-0.004286895057060209,-1.6658765713119095e-06
scan24,native__v18,18,native,0.5977526585522621,1.2929212691235712,0.5601499022249972,0.8937991756888698,0.8742150672194605,0.4070855954647904,1.4378866845320002,0.9999457465277778,v18,cached,,,,,,,-0.058207772593856184,-0.022777621157233377,-10.788309575107968,"[-0.10042582282873135, -0.020348020179627262]",6,0,12,-8.608916419893616,-0.04658263548335203
scan24,probe_t0.5,18,probe,0.5382625796958721,1.176186695377564,0.4113581579929464,0.9788619367008486,0.9206511163648113,0.040586415915257204,0.30144788332218964,1.0,multiscale_full,fixed_step,,,,,,,0.0012823062625337233,0.0004869242670834384,0.2376644271692263,"[0.0001783667642536695, 0.002739265415167201]",12,0,6,-0.1026403186957397,-0.0001465863380012052
scan24,probe_t1,18,probe,0.5376369956578633,1.1737027520614434,0.4128872179054117,0.9786460496311121,0.9208262563839882,0.08117283183051482,0.6028957666443993,1.0,multiscale_full,fixed_step,,,,,,,0.0019078903005426094,0.0004978604050810409,0.35361104334326043,"[-0.00024300855626653922, 0.004802870275178644]",12,0,6,-0.1242290256693806,2.8553681175466946e-05
scan37,budget0.025__local_plane64__uniform,24,budget,0.4351184452825703,1.0692560147861407,0.530900953474273,0.9226608925796779,0.9125527070169698,0.02499999999999994,0.11164709906078822,1.0,local_plane64,uniform,0.025,,0.025000000000000005,0,0,0.6508753037618302,0.0021273350451242665,0.001793606012975263,0.48653072044057,"[0.0012510013533992722, 0.0030419222306333096]",21,0,3,-0.09163346429794153,-0.00030096824006704825
scan37,budget0.025__multiscale_full__alpha,24,budget,0.43595604738924526,1.072206450895875,0.5321592291188068,0.9227043173588013,0.9125738932777789,0.025000000000000005,0.11242679719369096,1.0,multiscale_full,alpha,0.025,,0.025000000000000005,0,0,1.2281185534339407,0.0012897329384493963,0.000985959837752945,0.29496749802429,"[0.0008116552317081723, 0.0018138839295027541]",20,0,4,-0.08729098638559801,-0.0002797819792579037
scan37,budget0.025__multiscale_full__shuffle_92401,24,budget,0.43596500785553777,1.0718922880355783,0.5320197169182018,0.9226996448183146,0.9124991596058547,0.025000000000000234,0.1679518449487105,1.0,multiscale_full,shuffle,0.025,92401,0.025000000000000005,0,0,1.1414857791949309,0.0012807724721568547,0.0009848199864796042,0.2929182006506714,"[0.0007405544335737709, 0.001834201450026858]",20,0,4,-0.08775824043426605,-0.00035451565118223283
scan37,budget0.025__multiscale_full__shuffle_92402,24,budget,0.43596713454714475,1.0717307207231561,0.5319718943489281,0.9227643894937337,0.9125374644598135,0.025000000000000116,0.16177550165608653,1.0,multiscale_full,shuffle,0.025,92402,0.025000000000000005,0,0,1.150304531052076,0.0012786457805498176,0.0009757710373493877,0.29243181708731303,"[0.0007551003569968172, 0.0018192574544305653]",20,0,4,-0.08128377289235827,-0.00031621079722354145
scan37,budget0.025__multiscale_full__shuffle_92403,24,budget,0.4359476690919071,1.0724424945892892,0.5319276943016913,0.9228748015356162,0.9125546691990009,0.024999999999999984,0.1579526005085975,1.0,multiscale_full,shuffle,0.025,92403,0.025000000000000005,0,0,1.131684204370455,0.0012981112357875538,0.0010276681857108866,0.29688365084156176,"[0.0007602842220939643, 0.0018440106586697397]",20,0,4,-0.0702425687041125,-0.0002990060580360711
scan37,budget0.025__multiscale_full__shuffle_92404,24,budget,0.43597977901620616,1.0720946397514017,0.5319609398647476,0.9227790858923614,0.9124850521654269,0.025000000000000116,0.15927289120929003,1.0,multiscale_full,shuffle,0.025,92404,0.025000000000000005,0,0,1.143584703925948,0.0012660013114884742,0.0009837797663230091,0.28953997235596773,"[0.0007051270254805658, 0.001829952334115949]",20,0,4,-0.07981413302960913,-0.0003686230916101647
scan37,budget0.025__multiscale_full__shuffle_92405,24,budget,0.43591243424429554,1.072741709117573,0.5319398217654094,0.9228676994994812,0.9124972500570697,0.024999999999999967,0.16141475279827813,1.0,multiscale_full,shuffle,0.025,92405,0.025000000000000005,0,0,1.1401837543042292,0.0013333460833990414,0.0010387173732801652,0.30494201279650524,"[0.0007935283354599108, 0.0018759266691514447]",20,0,4,-0.07095277231760413,-0.00035642519996718913
scan37,budget0.025__multiscale_full__uniform,24,budget,0.435930339781513,1.0717799820421205,0.532038532645664,0.9226738418197886,0.912461956179452,0.025000000000000022,0.15483865643563297,1.0,multiscale_full,uniform,0.025,,0.025000000000000005,0,0,0.960580711775235,0.0013154405461816056,0.0010894399716662728,0.30084693903638104,"[0.000776950074687224, 0.0018718943889494077]",20,0,4,-0.09033854028688582,-0.00039171907758492563
scan37,budget0.025__quadratic64__uniform,24,budget,0.43609420618004413,1.0734896178715463,0.5319588399523436,0.9228198249159588,0.9125705847005375,0.024999999999999984,0.14242397242775764,0.9999593098958334,quadratic64,uniform,0.025,,0.025000000000000005,0,0,0.9808351879989725,0.0011515741476504648,0.0008280734331085893,0.26336998536324874,"[0.0006792172676916742, 0.0016469130629289527]",20,0,4,-0.07574023066986035,-0.00028309055649934867
scan37,budget0.05__local_plane64__uniform,24,budget,0.43360210409411765,1.0656093205787958,0.5317288280836266,0.9214528285684089,0.9119153127588465,0.04641342350092285,0.2090738763107968,1.0,local_plane64,uniform,0.05,,0.04641342350092251,0,0,0.674877993601014,0.0036436762335769514,0.0029819507414430985,0.833324504777655,"[0.002013299391710335, 0.005319177519443521]",20,0,4,-0.2124398654248398,-0.0009383624981904685
scan37,budget0.05__multiscale_full__alpha,24,budget,0.43524107267496354,1.0698671503882546,0.5335373276519939,0.9220726467202031,0.9122437716449087,0.046413423500922424,0.20941893282720267,1.0,multiscale_full,alpha,0.05,,0.04641342350092251,0,0,1.500134936106792,0.002004707652731095,0.0014582934105610429,0.45848530573094903,"[0.0011478019772007964, 0.0029030224847072074]",20,0,4,-0.1504580502454403,-0.0006099036121282204
scan37,budget0.05__multiscale_full__shuffle_92401,24,budget,0.43517431360541786,1.0682886883601752,0.5332885982752625,0.9220484895352504,0.9123269995168591,0.0464134235009224,0.3139706522394185,1.0,multiscale_full,shuffle,0.05,92401,0.04641342350092251,0,0,1.2093910126103895,0.0020714667222766956,0.0013826608675841928,0.4737533935088578,"[0.0010753829756353812, 0.003069205691184165]",20,0,4,-0.15287376874070224,-0.0005266757401779348
scan37,budget0.05__multiscale_full__shuffle_92402,24,budget,0.4351866685011024,1.0690346148610883,0.5332019309422545,0.9220449519795143,0.9122022433743874,0.046413423500922556,0.30464732090238406,1.0,multiscale_full,shuffle,0.05,92402,0.04641342350092251,0,0,1.2172902510811199,0.002059111826592193,0.0014793919552846535,0.4709277754605279,"[0.0011078850869264284, 0.0029907276897263376]",20,0,4,-0.15322752431431025,-0.0006514318826496349
scan37,budget0.05__multiscale_full__shuffle_92403,24,budget,0.43516245094621925,1.06852291923841,0.5331180367025544,0.92209299280918,0.9122885440483123,0.04641342350092237,0.2963269191452215,1.0,multiscale_full,shuffle,0.05,92403,0.04641342350092251,0,0,1.2188611819873267,0.002083329381475367,0.001529387991852621,0.4764664349451331,"[0.0011245119319267883, 0.0030515763957655153]",20,0,4,-0.14842344134772906,-0.0005651312087246937
scan37,budget0.05__multiscale_full__shuffle_92404,24,budget,0.43519926319688446,1.0684616026374198,0.5331779637049218,0.9219812177317882,0.9121176728203344,0.04641342350092254,0.2988701309880453,1.0,multiscale_full,shuffle,0.05,92404,0.04641342350092251,0,0,1.2162415195460665,0.002046517130810114,0.0015810086956845049,0.4680473140933228,"[0.0010207072515802768, 0.0030423503822700603]",20,0,4,-0.15960094908691716,-0.000736002436702544
scan37,budget0.05__multiscale_full__shuffle_92405,24,budget,0.4350866226406492,1.0702036397644357,0.5331419552318479,0.921981604832332,0.9122729543847141,0.04641342350092261,0.3020663652584273,1.0,multiscale_full,shuffle,0.05,92405,0.04641342350092251,0,0,1.2049165607792118,0.002159157687045448,0.001446533329311217,0.49380869620451184,"[0.0011881446290326705, 0.0031247176435636576]",20,0,4,-0.1595622390325344,-0.000580720872322848
scan37,budget0.05__multiscale_full__uniform,24,budget,0.4351125054500525,1.0686761952581627,0.5333941393810905,0.9218553615777324,0.9122403398169597,0.04641342350092231,0.28988071882356753,1.0,multiscale_full,uniform,0.05,,0.04641342350092251,0,0,1.0,0.002133274877642099,0.0015250442017311489,0.4878891858129175,"[0.0011448584094665376, 0.0031183002869510324]",20,0,4,-0.17218656449250216,-0.0006133354400771895
scan37,budget0.05__quadratic64__uniform,24,budget,0.4354278697874155,1.070922641071692,0.5331747609513487,0.9222252140574433,0.9124190286744347,0.04641342350092236,0.2669499036161405,1.0,quadratic64,uniform,0.05,,0.04641342350092251,0,0,1.0,0.0018179105402791572,0.0011880047051310572,0.41576399866379843,"[0.0010015677934553855, 0.002654271731306554]",20,0,4,-0.1352013165214168,-0.00043464658260227346
scan37,budget0.1__local_plane64__uniform,24,budget,0.4327037733865624,1.0600982893418713,0.5340973936208538,0.9194562503040836,0.9112229094898868,0.06475356722694235,0.29435911470417264,1.0,local_plane64,uniform,0.1,,0.06475356722694224,8,0,0.6912691153307262,0.00454200694113219,0.004042646197891964,1.0387766207207716,"[0.002581845105921762, 0.006594936736458588]",20,0,4,-0.41209769185736667,-0.0016307657671502894
scan37,budget0.1__multiscale_full__alpha,24,budget,0.4348950876714371,1.0640835018435755,0.5354080769436977,0.9205448763011107,0.9115366075965637,0.06475356722694246,0.2919623237657094,1.0,multiscale_full,alpha,0.1,,0.06475356722694224,8,0,1.7647096953334789,0.0023506926562574942,0.001529138414428366,0.5376135715925767,"[0.001040503791243841, 0.0037671657175678743]",19,0,5,-0.3032350921546736,-0.001317067660473084
scan37,budget0.1__multiscale_full__shuffle_92401,24,budget,0.434649564274946,1.0631065064966627,0.534961621774899,0.92034629372539,0.911401572334531,0.06475356722694235,0.44567152263145476,1.0,multiscale_full,shuffle,0.1,92401,0.06475356722694224,8,0,1.2396316426265004,0.0025962160527486164,0.0017293263529102737,0.5937658336697682,"[0.0010474003906237959, 0.004052832489101079]",20,0,4,-0.3230933497267399,-0.0014521029225059087
scan37,budget0.1__multiscale_full__shuffle_92402,24,budget,0.4346451194441747,1.0638998574649172,0.5347749944746844,0.9205281212497963,0.9114495972710368,0.06475356722694246,0.4359445362713575,1.0,multiscale_full,shuffle,0.1,92402,0.06475356722694224,8,0,1.2372460163120733,0.0026006608835199238,0.0018624253459271073,0.5947823856803924,"[0.0011131826835561024, 0.004023221402140199]",20,0,4,-0.3049105972861096,-0.0014040779860000421
scan37,budget0.1__multiscale_full__shuffle_92403,24,budget,0.43460729266030035,1.0645570192924863,0.534702232362333,0.920657027056357,0.9114541905790349,0.06475356722694244,0.41895897754444295,1.0,multiscale_full,shuffle,0.1,92403,0.06475356722694224,8,0,1.2526062392894344,0.0026384876673942667,0.0017002089297403211,0.6034335346625563,"[0.001111987664773824, 0.004074860920674938]",20,0,4,-0.29202001663003185,-0.0013994846780021122
scan37,budget0.1__multiscale_full__shuffle_92404,24,budget,0.4346665123185625,1.062264335500523,0.5347619008264196,0.9207646997059363,0.9114582621628472,0.06475356722694202,0.42660431200402665,1.0,multiscale_full,shuffle,0.1,92404,0.06475356722694224,8,0,1.2360778513051691,0.00257926800913206,0.0016397986855753305,0.5898897428350369,"[0.001009280045581293, 0.004032335477471795]",20,0,4,-0.2812527516720997,-0.0013954130941897143
scan37,budget0.1__multiscale_full__shuffle_92405,24,budget,0.43450431179270627,1.0637501388990087,0.534761765862834,0.9203734429647774,0.911351949958021,0.06475356722694232,0.4324972072763642,1.0,multiscale_full,shuffle,0.1,92405,0.06475356722694224,8,0,1.2395343271175392,0.0027414685349883374,0.00178418443848527,0.6269857042265237,"[0.0012329201991374988, 0.004148172281121859]",20,0,4,-0.32037842578797765,-0.0015017252990158075
scan37,budget0.1__multiscale_full__uniform,24,budget,0.43452315680741765,1.0626243526626962,0.5352838916761976,0.9202268650526827,0.9113087512097152,0.06475356722694221,0.4094710794079339,1.0,multiscale_full,uniform,0.1,,0.06475356722694224,8,0,1.0,0.002722623520276985,0.0017578702144796787,0.6226757679025474,"[0.0011726382270360193, 0.004175029106556385]",20,0,4,-0.3350362169974627,-0.001544924047321675
scan37,budget0.1__quadratic64__uniform,24,budget,0.43496815415075724,1.066559794800154,0.5347842612664747,0.9209206289225224,0.9115869589752115,0.06475356722694216,0.37219768235682954,1.0,quadratic64,uniform,0.1,,0.06475356722694224,8,0,1.0,0.0022776261769373815,0.0013320899716544599,0.5209029519348207,"[0.0010889006934501806, 0.0035136334935018066]",20,0,4,-0.26565983001350707,-0.0012667162818255039
scan37,native__apss2,24,native,0.43651746978769385,1.070782852445692,0.5340700493033123,0.9216908512455935,0.9120357137294149,0.034471094706471465,0.23455273615418423,0.9999593098958334,apss2,cached,,,,,,,0.0007283105400008651,0.0007336669639826793,0.1665677686940592,"[0.0004273547161284227, 0.0010293106261263093]",18,0,6,-0.18863759770638308,-0.0008179615276220307
scan37,native__identity,24,native,0.4372457803276946,1.07563587298033,0.5302961969533837,0.9235772272226573,0.912853675257037,0.0,0.0,0.0,identity,cached,,,,,,,0.0,0.0,0.0,"[0.0, 0.0]",0,24,0,0.0,0.0
scan37,native__local_plane64,24,native,0.43151475821226,1.053141585818102,0.5433415529481312,0.9141397275342881,0.9082950317466386,0.15559830084154627,0.7118830352320996,1.0,local_plane64,cached,,,,,,,0.005731022115434648,0.004744855929288638,1.310709530721943,"[0.0019091436448491607, 0.009515196911128695]",19,0,5,-0.9437499688369202,-0.0045586435103983055
scan37,native__multiscale_consensus,24,native,0.434630781422437,1.0676243411389938,0.5361219830242515,0.9202513250077939,0.9115130839888662,0.06045609776916907,0.2631497302379096,1.0,multiscale_consensus,cached,,,,,,,0.002614998905257701,0.0014891366626906127,0.5980615532293565,"[0.0013319466179751265, 0.004107309767464886]",20,0,4,-0.33259022148633777,-0.0013405912681707262
scan37,native__multiscale_full,24,native,0.43356258303875445,1.0609008281247974,0.5373850276791532,0.9197490360270969,0.9113162649827616,0.08835120435407832,0.5463472027592308,1.0,multiscale_full,cached,,,,,,,0.0036831972889401245,0.0017711120281602988,0.8423631409729793,"[0.0015665970885294183, 0.006026798340341696]",20,0,4,-0.38281911955604353,-0.0015374102742753855
scan37,native__multiscale_matched,24,native,0.4343443180517988,1.0634605186530512,0.5364275631240847,0.9203680744623073,0.9114304002485495,0.06045609776916913,0.35220370735394213,1.0,multiscale_matched,cached,,,,,,,0.002901462275895831,0.0015111288418871022,0.6635769643611678,"[0.0013634927963635845, 0.004653964676489219]",20,0,4,-0.32091527603499614,-0.0014232750084875664
scan37,native__quadratic64,24,native,0.43430511395649357,1.06266207605192,0.5357563230458139,0.92108588219721,0.9119204896252674,0.09722015879779529,0.5234789281292117,1.0,quadratic64,cached,,,,,,,0.002940666371201084,0.0012636495039240886,0.6725431104211421,"[0.0012658876095633768, 0.0046731992347313015]",19,0,5,-0.24913450254473607,-0.0009331856317694684
scan37,native__rimls2,24,native,0.43722949796527094,1.0744340369804677,0.5340669485224333,0.9221906600012563,0.9120168096612072,0.030153209922482313,0.19027257667046535,0.9999593098958334,rimls2,cached,,,,,,,1.628236242368422e-05,-5.0797205758817965e-05,0.0037238466684574867,"[-0.0003141027559996298, 0.0003983252636298684]",12,0,12,-0.1386567221401229,-0.000836865595829836
scan37,native__v18,24,native,0.45947964964198285,1.0906094545737393,0.5941133206956636,0.8768829409863068,0.8874998431102612,0.37697879303369414,1.5493124455219753,1.0,v18,cached,,,,,,,-0.022233869314288276,-0.0005191210024405868,-5.084982020323903,"[-0.048055391339671384, -0.00417799325789945]",11,0,13,-4.669428623635041,-0.02535383214677574
scan37,probe_t0.5,24,probe,0.43497674172318207,1.0650969470598761,0.535135329626964,0.9214329890265308,0.9120011580690006,0.04417560217703966,0.2731736013796129,1.0,multiscale_full,fixed_step,,,,,,,0.0022690386045125695,0.001160329614311978,0.5189389370006126,"[0.0011213641077310835, 0.003619508666226096]",20,0,4,-0.2144238196126559,-0.0008525171880362642
scan37,probe_t1,24,probe,0.43356258303875445,1.0609008281247974,0.5373850276791532,0.9197490360270969,0.9113162649827616,0.08835120435407832,0.5463472027592308,1.0,multiscale_full,fixed_step,,,,,,,0.0036831972889401245,0.0017711120281602988,0.8423631409729793,"[0.0015665970885294183, 0.006026798340341696]",20,0,4,-0.38281911955604353,-0.0015374102742753855
