case,patch,mode,cell,point_count,k,accepted_count,height_median_mm,orthogonal_median_mm,height_p95_mm,orthogonal_p95_mm,axis_cosine,axis_condition,physical_slope_norm,old_height_gate_failed,orthogonal_median_le_5mm,direction_interpretation
da_wall__zero,da_wall,zero,0,672,2,0,33.835460580034734,29.213968816306917,71.22106306178726,61.49317549349422,0.863412772147845,1.1581945881022557,0.5843070288036537,True,False,saved-input-PCA; conditional on saved estimated scan bias
da_wall__zero,da_wall,zero,1,32,2,0,25.694498611653323,25.121991039099633,44.4990713834057,43.507572941515384,0.9777186711752359,1.0227891002613068,0.2147033851929997,True,False,saved-input-PCA; conditional on saved estimated scan bias
da_wall__zero,da_wall,zero,2,81,2,0,35.80828291388058,33.314528780719826,76.6767005710209,71.33679529195508,0.9303581760913174,1.0748548523551074,0.39409764479291154,True,False,saved-input-PCA; conditional on saved estimated scan bias
da_wall__zero,da_wall,zero,3,61,2,0,34.66839462996552,34.649505027371745,67.23967104050519,67.2030344821053,0.9994551347763462,1.0005451622636126,0.033024562512150746,True,False,saved-input-PCA; conditional on saved estimated scan bias
da_wall__zero,da_wall,zero,4,145,2,0,35.292328174685835,32.444185434922986,71.64615181242283,65.8642020893421,0.9192985306703075,1.0877859222410036,0.4281100473309524,True,False,saved-input-PCA; conditional on saved estimated scan bias
da_wall__zero,da_wall,zero,5,393,2,0,38.39511574945693,21.21573671089592,71.15115132815522,39.3155239615759,0.5525634262789273,1.809746994538166,1.5083713681451012,True,False,saved-input-PCA; conditional on saved estimated scan bias
da_wall__zero,da_wall,zero,6,190,2,0,27.346971354264102,24.332497599961798,67.76760490470667,60.29753943636687,0.8897693746319638,1.1238867379691855,0.5129536039282854,True,False,saved-input-PCA; conditional on saved estimated scan bias
da_wall__zero,da_wall,zero,7,26,2,0,22.49474705031794,21.823410338793803,56.391369183579535,54.70841643637304,0.9701558452725678,1.0307622274017711,0.2499415320395167,True,False,saved-input-PCA; conditional on saved estimated scan bias
da_wall__normal_translation,da_wall,normal_translation,0,672,2,0,33.83568221948654,29.86344996736085,71.2296360807896,62.86743856658259,0.8826022709884058,1.1330131735103324,0.5326526554406302,True,False,saved-input-PCA; conditional on saved estimated scan bias
da_wall__normal_translation,da_wall,normal_translation,1,32,2,0,25.692080011455577,25.117458929927324,44.503190318783005,43.50784578688701,0.9776343106018649,1.0228773572649736,0.21512342505031062,True,False,saved-input-PCA; conditional on saved estimated scan bias
da_wall__normal_translation,da_wall,normal_translation,2,81,2,0,35.77058229418456,33.36051928753847,76.64498622428346,71.48098737112318,0.9326244401943129,1.0722429703768532,0.3869172877018773,True,False,saved-input-PCA; conditional on saved estimated scan bias
da_wall__normal_translation,da_wall,normal_translation,3,61,2,0,34.652413623277155,34.63255154151607,67.12736513223508,67.08888904715894,0.9994268196733129,1.0005735090507921,0.03387251118850892,True,False,saved-input-PCA; conditional on saved estimated scan bias
da_wall__normal_translation,da_wall,normal_translation,4,145,2,0,35.33093621943945,32.60862718350537,71.69192299472752,66.16793776660174,0.9229482904436526,1.0834843190611572,0.41705907213657345,True,False,saved-input-PCA; conditional on saved estimated scan bias
da_wall__normal_translation,da_wall,normal_translation,5,393,2,0,38.42198572689536,21.50898357331701,71.1367345727663,39.823003065507585,0.5598092645758478,1.786322705390867,1.4801853964267266,True,False,saved-input-PCA; conditional on saved estimated scan bias
da_wall__normal_translation,da_wall,normal_translation,6,190,2,0,27.354641776615637,24.465261615830386,67.77577963933366,60.61684863702565,0.8943733138828649,1.1181013392031607,0.500150582052947,True,False,saved-input-PCA; conditional on saved estimated scan bias
da_wall__normal_translation,da_wall,normal_translation,7,26,2,0,22.491030069125898,21.818348094274604,56.36866328750742,54.682738560030415,0.9700910997502642,1.0308310222178467,0.2502250914011037,True,False,saved-input-PCA; conditional on saved estimated scan bias
da_junction__zero,da_junction,zero,1,41,2,0,36.462097492264505,32.62104919399942,74.08764772145088,66.28298883523856,0.8946564086424273,1.1177475401058419,0.4993591527274336,True,False,saved-input-PCA; conditional on saved estimated scan bias
da_junction__zero,da_junction,zero,2,473,2,0,35.78553929185415,28.471933188146917,70.53797214809585,56.121899235569536,0.7956267741542175,1.256870724421057,0.7613960979061509,True,False,saved-input-PCA; conditional on saved estimated scan bias
da_junction__zero,da_junction,zero,3,744,2,0,31.677088452244696,28.798188781481237,71.77517382010755,65.25205145072655,0.909117289137744,1.099968081069555,0.4581809461029987,True,False,saved-input-PCA; conditional on saved estimated scan bias
da_junction__zero,da_junction,zero,4,310,2,0,33.2674332838092,29.72618276927963,74.0444813020479,66.16259707996197,0.89355203678268,1.11912900294044,0.5024437532923096,True,False,saved-input-PCA; conditional on saved estimated scan bias
da_junction__normal_translation,da_junction,normal_translation,1,41,2,0,36.57336903223806,33.23904889775562,74.06089025748983,67.30890858072463,0.9088320211478641,1.100313343644065,0.4590092092770934,True,False,saved-input-PCA; conditional on saved estimated scan bias
da_junction__normal_translation,da_junction,normal_translation,2,473,2,0,36.00896935877424,26.722683528917017,70.35732418704302,52.213005305958305,0.7421118683699719,1.34750573683247,0.9032008142137707,True,False,saved-input-PCA; conditional on saved estimated scan bias
da_junction__normal_translation,da_junction,normal_translation,3,744,2,0,31.721318302701114,31.253439725576204,72.14680848593586,71.08266777852936,0.9852503426036656,1.0149704666504924,0.17368088027390485,True,False,saved-input-PCA; conditional on saved estimated scan bias
da_junction__normal_translation,da_junction,normal_translation,4,310,2,0,33.13231278619398,27.609957756843933,73.07205806404984,60.8927136893006,0.8333241912514127,1.2000131647423895,0.6633487736892602,True,False,saved-input-PCA; conditional on saved estimated scan bias
da_thin__zero,da_thin,zero,0,140,2,0,18.958270462252436,0.3161253875325112,49.292280696197075,0.8219389721479508,0.01667480101425625,59.97073063390936,59.9623926537702,True,True,saved-input-PCA; conditional on saved estimated scan bias
da_thin__zero,da_thin,zero,2,175,2,0,19.60887587089414,0.2959410270029335,52.66785103920727,0.7948736087271581,0.015092197479928206,66.25940333274495,66.25185680425396,True,True,saved-input-PCA; conditional on saved estimated scan bias
da_thin__zero,da_thin,zero,3,331,2,0,20.664205829016417,0.24132848958177694,52.07913328799512,0.6082100942622157,0.011678575580335467,85.6268808743947,85.62104138748711,True,True,saved-input-PCA; conditional on saved estimated scan bias
da_thin__zero,da_thin,zero,4,397,2,0,26.923497174973377,0.3890200722451593,66.48228272337586,0.9606085814182997,0.014449091428091712,69.20850386868025,69.20127894584847,True,True,saved-input-PCA; conditional on saved estimated scan bias
da_thin__zero,da_thin,zero,5,384,2,0,26.83747292378028,0.5468250473593261,62.92590813272217,1.2821424279599254,0.020375429866751452,49.078719150450716,49.06853037791959,True,True,saved-input-PCA; conditional on saved estimated scan bias
da_thin__normal_translation,da_thin,normal_translation,0,140,2,0,18.435832065704354,0.31769479434975506,48.15037329957094,0.8297495273743528,0.0172324630218754,58.03000991388,58.021393042609816,True,True,saved-input-PCA; conditional on saved estimated scan bias
da_thin__normal_translation,da_thin,normal_translation,2,175,2,0,18.838638439890886,0.2917573534808106,51.92331182849599,0.8041455910615483,0.015487178354833401,64.56954114484705,64.56179709128376,True,True,saved-input-PCA; conditional on saved estimated scan bias
da_thin__normal_translation,da_thin,normal_translation,3,331,2,0,18.78615943800287,0.22187763127454416,51.345860965249514,0.6064303906457618,0.01181069669970456,84.66901025618705,84.66310470188479,True,True,saved-input-PCA; conditional on saved estimated scan bias
da_thin__normal_translation,da_thin,normal_translation,4,397,2,0,26.5994150384968,0.38902623200663833,64.49137969291817,0.9432101571607803,0.01462536794300207,68.3743481803122,68.36703510525055,True,True,saved-input-PCA; conditional on saved estimated scan bias
da_thin__normal_translation,da_thin,normal_translation,5,384,2,0,25.480895444242186,0.5223632002402171,61.0164089163638,1.2508479813224012,0.02050019008881626,48.780035485892554,48.769784313701216,True,True,saved-input-PCA; conditional on saved estimated scan bias
cy_wall__zero,cy_wall,zero,0,40,2,0,36.32065600517038,35.50505324444062,73.24686719124468,71.60206355423213,0.9775443824413947,1.0229714557844656,0.21557040462407812,True,False,saved-input-PCA; conditional on saved estimated scan bias
cy_wall__zero,cy_wall,zero,2,138,2,0,9.462354705841296,9.410126047175313,22.02407540452433,21.90251074620237,0.9944803740411737,1.0055502613253158,0.10550510912468082,True,False,saved-input-PCA; conditional on saved estimated scan bias
cy_wall__zero,cy_wall,zero,3,411,2,387,2.407536229948171,2.4018837947842138,8.463992472339168,8.44412063486358,0.997652191026808,1.0023533341522315,0.06864551322624861,False,True,saved-input-PCA; conditional on saved estimated scan bias
cy_wall__zero,cy_wall,zero,5,451,2,0,11.212106255530927,11.189367463651863,38.61112640497184,38.53282083530193,0.997971942883805,1.0020321784902435,0.06378469040375624,True,False,saved-input-PCA; conditional on saved estimated scan bias
cy_wall__zero,cy_wall,zero,6,256,2,0,12.80250419317369,12.799277084792596,29.36600803153074,29.358605785125825,0.9997479314724369,1.0002521320821258,0.02245724236941232,True,False,saved-input-PCA; conditional on saved estimated scan bias
cy_wall__zero,cy_wall,zero,7,46,1,46,0.8643770575643259,0.861994823008337,2.835485757186886,2.8276711210918246,0.9972439868282695,1.0027636297717832,0.07439688967344014,False,True,saved-input-PCA; conditional on saved estimated scan bias
cy_wall__zero,cy_wall,zero,8,230,2,0,5.9633335892252886,5.953615610020057,14.405658297645825,14.382182520938123,0.9983703780679333,1.0016322819345065,0.05715967296378288,True,False,saved-input-PCA; conditional on saved estimated scan bias
cy_wall__normal_translation,cy_wall,normal_translation,0,40,2,0,36.32260059547298,35.47797423564084,73.23639189990267,71.53339194715798,0.9767465339489649,1.0238070627770972,0.21950148471540437,True,False,saved-input-PCA; conditional on saved estimated scan bias
cy_wall__normal_translation,cy_wall,normal_translation,2,138,2,0,9.463075518935364,9.411395916972495,22.02338393902712,21.903110174586907,0.9945388154348489,1.0054911728736935,0.10494045324333073,True,False,saved-input-PCA; conditional on saved estimated scan bias
cy_wall__normal_translation,cy_wall,normal_translation,3,411,2,387,2.4074059207491345,2.4018630746307363,8.463793072306885,8.444305913048273,0.9976975855751516,1.0023077277705559,0.06797632785444178,False,True,saved-input-PCA; conditional on saved estimated scan bias
cy_wall__normal_translation,cy_wall,normal_translation,5,451,2,0,11.210884251741,11.188506967217302,38.61106240209307,38.53399348319849,0.9980039679278445,1.002000024184573,0.06327755104209294,True,False,saved-input-PCA; conditional on saved estimated scan bias
cy_wall__normal_translation,cy_wall,normal_translation,6,256,2,0,12.802046497268936,12.798954844055448,29.3632437808944,29.356152651596204,0.9997585032038317,1.0002415551309585,0.021981096669602386,True,False,saved-input-PCA; conditional on saved estimated scan bias
cy_wall__normal_translation,cy_wall,normal_translation,7,46,1,46,0.8645732247165476,0.8622330973705881,2.835413611351674,2.827739039968544,0.9972933150379173,1.002714030988947,0.07372535481164573,False,True,saved-input-PCA; conditional on saved estimated scan bias
cy_wall__normal_translation,cy_wall,normal_translation,8,230,2,0,5.9630210254394465,5.953510099851366,14.404633418595457,14.381658252822374,0.9984050155873163,1.0015975324520434,0.0565474757528756,True,False,saved-input-PCA; conditional on saved estimated scan bias
cy_junction__zero,cy_junction,zero,0,67,2,0,28.817549462457777,28.357740308790962,55.15886928675818,54.27876138455768,0.9840441271987462,1.0162145907487654,0.18080955298512438,True,False,saved-input-PCA; conditional on saved estimated scan bias
cy_junction__zero,cy_junction,zero,1,77,2,74,1.2915906965746196,1.256724576248809,3.3359471976384323,3.2458942600461462,0.9730052868774314,1.0277436448564428,0.2371855803854993,False,True,saved-input-PCA; conditional on saved estimated scan bias
cy_junction__zero,cy_junction,zero,2,155,2,0,34.06652069796377,27.11023590292614,82.49909469558979,65.65301865737543,0.7958028981969555,1.2565925586168287,0.760936829422251,True,False,saved-input-PCA; conditional on saved estimated scan bias
cy_junction__zero,cy_junction,zero,3,87,2,0,33.10227477538251,32.76602133458171,65.52251056151682,64.85693184296296,0.9898419838792811,1.010262260326551,0.14363089723354086,True,False,saved-input-PCA; conditional on saved estimated scan bias
cy_junction__zero,cy_junction,zero,4,117,2,0,12.519058677940434,12.462120587307595,33.269388702776254,33.118075771190135,0.9954518872306934,1.004568892608119,0.09570088816674,True,False,saved-input-PCA; conditional on saved estimated scan bias
cy_junction__zero,cy_junction,zero,5,146,2,0,40.919420524310766,30.478694966844174,84.82402092372354,63.18089128509045,0.7448466907965224,1.3425581564048064,0.8958026586972561,True,False,saved-input-PCA; conditional on saved estimated scan bias
cy_junction__zero,cy_junction,zero,6,111,2,0,17.346641534599172,16.4733147259251,57.03373597240456,54.162339193714466,0.9496544154133723,1.0530146375033838,0.32990881588157495,True,False,saved-input-PCA; conditional on saved estimated scan bias
cy_junction__zero,cy_junction,zero,7,104,1,104,1.3374637457951746,1.3027102924373808,4.888504902266048,4.761479083701342,0.9740154053019722,1.0266778066923612,0.23252380255500174,False,True,saved-input-PCA; conditional on saved estimated scan bias
cy_junction__zero,cy_junction,zero,8,155,2,0,38.43897449914084,32.00937506592106,90.5827143147999,75.43115066861147,0.8327322849530366,1.2008661343740223,0.6648905719638439,True,False,saved-input-PCA; conditional on saved estimated scan bias
cy_junction__zero,cy_junction,zero,9,70,2,69,0.9176691881196604,0.894080616423883,3.279522738529014,3.195223016747752,0.9742951250830255,1.026383047862201,0.2312188593927866,False,True,saved-input-PCA; conditional on saved estimated scan bias
cy_junction__zero,cy_junction,zero,10,116,2,115,1.1193353269761346,1.089513824281033,3.592351251300302,3.4966432807390477,0.9733578473077732,1.0273713853193014,0.23556732237918798,False,True,saved-input-PCA; conditional on saved estimated scan bias
cy_junction__zero,cy_junction,zero,11,158,2,0,37.034512358703026,33.26860386551651,95.41965521158605,85.71676817211902,0.8983135390926367,1.113197070379318,0.48908866016408126,True,False,saved-input-PCA; conditional on saved estimated scan bias
cy_junction__zero,cy_junction,zero,12,57,2,57,1.1642639708997962,1.1336031447527235,3.9786542784633125,3.873876641964786,0.9736650562815437,1.0270472310252463,0.23414955638784696,False,True,saved-input-PCA; conditional on saved estimated scan bias
cy_junction__zero,cy_junction,zero,13,96,2,95,1.4937574363172033,1.4539390595388997,4.175067774862676,4.0637749921841815,0.9733434787936694,1.027386551394342,0.23563345684761974,False,True,saved-input-PCA; conditional on saved estimated scan bias
cy_junction__zero,cy_junction,zero,14,84,2,0,45.03531309917041,41.0962723823984,106.3556026745496,97.05314598973989,0.9125343992147228,1.0958490998920647,0.44820224200047065,True,False,saved-input-PCA; conditional on saved estimated scan bias
cy_junction__normal_translation,cy_junction,normal_translation,0,67,2,0,26.85539306960945,26.4812630413888,56.60684504275072,55.81823917582366,0.9860687189626717,1.0141281036193743,0.1686885015364955,True,False,saved-input-PCA; conditional on saved estimated scan bias
cy_junction__normal_translation,cy_junction,normal_translation,1,77,2,76,1.8269286417809543,1.7778447524450165,5.05497994632301,4.919168360360447,0.9731331108323481,1.0276086476439712,0.23659994233446346,False,True,saved-input-PCA; conditional on saved estimated scan bias
cy_junction__normal_translation,cy_junction,normal_translation,2,155,2,0,33.98569796598622,26.983522221157234,80.31144715225474,63.76463773129029,0.7939669871768722,1.2594982110726347,0.7657256321262642,True,False,saved-input-PCA; conditional on saved estimated scan bias
cy_junction__normal_translation,cy_junction,normal_translation,3,87,2,0,35.04308690049035,34.68294184035336,68.87486058365855,68.16701938013485,0.9897227929388849,1.0103839248064581,0.1444841704385029,True,False,saved-input-PCA; conditional on saved estimated scan bias
cy_junction__normal_translation,cy_junction,normal_translation,4,117,2,0,11.909999399816423,11.845767794410637,36.84008749265033,36.6414058736589,0.9946069178301742,1.0054223252152632,0.10427872285977809,True,False,saved-input-PCA; conditional on saved estimated scan bias
cy_junction__normal_translation,cy_junction,normal_translation,5,146,2,0,42.60408793617907,30.033230452083895,83.86115814564229,59.11689724093197,0.7049377631806995,1.4185649460570409,1.0061443764101727,True,False,saved-input-PCA; conditional on saved estimated scan bias
cy_junction__normal_translation,cy_junction,normal_translation,6,111,2,0,16.355200629264118,15.529204039755294,59.483196385478166,56.47908054115304,0.9494963951691989,1.0531898858044653,0.3304677526791723,True,False,saved-input-PCA; conditional on saved estimated scan bias
cy_junction__normal_translation,cy_junction,normal_translation,7,104,2,104,1.4040943213816242,1.367362046209767,4.543497890096663,4.424636206661066,0.9738391683432543,1.0268636059291514,0.23334280614970687,False,True,saved-input-PCA; conditional on saved estimated scan bias
cy_junction__normal_translation,cy_junction,normal_translation,8,155,2,0,37.0424936819262,30.671030515361256,87.88840356453869,72.77123216436165,0.8279958357751245,1.2077355426115817,0.6772186802557143,True,False,saved-input-PCA; conditional on saved estimated scan bias
cy_junction__normal_translation,cy_junction,normal_translation,9,70,2,70,1.4580012739011323,1.419616475131822,5.716225439387137,5.565734375258091,0.9736730005272183,1.0270388512966122,0.23411279775498164,False,True,saved-input-PCA; conditional on saved estimated scan bias
cy_junction__normal_translation,cy_junction,normal_translation,10,117,2,114,1.4721454115399126,1.433527936306511,4.845226053001689,4.718125567115378,0.9737678934902181,1.0269387671180652,0.2336733433876699,False,True,saved-input-PCA; conditional on saved estimated scan bias
cy_junction__normal_translation,cy_junction,normal_translation,11,157,2,0,36.34920384070364,32.52902315789045,96.50778769469761,86.36513951159003,0.8949033189404999,1.1174391454754318,0.49866847087104194,True,False,saved-input-PCA; conditional on saved estimated scan bias
cy_junction__normal_translation,cy_junction,normal_translation,12,57,2,56,2.2372060704337855,2.1796325011880144,6.045948471323977,5.89035849793246,0.974265415239729,1.0264143470123475,0.23135775706205255,False,True,saved-input-PCA; conditional on saved estimated scan bias
cy_junction__normal_translation,cy_junction,normal_translation,13,96,2,92,2.1303470181652955,2.0727386673865023,7.371354599858642,7.172020135622272,0.9729582315521502,1.027793349776907,0.23740086319479847,False,True,saved-input-PCA; conditional on saved estimated scan bias
cy_junction__normal_translation,cy_junction,normal_translation,14,84,2,0,47.56471776423598,43.52532430392832,102.72133756784307,93.99781478227135,0.9150758450763922,1.092805591340375,0.44070858905266047,True,False,saved-input-PCA; conditional on saved estimated scan bias
cy_thin__zero,cy_thin,zero,0,113,1,113,0.4116590929240048,0.4116580102019594,1.520341470094678,1.5203374713800752,0.9999973698575738,1.0000026301493439,0.0022935356124423865,False,True,saved-input-PCA; conditional on saved estimated scan bias
cy_thin__zero,cy_thin,zero,1,96,1,96,0.310214134207175,0.3102136076668589,1.1446157377408652,1.1446137949334112,0.9999983026553017,1.0000016973475794,0.0018424706346520212,False,True,saved-input-PCA; conditional on saved estimated scan bias
cy_thin__zero,cy_thin,zero,3,104,1,104,0.4060344039580634,0.4060319133008679,1.4065930668648219,1.4065844386768926,0.9999938658961625,1.000006134141465,0.003502616244743041,False,True,saved-input-PCA; conditional on saved estimated scan bias
cy_thin__normal_translation,cy_thin,normal_translation,0,113,1,113,0.41257037713172484,0.4125690928898335,1.520232866658993,1.5202281345045776,0.9999968872173998,1.0000031127922897,0.0024951140793278252,False,True,saved-input-PCA; conditional on saved estimated scan bias
cy_thin__normal_translation,cy_thin,normal_translation,1,96,1,96,0.30976476242285145,0.30976206535747675,1.1447320571610655,1.1447220901875128,0.9999912931821116,1.0000087068936978,0.004172992116628403,False,True,saved-input-PCA; conditional on saved estimated scan bias
cy_thin__normal_translation,cy_thin,normal_translation,3,104,1,104,0.40581337758289016,0.4058127421966707,1.406030838639187,1.406028637202102,0.9999984342896154,1.000001565712836,0.001769584166889893,False,True,saved-input-PCA; conditional on saved estimated scan bias
