case,arm,method,primary,stage,seed,gap_mm,bias_rms_mm,n_points,sigma_mm,group_count,fit_parameter_count,fit_rank,fit_condition_number,supported_fraction,total_fit_weight,active_point_count,frozen_common_sha256,fit_seconds,identifiable,geometry_scored,surface_accuracy_mean_mm,surface_accuracy_rms_mm,surface_accuracy_p95_mm,reference_sample_coverage_1mm,reference_sample_coverage_2mm,reference_sample_distance_mean_mm,output_point_count_ratio,matched_point_rms_mm,matched_normal_mae_mm,within_source_layer_rms_mm,reported_model_k,model_k_note,global_translation_only_aligned_rms_mm,output_edit_from_reference_centroid_mm,source_surface_tilt_mean_deg,source_surface_tilt_max_deg,input_edit_rms_mm,output,output_sha256,ok,source_group_gap_mm,source_group_gap_error_mm,source_group_gap_retention,fitted_gap_at_same_xy_mm,fitted_gap_at_same_xy_error_mm,fitted_gap_note
ghost_s912101_b0,original_independent,original_independent,False,public_development_diagnostic,912101,0.0,0.0,768,1.0,1,3,3,1.6565706635841384,1.0,767.8746028739565,768,826f068509757cc13ac20c36f42f1aef741d11af71e0c1dd04d3bf689cf0ec11,0.00032777400338090956,True,True,0.04259948388323872,0.05092123794141834,0.08767595216657237,1.0,1.0,0.04375386721030452,1.0,0.05140573428547497,0.04259948388323872,0.02831594544809564,,self-report; not geometry-derived layer count or success,0.029178242074457166,0.04232233106615506,0.06254876399133667,0.06254876399133667,1.0205549918394854,/srv/slam-research/grf/map-denoise/runs/multiscan-pilot-v1/association-v6-bgcq8zff/outputs/ghost_s912101_b0__original_independent.npz,b470033550e59c508db2a34f5cdf9ccd6e301fd4ea9b358546ca87e701ceb930,True,,,,,,
ghost_s912101_b0,original_shared,original_shared,False,public_development_diagnostic,912101,0.0,0.0,768,1.0,1,3,3,1.6565706635841384,1.0,767.8746028739565,768,826f068509757cc13ac20c36f42f1aef741d11af71e0c1dd04d3bf689cf0ec11,0.0002826899872161448,True,True,0.04259948388323872,0.05092123794141834,0.08767595216657237,1.0,1.0,0.04375386721030452,1.0,0.05140573428547497,0.04259948388323872,0.02831594544809564,,self-report; not geometry-derived layer count or success,0.029178242074457166,0.04232233106615506,0.06254876399133667,0.06254876399133667,1.0205549918394854,/srv/slam-research/grf/map-denoise/runs/multiscan-pilot-v1/association-v6-bgcq8zff/outputs/ghost_s912101_b0__original_shared.npz,b470033550e59c508db2a34f5cdf9ccd6e301fd4ea9b358546ca87e701ceb930,True,,,,,,
ghost_s912101_b0,oracle_independent,oracle_independent,False,public_development_diagnostic,912101,0.0,0.0,768,1.0,1,3,3,1.6565706635841384,1.0,767.8746028739565,768,826f068509757cc13ac20c36f42f1aef741d11af71e0c1dd04d3bf689cf0ec11,0.0002849380107363686,True,True,0.04259948388323872,0.05092123794141834,0.08767595216657237,1.0,1.0,0.04375386721030452,1.0,0.05140573428547497,0.04259948388323872,0.02831594544809564,,self-report; not geometry-derived layer count or success,0.029178242074457166,0.04232233106615506,0.06254876399133667,0.06254876399133667,1.0205549918394854,/srv/slam-research/grf/map-denoise/runs/multiscan-pilot-v1/association-v6-bgcq8zff/outputs/ghost_s912101_b0__oracle_independent.npz,b470033550e59c508db2a34f5cdf9ccd6e301fd4ea9b358546ca87e701ceb930,True,,,,,,
ghost_s912101_b0,oracle_shared,oracle_shared,False,public_development_diagnostic,912101,0.0,0.0,768,1.0,1,3,3,1.6565706635841384,1.0,767.8746028739565,768,826f068509757cc13ac20c36f42f1aef741d11af71e0c1dd04d3bf689cf0ec11,0.00028598500648513436,True,True,0.04259948388323872,0.05092123794141834,0.08767595216657237,1.0,1.0,0.04375386721030452,1.0,0.05140573428547497,0.04259948388323872,0.02831594544809564,,self-report; not geometry-derived layer count or success,0.029178242074457166,0.04232233106615506,0.06254876399133667,0.06254876399133667,1.0205549918394854,/srv/slam-research/grf/map-denoise/runs/multiscan-pilot-v1/association-v6-bgcq8zff/outputs/ghost_s912101_b0__oracle_shared.npz,b470033550e59c508db2a34f5cdf9ccd6e301fd4ea9b358546ca87e701ceb930,True,,,,,,
ghost_s912101_b4,original_independent,original_independent,True,public_development_diagnostic,912101,0.0,4.0,768,1.0,1,3,3,1.6565357512401981,1.0,767.8777900154278,768,95cad803dcb4ae3d442aec80d790bdb82a764680f864d332686de0110f163c20,0.0003094929998042062,True,True,0.04257531671846108,0.05089520681852706,0.08765162514256844,1.0,1.0,0.05343454331016556,1.0,0.05837466548714791,0.04257531671846108,0.0283069598281877,,self-report; not geometry-derived layer count or success,0.04023137417844613,0.04229702238279032,0.06252571361966522,0.06252571361966522,4.143634098889613,/srv/slam-research/grf/map-denoise/runs/multiscan-pilot-v1/association-v6-bgcq8zff/outputs/ghost_s912101_b4__original_independent.npz,512d2b41cb5052506c67d57fea3614a599c2c02f7e716a16f9dd882f2cbfc84b,True,,,,,,
ghost_s912101_b4,original_shared,original_shared,True,public_development_diagnostic,912101,0.0,4.0,768,1.0,1,3,3,1.6565357512401981,1.0,767.8777900154278,768,95cad803dcb4ae3d442aec80d790bdb82a764680f864d332686de0110f163c20,0.0002618180005811155,True,True,0.04257531671846108,0.05089520681852706,0.08765162514256844,1.0,1.0,0.05343454331016556,1.0,0.05837466548714791,0.04257531671846108,0.0283069598281877,,self-report; not geometry-derived layer count or success,0.04023137417844613,0.04229702238279032,0.06252571361966522,0.06252571361966522,4.143634098889613,/srv/slam-research/grf/map-denoise/runs/multiscan-pilot-v1/association-v6-bgcq8zff/outputs/ghost_s912101_b4__original_shared.npz,512d2b41cb5052506c67d57fea3614a599c2c02f7e716a16f9dd882f2cbfc84b,True,,,,,,
ghost_s912101_b4,oracle_independent,oracle_independent,True,public_development_diagnostic,912101,0.0,4.0,768,1.0,1,3,3,1.6565357512401981,1.0,767.8777900154278,768,95cad803dcb4ae3d442aec80d790bdb82a764680f864d332686de0110f163c20,0.0003101189940935001,True,True,0.04257531671846108,0.05089520681852706,0.08765162514256844,1.0,1.0,0.05343454331016556,1.0,0.05837466548714791,0.04257531671846108,0.0283069598281877,,self-report; not geometry-derived layer count or success,0.04023137417844613,0.04229702238279032,0.06252571361966522,0.06252571361966522,4.143634098889613,/srv/slam-research/grf/map-denoise/runs/multiscan-pilot-v1/association-v6-bgcq8zff/outputs/ghost_s912101_b4__oracle_independent.npz,512d2b41cb5052506c67d57fea3614a599c2c02f7e716a16f9dd882f2cbfc84b,True,,,,,,
ghost_s912101_b4,oracle_shared,oracle_shared,True,public_development_diagnostic,912101,0.0,4.0,768,1.0,1,3,3,1.6565357512401981,1.0,767.8777900154278,768,95cad803dcb4ae3d442aec80d790bdb82a764680f864d332686de0110f163c20,0.00028073700377717614,True,True,0.04257531671846108,0.05089520681852706,0.08765162514256844,1.0,1.0,0.05343454331016556,1.0,0.05837466548714791,0.04257531671846108,0.0283069598281877,,self-report; not geometry-derived layer count or success,0.04023137417844613,0.04229702238279032,0.06252571361966522,0.06252571361966522,4.143634098889613,/srv/slam-research/grf/map-denoise/runs/multiscan-pilot-v1/association-v6-bgcq8zff/outputs/ghost_s912101_b4__oracle_shared.npz,512d2b41cb5052506c67d57fea3614a599c2c02f7e716a16f9dd882f2cbfc84b,True,,,,,,
dual_g2_s912101_b0,original_independent,original_independent,False,public_development_diagnostic,912101,2.0,0.0,768,1.0,3,9,9,7.036909668782796,1.0,767.658080280765,768,e5f788e15664204f29202724288314eb18bf3aa2fa3e2f95d282a391488f3209,0.00042239000322297215,True,True,0.19755080336582778,0.31664473278869576,0.6979708865589909,0.9596354166666666,1.0,0.20236838780407104,1.0,0.3274865616230388,0.20072933727402945,0.2977052971364532,,self-report; not geometry-derived layer count or success,0.32454886828809437,0.04376619856233277,0.4209864516900144,0.45872525589095275,1.0688408739956994,/srv/slam-research/grf/map-denoise/runs/multiscan-pilot-v1/association-v6-bgcq8zff/outputs/dual_g2_s912101_b0__original_independent.npz,d53b975c349ededb8b99fdb6eae22ad021329f615bf2ac4d4c1dfe80a9d288bf,True,1.7354994242610586,0.26450057573894137,0.8677497121305293,1.3372488364816326,0.6627511635183674,"GT source-group affine fits evaluated at x=y=0; may extrapolate, not physical layer count"
dual_g2_s912101_b0,original_shared,original_shared,False,public_development_diagnostic,912101,2.0,0.0,768,1.0,3,5,5,6.130550239446147,1.0,767.658080280765,768,e5f788e15664204f29202724288314eb18bf3aa2fa3e2f95d282a391488f3209,0.00034656299976632,True,True,0.19099910346047197,0.32994444490349045,0.3554334072053911,0.9596354166666666,1.0,0.20282258035336861,1.0,0.36510335894590557,0.20146927480952617,0.3226373128722227,,self-report; not geometry-derived layer count or success,0.362455811087054,0.043889038754666834,0.804690910832727,1.4156378747848122,1.0902025918032043,/srv/slam-research/grf/map-denoise/runs/multiscan-pilot-v1/association-v6-bgcq8zff/outputs/dual_g2_s912101_b0__original_shared.npz,bf81516206379226a39a0b773b690e3bad619c385b12e5d034f72daf26579349,True,1.661174326811179,0.33882567318882106,0.8305871634055895,0.5966957462326388,1.4033042537673612,"GT source-group affine fits evaluated at x=y=0; may extrapolate, not physical layer count"
dual_g2_s912101_b0,oracle_independent,oracle_independent,False,public_development_diagnostic,912101,2.0,0.0,768,1.0,4,12,12,118.23273357762764,1.0,767.658080280765,768,e5f788e15664204f29202724288314eb18bf3aa2fa3e2f95d282a391488f3209,0.0004479569906834513,True,True,0.07590549690923305,0.1084346171953128,0.25582695018754636,1.0,1.0,0.07873931322499336,1.0,0.10933629504763138,0.07590549690923305,0.09646153875828507,,self-report; not geometry-derived layer count or success,0.1003700341515603,0.04336221464774747,0.27903940238474007,0.5409205481384565,1.0159822873378872,/srv/slam-research/grf/map-denoise/runs/multiscan-pilot-v1/association-v6-bgcq8zff/outputs/dual_g2_s912101_b0__oracle_independent.npz,d6224ceef63c14250d531a31d7192510af6890d64ae653f3c7820a5b7dbab73d,True,1.950690901421608,0.04930909857839194,0.975345450710804,2.2561081618477337,0.25610816184773366,"GT source-group affine fits evaluated at x=y=0; may extrapolate, not physical layer count"
dual_g2_s912101_b0,oracle_shared,oracle_shared,False,public_development_diagnostic,912101,2.0,0.0,768,1.0,4,6,6,6.757676415873557,1.0,767.658080280765,768,e5f788e15664204f29202724288314eb18bf3aa2fa3e2f95d282a391488f3209,0.00038020999636501074,True,True,0.05673714984952746,0.0684325887303101,0.12675634138872371,1.0,1.0,0.05965016024526256,1.0,0.06986207603302497,0.05673714984952747,0.04714296082191266,,self-report; not geometry-derived layer count or success,0.0547438652032725,0.04340298250408712,0.10430503986774685,0.2214174607733904,1.0194205032592014,/srv/slam-research/grf/map-denoise/runs/multiscan-pilot-v1/association-v6-bgcq8zff/outputs/dual_g2_s912101_b0__oracle_shared.npz,2db730c834fdeeacd37844787e6930e29c38b66f6f89357b830409e625e18805,True,1.9505282786351124,0.049471721364887644,0.9752641393175562,2.0818268521408068,0.08182685214080676,"GT source-group affine fits evaluated at x=y=0; may extrapolate, not physical layer count"
dual_g2_s912101_b4,original_independent,original_independent,False,public_development_diagnostic,912101,2.0,4.0,768,1.0,3,9,9,7.035277870547084,1.0,767.6575876700083,768,202a174327831e464f987dd3db84d64f00f8f514ee2f99aeb3d04c4755fd654a,0.00043233600445091724,True,True,0.1975662613200733,0.3165701446031657,0.6975030129804342,0.9596354166666666,1.0,0.21813486173559885,1.0,0.33220085583107484,0.20077722892031846,0.29780114027693805,,self-report; not geometry-derived layer count or success,0.32930550974504497,0.04376402479725381,0.421485643667698,0.45896156652319176,4.139185425935175,/srv/slam-research/grf/map-denoise/runs/multiscan-pilot-v1/association-v6-bgcq8zff/outputs/dual_g2_s912101_b4__original_independent.npz,5b44756bf2dd096ab967e0e80887946742e559a68b92250027f8711191adc8ba,True,1.7354094725422293,0.2645905274577707,0.8677047362711147,1.3364638597862424,0.6635361402137576,"GT source-group affine fits evaluated at x=y=0; may extrapolate, not physical layer count"
dual_g2_s912101_b4,original_shared,original_shared,False,public_development_diagnostic,912101,2.0,4.0,768,1.0,3,5,5,6.129562383931433,1.0,767.6575876700083,768,202a174327831e464f987dd3db84d64f00f8f514ee2f99aeb3d04c4755fd654a,0.0003423570015002042,True,True,0.19100173107617371,0.32989199398641544,0.3557147523960848,0.9596354166666666,1.0,0.21657537507437966,1.0,0.36926744264447964,0.20147508949336776,0.32266661467082225,,self-report; not geometry-derived layer count or success,0.3666502569330378,0.04388659576831392,0.8047015864231679,1.4156634864303963,4.146119567771296,/srv/slam-research/grf/map-denoise/runs/multiscan-pilot-v1/association-v6-bgcq8zff/outputs/dual_g2_s912101_b4__original_shared.npz,103da805f0d0c5aa4301e0e9b8fd6fd38237ecdaff08b5ce11f9e6bf2b05370a,True,1.6612039388488233,0.33879606115117666,0.8306019694244117,0.5966869968783588,1.4033130031216412,"GT source-group affine fits evaluated at x=y=0; may extrapolate, not physical layer count"
dual_g2_s912101_b4,oracle_independent,oracle_independent,False,public_development_diagnostic,912101,2.0,4.0,768,1.0,4,12,12,119.30956963617092,1.0,767.6575876700083,768,202a174327831e464f987dd3db84d64f00f8f514ee2f99aeb3d04c4755fd654a,0.00044647499453276396,True,True,0.07606226802451208,0.10882639268003148,0.2561165632697719,1.0,1.0,0.10168574171558624,1.0,0.12291842923703057,0.07606226802451209,0.09690720109711366,,self-report; not geometry-derived layer count or success,0.11501740817532516,0.04335822946949666,0.27918900700613153,0.5408727051577492,4.143357435659745,/srv/slam-research/grf/map-denoise/runs/multiscan-pilot-v1/association-v6-bgcq8zff/outputs/dual_g2_s912101_b4__oracle_independent.npz,4b980fc16248d8a2fdcf900a2196565110943e997bbd3ba54aeb88c696c51600,True,1.9507216361194732,0.049278363880526754,0.9753608180597366,2.2559974893581023,0.2559974893581023,"GT source-group affine fits evaluated at x=y=0; may extrapolate, not physical layer count"
dual_g2_s912101_b4,oracle_shared,oracle_shared,False,public_development_diagnostic,912101,2.0,4.0,768,1.0,4,6,6,6.755814079432219,1.0,767.6575876700083,768,202a174327831e464f987dd3db84d64f00f8f514ee2f99aeb3d04c4755fd654a,0.0003827299951808527,True,True,0.05669912061269539,0.06837238245898779,0.12665041081185904,1.0,1.0,0.08324468614791182,1.0,0.08916059222142042,0.05669912061269541,0.04706480109143625,,self-report; not geometry-derived layer count or success,0.07788472122491509,0.0434002466005858,0.10416055257024154,0.22083307427349305,4.149108408262047,/srv/slam-research/grf/map-denoise/runs/multiscan-pilot-v1/association-v6-bgcq8zff/outputs/dual_g2_s912101_b4__oracle_shared.npz,5ca6a78b8be0b80f7c21001a40dc1a6f7c0fda70369b4039606776863096caf2,True,1.950555554094386,0.04944444590561403,0.975277777047193,2.081434510943784,0.08143451094378396,"GT source-group affine fits evaluated at x=y=0; may extrapolate, not physical layer count"
dual_g4_s912101_b0,original_independent,original_independent,False,public_development_diagnostic,912101,4.0,0.0,768,1.0,5,15,15,14.52156165626895,0.921875,767.8066098490825,768,5d2db3c1fcb923aaebcd28b20fd0ce1a66aaeefd548ac02157c29824d83360db,0.0005260559992166236,True,True,0.27401357331197074,0.4981743276956096,1.1263671348618052,0.9466145833333334,0.9869791666666666,0.27121744955039195,1.0,0.5243973453573241,0.280531470765593,0.514473747038019,,self-report; not geometry-derived layer count or success,0.522578525777236,0.043637830082386954,0.3762185849515909,0.39337562172175156,0.9836449977495679,/srv/slam-research/grf/map-denoise/runs/multiscan-pilot-v1/association-v6-bgcq8zff/outputs/dual_g4_s912101_b0__original_independent.npz,fadefedb514c80a8917dd33179fce034d3362fe5ddb50bbeee447f97a256ee6f,True,3.811240715243759,0.18875928475624093,0.9528101788109398,3.4163846548627306,0.5836153451372694,"GT source-group affine fits evaluated at x=y=0; may extrapolate, not physical layer count"
dual_g4_s912101_b0,original_shared,original_shared,False,public_development_diagnostic,912101,4.0,0.0,768,1.0,5,7,7,6.070740058801091,0.921875,767.8066098490825,768,5d2db3c1fcb923aaebcd28b20fd0ce1a66aaeefd548ac02157c29824d83360db,0.0004002539935754612,True,True,0.46589043272443753,0.6626657717680843,1.5689398967480923,0.8932291666666666,0.9869791666666666,0.468480710936155,1.0,0.7046911292652603,0.47894975283353974,0.6715318774735468,,self-report; not geometry-derived layer count or success,0.7021219608142746,0.060119379633077306,1.4425433331081583,2.79792726698307,1.1253217453346374,/srv/slam-research/grf/map-denoise/runs/multiscan-pilot-v1/association-v6-bgcq8zff/outputs/dual_g4_s912101_b0__original_shared.npz,9b730eaf7550490f72f60bc926619f3aedff34b490da7639a073840b12285bcf,True,3.577575566204633,0.4224244337953671,0.8943938915511582,1.511839629480606,2.488160370519394,"GT source-group affine fits evaluated at x=y=0; may extrapolate, not physical layer count"
dual_g4_s912101_b0,oracle_independent,oracle_independent,False,public_development_diagnostic,912101,4.0,0.0,768,1.0,8,24,23,,0.921875,767.8066098490825,768,5d2db3c1fcb923aaebcd28b20fd0ce1a66aaeefd548ac02157c29824d83360db,0.0006691879971185699,True,True,0.20726011289508914,0.36241605845373537,0.8700042535564539,0.9765625,0.9986979166666666,0.2022789878501574,1.0,0.36594988029703174,0.20789918796353954,0.363200506269819,,self-report; not geometry-derived layer count or success,0.3635390017696912,0.041936965575830085,0.17264251940299338,0.31551280270586907,0.9224279625147711,/srv/slam-research/grf/map-denoise/runs/multiscan-pilot-v1/association-v6-bgcq8zff/outputs/dual_g4_s912101_b0__oracle_independent.npz,28c86bef717a020aa1a78dca2944bccd7d2dcaa73ce2273f384e111b0dba3413,True,3.968847902373599,0.03115209762640081,0.9922119755933998,4.105116642796398,0.1051166427963981,"GT source-group affine fits evaluated at x=y=0; may extrapolate, not physical layer count"
dual_g4_s912101_b0,oracle_shared,oracle_shared,False,public_development_diagnostic,912101,4.0,0.0,768,1.0,8,10,10,19.151623330187025,0.921875,767.8066098490825,768,5d2db3c1fcb923aaebcd28b20fd0ce1a66aaeefd548ac02157c29824d83360db,0.0005133679951541126,True,True,0.20556661149822708,0.32987397336166013,0.7359820342437302,0.9921875,0.9986979166666666,0.20125028456727245,1.0,0.33375378399018785,0.20620568656667748,0.3304547298775317,,self-report; not geometry-derived layer count or success,0.33070643016085205,0.04499828194536397,0.11045843955485331,0.21086418601797502,0.9440262288875103,/srv/slam-research/grf/map-denoise/runs/multiscan-pilot-v1/association-v6-bgcq8zff/outputs/dual_g4_s912101_b0__oracle_shared.npz,77f0e07d25497d430369448ed072dc9e26a03a93a422aaf1760cdf026f617262,True,3.9749253540913574,0.025074645908642612,0.9937313385228393,3.870464491722648,0.12953550827735194,"GT source-group affine fits evaluated at x=y=0; may extrapolate, not physical layer count"
dual_g4_s912101_b4,original_independent,original_independent,True,public_development_diagnostic,912101,4.0,4.0,768,1.0,5,15,15,14.519760092916213,0.921875,767.8064309291713,768,f75a8642c2fbf3a05eec9a91f7fab0b1e29e1220cc0743722ebaa4a4b19e84f8,0.0005164530011825264,True,True,0.4246613018237249,0.9713639465425354,1.8675065434859126,0.8919270833333334,0.9466145833333334,0.38455932234824614,1.0,1.139711249362274,0.49532458827529374,1.1359137449609082,,self-report; not geometry-derived layer count or success,1.1371551008531642,0.0762889803742718,0.271473249009434,0.2862585652205289,4.013959044772528,/srv/slam-research/grf/map-denoise/runs/multiscan-pilot-v1/association-v6-bgcq8zff/outputs/dual_g4_s912101_b4__original_independent.npz,8b4a2ef78d1fa4e69579a4d402c2dfe62930849942f071016640bd610734db7b,True,3.8971760445404673,0.10282395545953271,0.9742940111351168,3.666621441771583,0.333378558228417,"GT source-group affine fits evaluated at x=y=0; may extrapolate, not physical layer count"
dual_g4_s912101_b4,original_shared,original_shared,True,public_development_diagnostic,912101,4.0,4.0,768,1.0,5,7,7,6.070144755250422,0.921875,767.8064309291713,768,f75a8642c2fbf3a05eec9a91f7fab0b1e29e1220cc0743722ebaa4a4b19e84f8,0.0004208570026094094,True,True,0.6165817818918046,1.0651542021565426,1.9034156813956244,0.8333333333333334,0.9427083333333334,0.5926345616686562,1.0,1.2331040665494604,0.6937760121095211,1.2185867055070359,,self-report; not geometry-derived layer count or success,1.2296094325424731,0.09277005089679417,1.2825898835862237,2.638486643705409,4.058302569212302,/srv/slam-research/grf/map-denoise/runs/multiscan-pilot-v1/association-v6-bgcq8zff/outputs/dual_g4_s912101_b4__original_shared.npz,72325b722c8e828af883129e8587a4048fafee0b867faf415c499b321d3ef655,True,3.663517520869449,0.33648247913055096,0.9158793802173623,1.7619168936337997,2.2380831063662003,"GT source-group affine fits evaluated at x=y=0; may extrapolate, not physical layer count"
dual_g4_s912101_b4,oracle_independent,oracle_independent,True,public_development_diagnostic,912101,4.0,4.0,768,1.0,8,24,23,,0.921875,767.8064309291713,768,f75a8642c2fbf3a05eec9a91f7fab0b1e29e1220cc0743722ebaa4a4b19e84f8,0.0006771680054953322,True,True,0.3579016643330148,0.9092091219907491,1.7197852316737177,0.9231770833333334,0.9622395833333334,0.3133388288195016,1.0,1.0760539034770062,0.4227026462411286,1.0729830756137342,,self-report; not geometry-derived layer count or success,1.0734656307365433,0.07458916017423502,0.24470837939985848,0.4238968012543083,3.9883859611014723,/srv/slam-research/grf/map-denoise/runs/multiscan-pilot-v1/association-v6-bgcq8zff/outputs/dual_g4_s912101_b4__oracle_independent.npz,faf604a81bb228d0f7b1bb499fa800fce01061c908cedae43a4abcbbb472396f,True,4.054790617901956,0.05479061790195594,1.013697654475489,4.355349668502881,0.35534966850288097,"GT source-group affine fits evaluated at x=y=0; may extrapolate, not physical layer count"
dual_g4_s912101_b4,oracle_shared,oracle_shared,True,public_development_diagnostic,912101,4.0,4.0,768,1.0,8,10,10,19.151535105203738,0.921875,767.8064309291713,768,f75a8642c2fbf3a05eec9a91f7fab0b1e29e1220cc0743722ebaa4a4b19e84f8,0.0005052139895269647,True,True,0.35621670396343913,0.896732256080202,1.648502213541618,0.9375,0.9635416666666666,0.312369478354153,1.0,1.0655332552857573,0.4210176858715529,1.0621340883205679,,self-report; not geometry-derived layer count or success,1.0627001586081921,0.077649797256564,0.13264900522488401,0.17204612008983494,3.9980832563526416,/srv/slam-research/grf/map-denoise/runs/multiscan-pilot-v1/association-v6-bgcq8zff/outputs/dual_g4_s912101_b4__oracle_shared.npz,2ab8637851f8f43a34c0ee459c533820e12d5befd0a9c89a94445293073c5a2c,True,4.060868292499765,0.060868292499765,1.0152170731249412,4.1205528354596295,0.12055283545962947,"GT source-group affine fits evaluated at x=y=0; may extrapolate, not physical layer count"
dual_g8_s912101_b0,original_independent,original_independent,False,public_development_diagnostic,912101,8.0,0.0,768,1.0,4,12,12,11.951258979212486,0.9856770833333334,767.248829142759,768,a7bcda37473caf9857774338a50a99ae862cecb1e9b596823906230b3eaf2d45,0.0004693890077760443,True,True,0.2909059926253884,0.5131480205240252,1.0525334867942557,0.9453125,0.9895833333333334,0.2833543284437694,1.0,0.5131577869061842,0.29090599262538847,0.5113753692090518,,self-report; not geometry-derived layer count or success,0.5113857422739837,0.04260911711523192,0.20411489208979375,0.22649838987915583,0.9928337004390154,/srv/slam-research/grf/map-denoise/runs/multiscan-pilot-v1/association-v6-bgcq8zff/outputs/dual_g8_s912101_b0__original_independent.npz,1f3c78b1295ac53ed6ed94e8ce9cea534278c23e9d60bfb6053ada6ce6277d09,True,8.001600434273616,0.0016004342736160027,1.000200054284202,7.886106196391206,0.11389380360879375,"GT source-group affine fits evaluated at x=y=0; may extrapolate, not physical layer count"
dual_g8_s912101_b0,original_shared,original_shared,False,public_development_diagnostic,912101,8.0,0.0,768,1.0,4,6,6,6.18751257865982,0.9856770833333334,767.248829142759,768,a7bcda37473caf9857774338a50a99ae862cecb1e9b596823906230b3eaf2d45,0.00037008999788668007,True,True,0.9420377360189699,1.2955539719221618,2.8267041736258633,0.6497395833333334,0.9309895833333334,0.9136444441234036,1.0,1.3001355340923655,0.9435057774054959,1.2459962981284174,,self-report; not geometry-derived layer count or success,1.2993774753334246,0.04439125596078244,2.8535512303346575,6.200702796671079,1.548870870922829,/srv/slam-research/grf/map-denoise/runs/multiscan-pilot-v1/association-v6-bgcq8zff/outputs/dual_g8_s912101_b0__original_shared.npz,97fd076d4f52f0e0d00cad02d2cb40cc06db5566dc87153219f09f333e0e165f,True,7.229332939660401,0.7706670603395986,0.9036666174575502,2.781259252175845,5.218740747824155,"GT source-group affine fits evaluated at x=y=0; may extrapolate, not physical layer count"
dual_g8_s912101_b0,oracle_independent,oracle_independent,False,public_development_diagnostic,912101,8.0,0.0,768,1.0,5,15,15,131.74646430028093,0.9856770833333334,767.248829142759,768,a7bcda37473caf9857774338a50a99ae862cecb1e9b596823906230b3eaf2d45,0.0005018239899072796,True,True,0.21963331433548472,0.343071312339597,0.7671886579107665,0.9778645833333334,0.9973958333333334,0.21842792014808987,1.0,0.3430849979271338,0.21963331433548472,0.3400613212788763,,self-report; not geometry-derived layer count or success,0.34122098711838617,0.03571489538855744,0.1988183763137057,0.31620476045723817,0.9609803652682203,/srv/slam-research/grf/map-denoise/runs/multiscan-pilot-v1/association-v6-bgcq8zff/outputs/dual_g8_s912101_b0__oracle_independent.npz,11de1e02c5e259a5736ffd6805fd5d8b46a6d39cd444b6f09751f8df0fd9300c,True,8.058421085617082,0.05842108561708237,1.0073026357021353,8.16967043925127,0.16967043925127,"GT source-group affine fits evaluated at x=y=0; may extrapolate, not physical layer count"
dual_g8_s912101_b0,oracle_shared,oracle_shared,False,public_development_diagnostic,912101,8.0,0.0,768,1.0,5,7,7,7.5412195721906645,0.9856770833333334,767.248829142759,768,a7bcda37473caf9857774338a50a99ae862cecb1e9b596823906230b3eaf2d45,0.0004131090099690482,True,True,0.17194185777100657,0.22967900239572026,0.3793770380013214,0.99609375,0.9986979166666666,0.1712993563389722,1.0,0.22970094930934082,0.17194185777100657,0.22476004943610658,,self-report; not geometry-derived layer count or success,0.22665566142221477,0.03727917996510534,0.2470991614891157,0.5666496895394164,0.9957355347035969,/srv/slam-research/grf/map-denoise/runs/multiscan-pilot-v1/association-v6-bgcq8zff/outputs/dual_g8_s912101_b0__oracle_shared.npz,4a8362fe582e91c0b41c73348c17bb10170d139c063b7f2fd24a6c5e232289b3,True,8.060803059461946,0.06080305946194642,1.0076003824327433,7.71432550958017,0.2856744904198303,"GT source-group affine fits evaluated at x=y=0; may extrapolate, not physical layer count"
dual_g8_s912101_b4,original_independent,original_independent,True,public_development_diagnostic,912101,8.0,4.0,768,1.0,4,12,12,11.954511036239111,0.9856770833333334,767.248246259715,768,3770b5a60db45da78fe813cbddc649966c5886fe67e08fc034330e3a28e8d174,0.0004923299857182428,True,True,0.32566042198258455,0.6746210520922855,1.173448306291375,0.9361979166666666,0.9817708333333334,0.3029424305976092,1.0,0.7691167618436708,0.3426920353445617,0.7682051685781496,,self-report; not geometry-derived layer count or success,0.7683352597792303,0.034662976341865236,0.23488639758351892,0.27418459951601426,4.1376165766788855,/srv/slam-research/grf/map-denoise/runs/multiscan-pilot-v1/association-v6-bgcq8zff/outputs/dual_g8_s912101_b4__original_independent.npz,108795b8482e8cb9fe34fa5a195b657b9aeb0239fc27def220d70e00351b9333,True,7.98937796824271,0.010622031757289818,0.9986722460303388,7.851611810789634,0.14838818921036623,"GT source-group affine fits evaluated at x=y=0; may extrapolate, not physical layer count"
dual_g8_s912101_b4,original_shared,original_shared,True,public_development_diagnostic,912101,8.0,4.0,768,1.0,4,6,6,6.187860142514881,0.9856770833333334,767.248246259715,768,3770b5a60db45da78fe813cbddc649966c5886fe67e08fc034330e3a28e8d174,0.0003768510068766773,True,True,0.9767792810194939,1.367625087813321,3.9005291071271375,0.640625,0.921875,0.9357083843996493,1.0,1.4207870073033586,0.9952700249710938,1.3700046107045905,,self-report; not geometry-derived layer count or success,1.4203195258055963,0.03644399453134314,2.89081360395609,6.200933736162238,4.318701429328217,/srv/slam-research/grf/map-denoise/runs/multiscan-pilot-v1/association-v6-bgcq8zff/outputs/dual_g8_s912101_b4__original_shared.npz,e99c0af5e2c95b1159d76484ed177e5b2977cfe4406c265736e25eadb93faab3,True,7.2170787243040495,0.7829212756959505,0.9021348405380062,2.746260759379653,5.253739240620347,"GT source-group affine fits evaluated at x=y=0; may extrapolate, not physical layer count"
dual_g8_s912101_b4,oracle_independent,oracle_independent,True,public_development_diagnostic,912101,8.0,4.0,768,1.0,5,15,15,131.78729464973145,0.9856770833333334,767.248246259715,768,3770b5a60db45da78fe813cbddc649966c5886fe67e08fc034330e3a28e8d174,0.0005191979871597141,True,True,0.254403924556081,0.5564230635902155,0.8278146626434113,0.96875,0.9921875,0.23489155531869307,1.0,0.667856032670618,0.27143553791805813,0.6667842781457728,,self-report; not geometry-derived layer count or success,0.6672786817122728,0.027764029010014936,0.24107005957575747,0.3163175507446902,4.114081813097083,/srv/slam-research/grf/map-denoise/runs/multiscan-pilot-v1/association-v6-bgcq8zff/outputs/dual_g8_s912101_b4__oracle_independent.npz,faf67915c15148b75e575495734b81a55306163411a4e0fd289529c3fe5d86a3,True,8.046164152017077,0.04616415201707724,1.0057705190021347,8.135026500834801,0.13502650083480106,"GT source-group affine fits evaluated at x=y=0; may extrapolate, not physical layer count"
dual_g8_s912101_b4,oracle_shared,oracle_shared,True,public_development_diagnostic,912101,8.0,4.0,768,1.0,5,7,7,7.541766453847384,0.9856770833333334,767.248246259715,768,3770b5a60db45da78fe813cbddc649966c5886fe67e08fc034330e3a28e8d174,0.00042882100387942046,True,True,0.20668500505049617,0.49466224619944243,0.38146605711207277,0.9908854166666666,0.9934895833333334,0.18520443082601687,1.0,0.6173450804957719,0.22371662350802224,0.6160719044002191,,self-report; not geometry-derived layer count or success,0.616648084050831,0.02932727141706726,0.2239948207340354,0.5663899205107241,4.103956658318402,/srv/slam-research/grf/map-denoise/runs/multiscan-pilot-v1/association-v6-bgcq8zff/outputs/dual_g8_s912101_b4__oracle_shared.npz,457f4f210f1ea03a32c21a45ac53fc935a7197bbae19a0438f47377529be72ee,True,8.04854373343305,0.04854373343304985,1.0060679666791312,7.679718846513504,0.320281153486496,"GT source-group affine fits evaluated at x=y=0; may extrapolate, not physical layer count"
ghost_s912113_b0,original_independent,original_independent,False,public_development_diagnostic,912113,0.0,0.0,768,1.0,2,6,6,10.436501293215148,1.0,767.9961905923242,768,6cfc1f6f711a2cd6b720a9ec15af753463251737d56e0d8d99b06ee2e17551d8,0.00037395999243017286,True,True,0.09832035359670195,0.1257877371327537,0.2580685502353303,1.0,1.0,0.0984326177407137,1.0,0.12581954551731903,0.09832035359670195,0.12491729619180351,,self-report; not geometry-derived layer count or success,0.12494932616495093,0.014772404174995514,0.08881459947806371,0.08881459947806371,1.0218815719154501,/srv/slam-research/grf/map-denoise/runs/multiscan-pilot-v1/association-v6-bgcq8zff/outputs/ghost_s912113_b0__original_independent.npz,f390d656fafc611d4dbd9146c82d53ef421fdbe9ab0c7f42ad3c6aa36918d978,True,,,,,,
ghost_s912113_b0,original_shared,original_shared,False,public_development_diagnostic,912113,0.0,0.0,768,1.0,2,4,4,3.0225521610670003,1.0,767.9961905923242,768,6cfc1f6f711a2cd6b720a9ec15af753463251737d56e0d8d99b06ee2e17551d8,0.0003218509955331683,True,True,0.08450039030566342,0.10414094157283908,0.2097631930141632,1.0,1.0,0.08463939704781302,1.0,0.10417953563632801,0.08450039030566342,0.10308787312066332,,self-report; not geometry-derived layer count or success,0.10312686128387681,0.014772478706600626,0.08881516794197998,0.08881516794197998,1.02422268677255,/srv/slam-research/grf/map-denoise/runs/multiscan-pilot-v1/association-v6-bgcq8zff/outputs/ghost_s912113_b0__original_shared.npz,24126757bb9e3dfce128fa4658ea6cb018b30ea7be94455f4fea799610122588,True,,,,,,
ghost_s912113_b0,oracle_independent,oracle_independent,False,public_development_diagnostic,912113,0.0,0.0,768,1.0,2,6,6,10.436501293215148,1.0,767.9961905923242,768,6cfc1f6f711a2cd6b720a9ec15af753463251737d56e0d8d99b06ee2e17551d8,0.0003345750010339543,True,True,0.09832035359670195,0.1257877371327537,0.2580685502353303,1.0,1.0,0.0984326177407137,1.0,0.12581954551731903,0.09832035359670195,0.12491729619180351,,self-report; not geometry-derived layer count or success,0.12494932616495093,0.014772404174995514,0.08881459947806371,0.08881459947806371,1.0218815719154501,/srv/slam-research/grf/map-denoise/runs/multiscan-pilot-v1/association-v6-bgcq8zff/outputs/ghost_s912113_b0__oracle_independent.npz,f390d656fafc611d4dbd9146c82d53ef421fdbe9ab0c7f42ad3c6aa36918d978,True,,,,,,
ghost_s912113_b0,oracle_shared,oracle_shared,False,public_development_diagnostic,912113,0.0,0.0,768,1.0,2,4,4,3.0225521610670003,1.0,767.9961905923242,768,6cfc1f6f711a2cd6b720a9ec15af753463251737d56e0d8d99b06ee2e17551d8,0.0003312879998702556,True,True,0.08450039030566342,0.10414094157283908,0.2097631930141632,1.0,1.0,0.08463939704781302,1.0,0.10417953563632801,0.08450039030566342,0.10308787312066332,,self-report; not geometry-derived layer count or success,0.10312686128387681,0.014772478706600626,0.08881516794197998,0.08881516794197998,1.02422268677255,/srv/slam-research/grf/map-denoise/runs/multiscan-pilot-v1/association-v6-bgcq8zff/outputs/ghost_s912113_b0__oracle_shared.npz,24126757bb9e3dfce128fa4658ea6cb018b30ea7be94455f4fea799610122588,True,,,,,,
ghost_s912113_b4,original_independent,original_independent,False,public_development_diagnostic,912113,0.0,4.0,768,1.0,2,6,6,10.437598247428868,1.0,767.9961844256036,768,08ca4e85f172bc15e5b00115acfdcec5d1bf0aee33985411d79c230221830ae0,0.0003694580082083121,True,True,0.0983105065512574,0.12577524061420972,0.2580594155585459,1.0,1.0,0.09968966100979275,1.0,0.12629418398097875,0.0983105065512574,0.12490470994168,,self-report; not geometry-derived layer count or success,0.1254272550982151,0.014772426542331829,0.08880870112982264,0.08880870112982264,4.131314188411214,/srv/slam-research/grf/map-denoise/runs/multiscan-pilot-v1/association-v6-bgcq8zff/outputs/ghost_s912113_b4__original_independent.npz,d6047c6fd34250a6860b3caf84e26849c95cf38eb2dc7d9d9d71fc1b6303b962,True,,,,,,
ghost_s912113_b4,original_shared,original_shared,False,public_development_diagnostic,912113,0.0,4.0,768,1.0,2,4,4,3.0225679783786656,1.0,767.9961844256036,768,08ca4e85f172bc15e5b00115acfdcec5d1bf0aee33985411d79c230221830ae0,0.0003114629944320768,True,True,0.08449785377003133,0.1041376301804256,0.20974245425973898,1.0,1.0,0.0860758845316632,1.0,0.1047627333424631,0.08449785377003133,0.1030845246738659,,self-report; not geometry-derived layer count or success,0.10371597516788018,0.014772501222192947,0.0888092687487358,0.08880926874873582,4.127752059164897,/srv/slam-research/grf/map-denoise/runs/multiscan-pilot-v1/association-v6-bgcq8zff/outputs/ghost_s912113_b4__original_shared.npz,7f9bf4c12a5ced761017651652a0f413902cb49d5bac13dd6fc6156150a0fb54,True,,,,,,
ghost_s912113_b4,oracle_independent,oracle_independent,False,public_development_diagnostic,912113,0.0,4.0,768,1.0,2,6,6,10.437598247428868,1.0,767.9961844256036,768,08ca4e85f172bc15e5b00115acfdcec5d1bf0aee33985411d79c230221830ae0,0.00035275200207252055,True,True,0.0983105065512574,0.12577524061420972,0.2580594155585459,1.0,1.0,0.09968966100979275,1.0,0.12629418398097875,0.0983105065512574,0.12490470994168,,self-report; not geometry-derived layer count or success,0.1254272550982151,0.014772426542331829,0.08880870112982264,0.08880870112982264,4.131314188411214,/srv/slam-research/grf/map-denoise/runs/multiscan-pilot-v1/association-v6-bgcq8zff/outputs/ghost_s912113_b4__oracle_independent.npz,d6047c6fd34250a6860b3caf84e26849c95cf38eb2dc7d9d9d71fc1b6303b962,True,,,,,,
ghost_s912113_b4,oracle_shared,oracle_shared,False,public_development_diagnostic,912113,0.0,4.0,768,1.0,2,4,4,3.0225679783786656,1.0,767.9961844256036,768,08ca4e85f172bc15e5b00115acfdcec5d1bf0aee33985411d79c230221830ae0,0.0003152330027660355,True,True,0.08449785377003133,0.1041376301804256,0.20974245425973898,1.0,1.0,0.0860758845316632,1.0,0.1047627333424631,0.08449785377003133,0.1030845246738659,,self-report; not geometry-derived layer count or success,0.10371597516788018,0.014772501222192947,0.0888092687487358,0.08880926874873582,4.127752059164897,/srv/slam-research/grf/map-denoise/runs/multiscan-pilot-v1/association-v6-bgcq8zff/outputs/ghost_s912113_b4__oracle_shared.npz,7f9bf4c12a5ced761017651652a0f413902cb49d5bac13dd6fc6156150a0fb54,True,,,,,,
dual_g2_s912113_b0,original_independent,original_independent,False,public_development_diagnostic,912113,2.0,0.0,768,1.0,3,9,9,6.953371084139025,1.0,767.8557178998053,768,744d3fd9f10607cabeba5235375e0a9c6deafde420167ea1e7e788bb00138e72,0.00043923899647779763,True,True,0.24523086062903263,0.3580292615587725,0.8623715264821801,0.9895833333333334,1.0,0.24760980370617366,1.0,0.3610879691221225,0.24622661016854808,0.3328679682158409,,self-report; not geometry-derived layer count or success,0.3607885919803023,0.014700793910870405,0.7390566903162732,0.9239563744091235,1.0757681894179354,/srv/slam-research/grf/map-denoise/runs/multiscan-pilot-v1/association-v6-bgcq8zff/outputs/dual_g2_s912113_b0__original_independent.npz,d3339de0f3bace7ec8ea8e1a3589d095056ba8319ee3f8ab28b7fd11b4c6cdf9,True,1.7136850816423808,0.28631491835761924,0.8568425408211904,0.8895634496178687,1.1104365503821314,"GT source-group affine fits evaluated at x=y=0; may extrapolate, not physical layer count"
dual_g2_s912113_b0,original_shared,original_shared,False,public_development_diagnostic,912113,2.0,0.0,768,1.0,3,5,5,5.922229493501892,1.0,767.8557178998053,768,744d3fd9f10607cabeba5235375e0a9c6deafde420167ea1e7e788bb00138e72,0.0003422599984332919,True,True,0.2984625339691667,0.40875027689856136,1.0790612945708262,0.9440104166666666,1.0,0.30211583493698585,1.0,0.41775677280205786,0.30168668987710207,0.3694164774152693,,self-report; not geometry-derived layer count or success,0.417499189308495,0.01466792925874735,1.1054649160988552,1.7088022514201615,1.1056976708759578,/srv/slam-research/grf/map-denoise/runs/multiscan-pilot-v1/association-v6-bgcq8zff/outputs/dual_g2_s912113_b0__original_shared.npz,229b946e57b677c7da6019592d78121732a5ddd873adf42904bee5aeae3cd33e,True,1.5988118537454206,0.40118814625457944,0.7994059268727103,0.21950985844985516,1.7804901415501448,"GT source-group affine fits evaluated at x=y=0; may extrapolate, not physical layer count"
dual_g2_s912113_b0,oracle_independent,oracle_independent,False,public_development_diagnostic,912113,2.0,0.0,768,1.0,4,12,12,114.85189287178532,1.0,767.8557178998053,768,744d3fd9f10607cabeba5235375e0a9c6deafde420167ea1e7e788bb00138e72,0.00046367400500457734,True,True,0.11535588652273769,0.1385059003402445,0.25732443408575406,1.0,1.0,0.11686942223713392,1.0,0.13917964427949991,0.11535588652273769,0.13565917619979906,,self-report; not geometry-derived layer count or success,0.1383877277028413,0.014825997538526139,0.19548081282288407,0.23543975471540027,1.0200883619534824,/srv/slam-research/grf/map-denoise/runs/multiscan-pilot-v1/association-v6-bgcq8zff/outputs/dual_g2_s912113_b0__oracle_independent.npz,96690838b414450955b08ca348239eb5f0313c93bac8da3b067a94bd6399ae60,True,1.951021520416613,0.04897847958338697,0.9755107602083065,1.8659565267707887,0.13404347322921129,"GT source-group affine fits evaluated at x=y=0; may extrapolate, not physical layer count"
dual_g2_s912113_b0,oracle_shared,oracle_shared,False,public_development_diagnostic,912113,2.0,0.0,768,1.0,4,6,6,6.695707736248532,1.0,767.8557178998053,768,744d3fd9f10607cabeba5235375e0a9c6deafde420167ea1e7e788bb00138e72,0.00038212499930523336,True,True,0.08633789192630022,0.10632740337246266,0.20434136946960235,1.0,1.0,0.08853795217935578,1.0,0.10720932156660673,0.0863378919263002,0.10259202842189918,,self-report; not geometry-derived layer count or success,0.10618241400719616,0.014803161364265256,0.2251291194058986,0.24396403499372168,1.0234441802766452,/srv/slam-research/grf/map-denoise/runs/multiscan-pilot-v1/association-v6-bgcq8zff/outputs/dual_g2_s912113_b0__oracle_shared.npz,f5580fe414dfbb72505f8d0a3763de08a24b0cd95a5310d4a38ccc1f1841733c,True,1.9509954645929528,0.04900453540704719,0.9754977322964764,1.947626696575959,0.05237330342404101,"GT source-group affine fits evaluated at x=y=0; may extrapolate, not physical layer count"
dual_g2_s912113_b4,original_independent,original_independent,False,public_development_diagnostic,912113,2.0,4.0,768,1.0,3,9,9,6.901649667452078,1.0,767.8457568357495,768,ace33cda44e09fe7891456615ed03eda68f7b370f07fa02a0b6f76673f91cc48,0.00043429101060610265,True,True,0.24464955408748557,0.3593384230204813,0.8778961309804963,0.9908854166666666,1.0,0.2582486830770771,1.0,0.364639941312992,0.2450243514269038,0.3324853130558645,,self-report; not geometry-derived layer count or success,0.36434420285165325,0.014682937346987727,0.7381801544721199,0.929689245113896,4.144707068080327,/srv/slam-research/grf/map-denoise/runs/multiscan-pilot-v1/association-v6-bgcq8zff/outputs/dual_g2_s912113_b4__original_independent.npz,d08e914c498f48593cb7555f185b3a427cb145f545d8a09c1ed4e3aa225f8599,True,1.7140411836439324,0.28595881635606757,0.8570205918219662,0.8884335845157796,1.1115664154842204,"GT source-group affine fits evaluated at x=y=0; may extrapolate, not physical layer count"
dual_g2_s912113_b4,original_shared,original_shared,False,public_development_diagnostic,912113,2.0,4.0,768,1.0,3,5,5,5.923022703342758,1.0,767.8457568357495,768,ace33cda44e09fe7891456615ed03eda68f7b370f07fa02a0b6f76673f91cc48,0.000338847006787546,True,True,0.2901002500858582,0.4035982182145969,0.9877712657235589,0.9453125,1.0,0.30355412368938944,1.0,0.4179851532963104,0.29395447466016084,0.3673136524878203,,self-report; not geometry-derived layer count or success,0.417728511468549,0.014645104383732989,1.0855841085480844,1.6685134211865946,4.135490596521054,/srv/slam-research/grf/map-denoise/runs/multiscan-pilot-v1/association-v6-bgcq8zff/outputs/dual_g2_s912113_b4__original_shared.npz,5c3a4bd6888fb00f3263a1150a1b2b7056f7f8e33cf617824aefe4e33134201a,True,1.6047985831629594,0.3952014168370406,0.8023992915814797,0.2547435898269377,1.7452564101730623,"GT source-group affine fits evaluated at x=y=0; may extrapolate, not physical layer count"
dual_g2_s912113_b4,oracle_independent,oracle_independent,False,public_development_diagnostic,912113,2.0,4.0,768,1.0,4,12,12,118.11186959671379,1.0,767.8457568357495,768,ace33cda44e09fe7891456615ed03eda68f7b370f07fa02a0b6f76673f91cc48,0.00045821000821888447,True,True,0.11823023389195819,0.14115337257664748,0.269962774317155,1.0,1.0,0.13338160951276856,1.0,0.1516171410859832,0.11823023389195818,0.1383344104459632,,self-report; not geometry-derived layer count or success,0.1508904507786077,0.014826642739187223,0.19559366769501998,0.23503618729373407,4.1278266420676575,/srv/slam-research/grf/map-denoise/runs/multiscan-pilot-v1/association-v6-bgcq8zff/outputs/dual_g2_s912113_b4__oracle_independent.npz,5ea369ba1f3d0a6ad282c5621a5b53c7357b3d51eae87704f046c728eee35d1d,True,1.9507004824785368,0.04929951752146322,0.9753502412392684,1.8646697610541363,0.1353302389458637,"GT source-group affine fits evaluated at x=y=0; may extrapolate, not physical layer count"
dual_g2_s912113_b4,oracle_shared,oracle_shared,False,public_development_diagnostic,912113,2.0,4.0,768,1.0,4,6,6,6.687839420329495,1.0,767.8457568357495,768,ace33cda44e09fe7891456615ed03eda68f7b370f07fa02a0b6f76673f91cc48,0.0004087979905307293,True,True,0.08621193828705527,0.1054184319799081,0.20427761873318664,1.0,1.0,0.10491824148895829,1.0,0.11904774326625363,0.08621193828705527,0.10161215860684066,,self-report; not geometry-derived layer count or success,0.1181249004098236,0.014794359734611249,0.2305922643822209,0.24845435486864823,4.125020673585214,/srv/slam-research/grf/map-denoise/runs/multiscan-pilot-v1/association-v6-bgcq8zff/outputs/dual_g2_s912113_b4__oracle_shared.npz,f47ab2eef7d1c04c0ba140c161d4f1b886c86da5cd9a23dd5351532bf09ffea0,True,1.950652519845158,0.049347480154841916,0.975326259922579,1.9560079927828178,0.043992007217182216,"GT source-group affine fits evaluated at x=y=0; may extrapolate, not physical layer count"
dual_g4_s912113_b0,original_independent,original_independent,False,public_development_diagnostic,912113,4.0,0.0,768,1.0,4,12,12,14.884108956559807,0.9088541666666666,768.0,768,77162c5629944705613596a3741104fdaadd92de73fe06a8f030ff43b2d077a3,0.00047951900342013687,True,True,0.24306332323281177,0.4348030247887259,1.064857647797532,0.9557291666666666,0.9973958333333334,0.2358503037430614,1.0,0.45892629745781643,0.2484286146744399,0.4561632971608329,,self-report; not geometry-derived layer count or success,0.4587187427949465,0.013800779215823513,0.5451403992145644,0.7016872675081537,0.9350028351125516,/srv/slam-research/grf/map-denoise/runs/multiscan-pilot-v1/association-v6-bgcq8zff/outputs/dual_g4_s912113_b0__original_independent.npz,6b9a3ca9b64bfe9d3ba5f8d6ee6322fdf0702a6ad7cad9ab89175196b3d3bfb1,True,3.9030630474238417,0.09693695257615831,0.9757657618559604,3.2932634947271593,0.7067365052728407,"GT source-group affine fits evaluated at x=y=0; may extrapolate, not physical layer count"
dual_g4_s912113_b0,original_shared,original_shared,False,public_development_diagnostic,912113,4.0,0.0,768,1.0,4,6,6,4.930423575876065,0.9088541666666666,768.0,768,77162c5629944705613596a3741104fdaadd92de73fe06a8f030ff43b2d077a3,0.00037693600461352617,True,True,0.45793725114495354,0.7017188439914122,1.7879510556550322,0.8802083333333334,0.9973958333333334,0.4398616879799702,1.0,0.7031457325361852,0.4584071682108927,0.6808565590012301,,self-report; not geometry-derived layer count or success,0.7031428505262872,0.002013190903966544,1.4165689419708027,2.2507859102307,1.052161317183029,/srv/slam-research/grf/map-denoise/runs/multiscan-pilot-v1/association-v6-bgcq8zff/outputs/dual_g4_s912113_b0__original_shared.npz,7e99aaf182c2e77e5cb4fcacaf0d7f860cef33ab351e6f3981e89335076e1f2b,True,3.6409732602801337,0.3590267397198663,0.9102433150700334,1.8109120367539635,2.1890879632460365,"GT source-group affine fits evaluated at x=y=0; may extrapolate, not physical layer count"
dual_g4_s912113_b0,oracle_independent,oracle_independent,False,public_development_diagnostic,912113,4.0,0.0,768,1.0,6,18,16,,0.9088541666666666,768.0,768,77162c5629944705613596a3741104fdaadd92de73fe06a8f030ff43b2d077a3,0.0005527989997062832,True,True,0.2258035593050668,0.3844131113566646,0.9536949691359761,0.9609375,0.9986979166666666,0.22024348278468123,1.0,0.38453702740173673,0.2258035539918857,0.38302894369413076,,self-report; not geometry-derived layer count or success,0.3834532621073938,0.02884997785375974,0.35982863615513394,0.36514749768773547,0.9196694450522639,/srv/slam-research/grf/map-denoise/runs/multiscan-pilot-v1/association-v6-bgcq8zff/outputs/dual_g4_s912113_b0__oracle_independent.npz,bc3a126c189c809c7d82c78dfc242fa6654c95f795630ceedfe5761b2274f07f,True,3.9689362619616517,0.031063738038348276,0.9922340654904129,3.6370977657419044,0.36290223425809565,"GT source-group affine fits evaluated at x=y=0; may extrapolate, not physical layer count"
dual_g4_s912113_b0,oracle_shared,oracle_shared,False,public_development_diagnostic,912113,4.0,0.0,768,1.0,6,8,8,27.819140494311025,0.9088541666666666,768.0,768,77162c5629944705613596a3741104fdaadd92de73fe06a8f030ff43b2d077a3,0.00044982199324294925,True,True,0.21038135335839084,0.36410269280239294,0.8792261257008618,0.9856770833333334,0.9986979166666666,0.20671177750725425,1.0,0.3642379075896192,0.21038128627012817,0.36205699556790333,,self-report; not geometry-derived layer count or success,0.36270716942476533,0.033358096065851495,0.3573815904916915,0.3921483097949076,0.935264844316776,/srv/slam-research/grf/map-denoise/runs/multiscan-pilot-v1/association-v6-bgcq8zff/outputs/dual_g4_s912113_b0__oracle_shared.npz,fef36d2b0cb81896e4e26f45c1bc212b5073227b392b692587b110250aa14b77,True,3.9604534414374997,0.039546558562500334,0.9901133603593749,3.6074197212105057,0.3925802787894943,"GT source-group affine fits evaluated at x=y=0; may extrapolate, not physical layer count"
dual_g4_s912113_b4,original_independent,original_independent,False,public_development_diagnostic,912113,4.0,4.0,768,1.0,4,12,12,14.683309733470473,0.9114583333333334,768.0,768,7b013fb1e03218bcf859c2da0a06ff9df93593a91bbd199d354ad72394811d35,0.0004881269996985793,True,True,0.4212174567073821,1.0718944794832694,1.7120979102218643,0.9049479166666666,0.9609375,0.3462819967697765,1.0,1.425106173845477,0.5321102233680509,1.4232243364879487,,self-report; not geometry-derived layer count or success,1.4248991853453248,0.02428823449172067,0.5848804076650143,0.7476151716354505,3.8643234263673745,/srv/slam-research/grf/map-denoise/runs/multiscan-pilot-v1/association-v6-bgcq8zff/outputs/dual_g4_s912113_b4__original_independent.npz,e240111b2383387b880a5b6617f76280cf75a20c8788712afb7e69750951ee2f,True,3.886172481628497,0.11382751837150318,0.9715431204071242,3.2412426025917696,0.7587573974082304,"GT source-group affine fits evaluated at x=y=0; may extrapolate, not physical layer count"
dual_g4_s912113_b4,original_shared,original_shared,False,public_development_diagnostic,912113,4.0,4.0,768,1.0,4,6,6,4.93607543621487,0.9114583333333334,768.0,768,7b013fb1e03218bcf859c2da0a06ff9df93593a91bbd199d354ad72394811d35,0.0003797719982685521,True,True,0.6304433845974664,1.2027183799000878,1.9245422675070096,0.83203125,0.9557291666666666,0.5539651561935219,1.0,1.5198057354619656,0.7366586420083783,1.508592358827346,,self-report; not geometry-derived layer count or success,1.5197509600836037,0.01290321154019988,1.4125339974033533,2.191233609851578,3.8922642665432776,/srv/slam-research/grf/map-denoise/runs/multiscan-pilot-v1/association-v6-bgcq8zff/outputs/dual_g4_s912113_b4__original_shared.npz,30ad6e120f1bf2989cc51bb6f8018a9a930c13a0fb473c4230b94e304aa87f69,True,3.6330788839612,0.36692111603879995,0.9082697209903,1.830225023891217,2.169774976108783,"GT source-group affine fits evaluated at x=y=0; may extrapolate, not physical layer count"
dual_g4_s912113_b4,oracle_independent,oracle_independent,False,public_development_diagnostic,912113,4.0,4.0,768,1.0,6,18,16,,0.9114583333333334,768.0,768,7b013fb1e03218bcf859c2da0a06ff9df93593a91bbd199d354ad72394811d35,0.0005548129993258044,True,True,0.40486666914209435,1.0526161651451311,1.5821819724025656,0.9140625,0.96484375,0.32832240619048153,1.0,1.402737875318106,0.5101849867618332,1.4013797322673778,,self-report; not geometry-derived layer count or success,1.4022015063750761,0.03878765746240335,0.41221758908608414,0.432316955401921,3.8651506048193607,/srv/slam-research/grf/map-denoise/runs/multiscan-pilot-v1/association-v6-bgcq8zff/outputs/dual_g4_s912113_b4__oracle_independent.npz,1e5f940015b59bdfb7c271d09deab061f110f91f71d4b7f4c449e3271acbb73b,True,3.9489571338856364,0.051042866114363594,0.9872392834714091,3.56933089640013,0.43066910359987,"GT source-group affine fits evaluated at x=y=0; may extrapolate, not physical layer count"
dual_g4_s912113_b4,oracle_shared,oracle_shared,False,public_development_diagnostic,912113,4.0,4.0,768,1.0,6,8,8,27.82874910893997,0.9114583333333334,768.0,768,7b013fb1e03218bcf859c2da0a06ff9df93593a91bbd199d354ad72394811d35,0.00044739099394064397,True,True,0.39022345718282936,1.0465799692401152,1.5359296473547206,0.9375,0.96484375,0.31416682923627604,1.0,1.3982131643628164,0.49554356089208457,1.3966619093547974,,self-report; not geometry-derived layer count or success,1.397529168109101,0.043729592746381774,0.39120011632096546,0.42733667499054734,3.86288536110351,/srv/slam-research/grf/map-denoise/runs/multiscan-pilot-v1/association-v6-bgcq8zff/outputs/dual_g4_s912113_b4__oracle_shared.npz,e20732471314cd1063b9bd929b79a2d9afd6dcba27ec11c2b6b702af49e12b92,True,3.9441906808146903,0.055809319185309736,0.9860476702036726,3.563523013590422,0.4364769864095779,"GT source-group affine fits evaluated at x=y=0; may extrapolate, not physical layer count"
dual_g8_s912113_b0,original_independent,original_independent,False,public_development_diagnostic,912113,8.0,0.0,768,1.0,4,12,12,8.378719792830106,0.9778645833333334,767.558790163112,768,c766132b7ce8a9ddf79687dadef20a54ed0a42328f1b9d3b63782ba254e116a8,0.00048728099500294775,True,True,0.25357849370139646,0.48859567447213914,0.9137001262453575,0.9674479166666666,0.9947916666666666,0.23415575244231768,1.0,0.5061574049775301,0.25575703589944837,0.5022427545631166,,self-report; not geometry-derived layer count or success,0.5061255413429347,0.005679349778693086,0.3757189573748443,0.506319323055764,1.016302248324212,/srv/slam-research/grf/map-denoise/runs/multiscan-pilot-v1/association-v6-bgcq8zff/outputs/dual_g8_s912113_b0__original_independent.npz,812a24e148bb2edf937850b52197f08954e50021963be13e8046df9a782ce8aa,True,7.869528232073977,0.13047176792602322,0.9836910290092471,7.442037995509507,0.5579620044904932,"GT source-group affine fits evaluated at x=y=0; may extrapolate, not physical layer count"
dual_g8_s912113_b0,original_shared,original_shared,False,public_development_diagnostic,912113,8.0,0.0,768,1.0,4,6,6,6.341925996725748,0.9778645833333334,767.558790163112,768,c766132b7ce8a9ddf79687dadef20a54ed0a42328f1b9d3b63782ba254e116a8,0.0004021700005978346,True,True,0.7363020529364829,1.1699565286159197,2.8881276091430874,0.890625,0.9127604166666666,0.6846920596453078,1.0,1.176786243852583,0.7382765758102648,1.1243788075950423,,self-report; not geometry-derived layer count or success,1.176694848688994,0.014666178420300506,2.368393623011484,5.0002056249544795,1.4427483649545272,/srv/slam-research/grf/map-denoise/runs/multiscan-pilot-v1/association-v6-bgcq8zff/outputs/dual_g8_s912113_b0__original_shared.npz,d8a1db8dc2245752ece30bea996b9aa42090d33969c6266ac8ba7fcf3ac067f0,True,7.272944488269619,0.7270555117303807,0.9091180610337024,3.4844811729967806,4.51551882700322,"GT source-group affine fits evaluated at x=y=0; may extrapolate, not physical layer count"
dual_g8_s912113_b0,oracle_independent,oracle_independent,False,public_development_diagnostic,912113,8.0,0.0,768,1.0,5,15,15,154.0377309351116,0.9778645833333334,767.558790163112,768,c766132b7ce8a9ddf79687dadef20a54ed0a42328f1b9d3b63782ba254e116a8,0.0005017080111429095,True,True,0.19895926803688166,0.32929246089245273,0.8072395503726033,0.9830729166666666,1.0,0.1940800049709663,1.0,0.3293498665058318,0.1989592680368817,0.3273348420619631,,self-report; not geometry-derived layer count or success,0.32894811325884754,0.016262636651344108,0.19326776043496718,0.20957443329392658,0.973024730771709,/srv/slam-research/grf/map-denoise/runs/multiscan-pilot-v1/association-v6-bgcq8zff/outputs/dual_g8_s912113_b0__oracle_independent.npz,cd4690ffa2384db97ed793f6cdb24156dc54add922435fea062a2a97949f654e,True,7.933021160141251,0.06697883985874942,0.9916276450176563,7.788702761838134,0.2112972381618663,"GT source-group affine fits evaluated at x=y=0; may extrapolate, not physical layer count"
dual_g8_s912113_b0,oracle_shared,oracle_shared,False,public_development_diagnostic,912113,8.0,0.0,768,1.0,5,7,7,7.360150096068625,0.9778645833333334,767.558790163112,768,c766132b7ce8a9ddf79687dadef20a54ed0a42328f1b9d3b63782ba254e116a8,0.00041017899638973176,True,True,0.12811384340792722,0.24945307922343782,0.661193257793899,0.9934895833333334,1.0,0.12474950241826148,1.0,0.2495329323611217,0.12811384340792725,0.24675360058482307,,self-report; not geometry-derived layer count or success,0.2489571320659902,0.016941981177454424,0.19884331370375752,0.2966294583970536,0.9988771017579712,/srv/slam-research/grf/map-denoise/runs/multiscan-pilot-v1/association-v6-bgcq8zff/outputs/dual_g8_s912113_b0__oracle_shared.npz,90a072110ff222e398609d3dda9a36886ddecca8e9342e0ec5d0fcadf4563b11,True,7.931995222872735,0.06800477712726494,0.9914994028590919,7.678292188337339,0.3217078116626606,"GT source-group affine fits evaluated at x=y=0; may extrapolate, not physical layer count"
dual_g8_s912113_b4,original_independent,original_independent,False,public_development_diagnostic,912113,8.0,4.0,768,1.0,4,12,12,8.212717081045062,0.9713541666666666,767.5859564374558,768,7d66bc785535f654ab8d9915298c7779a4028dbc3caa3414ff80311f59a16e56,0.0004780300077982247,True,True,0.2996109917951345,0.74145973821609,0.944412495813671,0.9583333333333334,0.9895833333333334,0.24813442469751626,1.0,0.8756998620060058,0.3266664706687879,0.8741249573761027,,self-report; not geometry-derived layer count or success,0.8750317425670469,0.03420084527340264,0.24677096913607355,0.48928781685106204,4.015339773606141,/srv/slam-research/grf/map-denoise/runs/multiscan-pilot-v1/association-v6-bgcq8zff/outputs/dual_g8_s912113_b4__original_independent.npz,4d72b7e40cae87df7dfc873b0dedd5c6ea7bcd0e6f12c8cb13d184567cf130a6,True,7.935651772467303,0.06434822753269742,0.9919564715584128,7.573732018712587,0.4262679812874133,"GT source-group affine fits evaluated at x=y=0; may extrapolate, not physical layer count"
dual_g8_s912113_b4,original_shared,original_shared,False,public_development_diagnostic,912113,8.0,4.0,768,1.0,4,6,6,6.337878325355948,0.9713541666666666,767.5859564374558,768,7d66bc785535f654ab8d9915298c7779a4028dbc3caa3414ff80311f59a16e56,0.0003715009952429682,True,True,0.772959897652412,1.285255269042213,3.864475742858094,0.8854166666666666,0.9114583333333334,0.6886564588099836,1.0,1.3642225976368136,0.7990207403292083,1.3275572926691082,,self-report; not geometry-derived layer count or success,1.363001879455167,0.05769898183346191,2.2237110500601767,4.902358116242624,4.092138831512039,/srv/slam-research/grf/map-denoise/runs/multiscan-pilot-v1/association-v6-bgcq8zff/outputs/dual_g8_s912113_b4__original_shared.npz,c451b8c95a26f94a2ccf4edd79ab52d01a135e7aa3ce40b0a002796dde615339,True,7.354935055704775,0.6450649442952248,0.9193668819630969,3.6971624143992017,4.302837585600798,"GT source-group affine fits evaluated at x=y=0; may extrapolate, not physical layer count"
dual_g8_s912113_b4,oracle_independent,oracle_independent,False,public_development_diagnostic,912113,8.0,4.0,768,1.0,5,15,15,153.43846259511704,0.9713541666666666,767.5859564374558,768,7d66bc785535f654ab8d9915298c7779a4028dbc3caa3414ff80311f59a16e56,0.0004974220064468682,True,True,0.2548364335722479,0.6692305621904826,0.7936268119832227,0.97265625,0.9934895833333334,0.2143868225751714,1.0,0.804812084733689,0.27973735028631314,0.8041808499342246,,self-report; not geometry-derived layer count or success,0.8046066048598416,0.01818524537380918,0.0850656865009453,0.16279194444984313,4.02075763419545,/srv/slam-research/grf/map-denoise/runs/multiscan-pilot-v1/association-v6-bgcq8zff/outputs/dual_g8_s912113_b4__oracle_independent.npz,db8c27a4d5f8e76a88be29375e8f4c655c8ececd21feb9951ba8b9ea230baa4a,True,7.986845572266644,0.0131544277333564,0.9983556965333305,7.886737784912265,0.11326221508773493,"GT source-group affine fits evaluated at x=y=0; may extrapolate, not physical layer count"
dual_g8_s912113_b4,oracle_shared,oracle_shared,False,public_development_diagnostic,912113,8.0,4.0,768,1.0,5,7,7,7.348830394864974,0.9713541666666666,767.5859564374558,768,7d66bc785535f654ab8d9915298c7779a4028dbc3caa3414ff80311f59a16e56,0.0004134619957767427,True,True,0.18586548344912676,0.6384434997140623,0.6829371163487635,0.9817708333333334,0.9934895833333334,0.14659307410123035,1.0,0.7794022923017438,0.210766400163192,0.7787610641864039,,self-report; not geometry-derived layer count or success,0.7792088763465915,0.017362611206126515,0.16608431942573496,0.2966595756428806,4.0359390300013676,/srv/slam-research/grf/map-denoise/runs/multiscan-pilot-v1/association-v6-bgcq8zff/outputs/dual_g8_s912113_b4__oracle_shared.npz,a837af8560e762a92eb368d77f264e44be78c9ed0ffb6bd71849946e257c9e85,True,7.985595225892004,0.014404774107996232,0.9981994032365005,7.77568910555986,0.22431089444013974,"GT source-group affine fits evaluated at x=y=0; may extrapolate, not physical layer count"
ghost_s912127_b0,original_independent,original_independent,False,public_development_diagnostic,912127,0.0,0.0,768,1.0,2,6,6,19.591974221141548,1.0,767.9092920733602,768,87ad169a029ab9eec9d1991e491f5c28b73d399b1f369bd5933e944f240b9901,0.00039229000685736537,True,True,0.04475843992090144,0.12685699824799515,0.3247297676435749,1.0,1.0,0.04524556769815132,1.0,0.12688787286917666,0.04475843992090144,0.12547030421021915,,self-report; not geometry-derived layer count or success,0.12550151996756487,0.018705634634923723,0.03702049834578161,0.03702049834578161,0.9931081163210606,/srv/slam-research/grf/map-denoise/runs/multiscan-pilot-v1/association-v6-bgcq8zff/outputs/ghost_s912127_b0__original_independent.npz,2fa8a85739e1f0a8a8aacccfaad8c857ca49bd5f5b69bf066c82354ace6d447f,True,,,,,,
ghost_s912127_b0,original_shared,original_shared,False,public_development_diagnostic,912127,0.0,0.0,768,1.0,2,4,4,3.822066904320906,1.0,767.9092920733602,768,87ad169a029ab9eec9d1991e491f5c28b73d399b1f369bd5933e944f240b9901,0.00030561200401280075,True,True,0.019273977363575938,0.04094249342050776,0.1264549038915055,1.0,1.0,0.01991023180370137,1.0,0.04103947945887604,0.019273977363575938,0.03641235531393344,,self-report; not geometry-derived layer count or success,0.036521373538692496,0.018719726202666504,0.03707127739973891,0.03707127739973891,1.0004856608532482,/srv/slam-research/grf/map-denoise/runs/multiscan-pilot-v1/association-v6-bgcq8zff/outputs/ghost_s912127_b0__original_shared.npz,543137b0dda586b76a73f14f743b75337fc6f92f506e6b7a201b05b17cc1dacf,True,,,,,,
ghost_s912127_b0,oracle_independent,oracle_independent,False,public_development_diagnostic,912127,0.0,0.0,768,1.0,2,6,6,19.591974221141548,1.0,767.9092920733602,768,87ad169a029ab9eec9d1991e491f5c28b73d399b1f369bd5933e944f240b9901,0.0003368330071680248,True,True,0.04475843992090144,0.12685699824799515,0.3247297676435749,1.0,1.0,0.04524556769815132,1.0,0.12688787286917666,0.04475843992090144,0.12547030421021915,,self-report; not geometry-derived layer count or success,0.12550151996756487,0.018705634634923723,0.03702049834578161,0.03702049834578161,0.9931081163210606,/srv/slam-research/grf/map-denoise/runs/multiscan-pilot-v1/association-v6-bgcq8zff/outputs/ghost_s912127_b0__oracle_independent.npz,2fa8a85739e1f0a8a8aacccfaad8c857ca49bd5f5b69bf066c82354ace6d447f,True,,,,,,
ghost_s912127_b0,oracle_shared,oracle_shared,False,public_development_diagnostic,912127,0.0,0.0,768,1.0,2,4,4,3.822066904320906,1.0,767.9092920733602,768,87ad169a029ab9eec9d1991e491f5c28b73d399b1f369bd5933e944f240b9901,0.00031441399187315255,True,True,0.019273977363575938,0.04094249342050776,0.1264549038915055,1.0,1.0,0.01991023180370137,1.0,0.04103947945887604,0.019273977363575938,0.03641235531393344,,self-report; not geometry-derived layer count or success,0.036521373538692496,0.018719726202666504,0.03707127739973891,0.03707127739973891,1.0004856608532482,/srv/slam-research/grf/map-denoise/runs/multiscan-pilot-v1/association-v6-bgcq8zff/outputs/ghost_s912127_b0__oracle_shared.npz,543137b0dda586b76a73f14f743b75337fc6f92f506e6b7a201b05b17cc1dacf,True,,,,,,
ghost_s912127_b4,original_independent,original_independent,False,public_development_diagnostic,912127,0.0,4.0,768,1.0,2,6,6,19.590011630261333,1.0,767.9092190850379,768,9817e21c25359f403f10e6fd1ab4902bc8e1c8e6d8deb8d3f4d3886c51bf06cb,0.000384655999368988,True,True,0.04475279271385202,0.1268496777837374,0.32479705378918533,1.0,1.0,0.04934737368355674,1.0,0.12737149940912573,0.04475279271385202,0.1254629543770153,,self-report; not geometry-derived layer count or success,0.1259905195944895,0.018705288932263975,0.03701137673601337,0.03701137673601337,4.0866173580857525,/srv/slam-research/grf/map-denoise/runs/multiscan-pilot-v1/association-v6-bgcq8zff/outputs/ghost_s912127_b4__original_independent.npz,d4a1ed7739b6c8369d0da1792052da97a8998d5ef084d20c2e213048fec226ff,True,,,,,,
ghost_s912127_b4,original_shared,original_shared,False,public_development_diagnostic,912127,0.0,4.0,768,1.0,2,4,4,3.82218700046254,1.0,767.9092190850379,768,9817e21c25359f403f10e6fd1ab4902bc8e1c8e6d8deb8d3f4d3886c51bf06cb,0.0002981180005008355,True,True,0.019273737227006208,0.04094470565254293,0.12645786587225535,1.0,1.0,0.024725660161795084,1.0,0.04253879331799145,0.019273737227006208,0.036415002508264106,,self-report; not geometry-derived layer count or success,0.03819859189197717,0.01871941544015116,0.037062304624158875,0.037062304624158875,4.093110772670527,/srv/slam-research/grf/map-denoise/runs/multiscan-pilot-v1/association-v6-bgcq8zff/outputs/ghost_s912127_b4__original_shared.npz,f2ea3e6226e99fba15f01d02d124e7437e424369e6ff63e8f335ebb03add9a70,True,,,,,,
ghost_s912127_b4,oracle_independent,oracle_independent,False,public_development_diagnostic,912127,0.0,4.0,768,1.0,2,6,6,19.590011630261333,1.0,767.9092190850379,768,9817e21c25359f403f10e6fd1ab4902bc8e1c8e6d8deb8d3f4d3886c51bf06cb,0.0003283869882579893,True,True,0.04475279271385202,0.1268496777837374,0.32479705378918533,1.0,1.0,0.04934737368355674,1.0,0.12737149940912573,0.04475279271385202,0.1254629543770153,,self-report; not geometry-derived layer count or success,0.1259905195944895,0.018705288932263975,0.03701137673601337,0.03701137673601337,4.0866173580857525,/srv/slam-research/grf/map-denoise/runs/multiscan-pilot-v1/association-v6-bgcq8zff/outputs/ghost_s912127_b4__oracle_independent.npz,d4a1ed7739b6c8369d0da1792052da97a8998d5ef084d20c2e213048fec226ff,True,,,,,,
ghost_s912127_b4,oracle_shared,oracle_shared,False,public_development_diagnostic,912127,0.0,4.0,768,1.0,2,4,4,3.82218700046254,1.0,767.9092190850379,768,9817e21c25359f403f10e6fd1ab4902bc8e1c8e6d8deb8d3f4d3886c51bf06cb,0.0003287510044174269,True,True,0.019273737227006208,0.04094470565254293,0.12645786587225535,1.0,1.0,0.024725660161795084,1.0,0.04253879331799145,0.019273737227006208,0.036415002508264106,,self-report; not geometry-derived layer count or success,0.03819859189197717,0.01871941544015116,0.037062304624158875,0.037062304624158875,4.093110772670527,/srv/slam-research/grf/map-denoise/runs/multiscan-pilot-v1/association-v6-bgcq8zff/outputs/ghost_s912127_b4__oracle_shared.npz,f2ea3e6226e99fba15f01d02d124e7437e424369e6ff63e8f335ebb03add9a70,True,,,,,,
dual_g2_s912127_b0,original_independent,original_independent,False,public_development_diagnostic,912127,2.0,0.0,768,1.0,4,12,12,11.305852165588105,1.0,767.4704870126017,768,02eeb4ca24d488c2761b9abe3847dc612e473635316ff7e624bd9a2229ad117c,0.000518458997248672,True,True,0.22139923112874382,0.3511308100869952,0.7821729415186693,0.9830729166666666,1.0,0.226693769001676,1.0,0.365132360695308,0.22538167723778665,0.3442994570850598,,self-report; not geometry-derived layer count or success,0.364767429077479,0.016320646774404434,0.4024996332719615,0.6673735800918538,1.0689914131917437,/srv/slam-research/grf/map-denoise/runs/multiscan-pilot-v1/association-v6-bgcq8zff/outputs/dual_g2_s912127_b0__original_independent.npz,a7d1c6561c42443f4ffb4f0e9751bb75220071d65ca66dc19e9a7c56305cbe1b,True,1.752749617023774,0.24725038297622604,0.876374808511887,1.2456315608932576,0.7543684391067424,"GT source-group affine fits evaluated at x=y=0; may extrapolate, not physical layer count"
dual_g2_s912127_b0,original_shared,original_shared,False,public_development_diagnostic,912127,2.0,0.0,768,1.0,4,6,6,4.949824517680869,1.0,767.4704870126017,768,02eeb4ca24d488c2761b9abe3847dc612e473635316ff7e624bd9a2229ad117c,0.0003738249943125993,True,True,0.2518045685965524,0.4103627361386835,1.3400156410853346,0.9361979166666666,1.0,0.25723342685629097,1.0,0.42172592244181667,0.2556532431311524,0.37131841812048977,,self-report; not geometry-derived layer count or success,0.421405449638716,0.01643778191219189,0.9581774281946048,1.7317518302365225,1.119130610016904,/srv/slam-research/grf/map-denoise/runs/multiscan-pilot-v1/association-v6-bgcq8zff/outputs/dual_g2_s912127_b0__original_shared.npz,b75d77350d4992a030cb779186eda2ec603cf1ff7e281be2ff2f070f2085784d,True,1.5887555202317791,0.41124447976822087,0.7943777601158896,0.32486765540498963,1.6751323445950104,"GT source-group affine fits evaluated at x=y=0; may extrapolate, not physical layer count"
dual_g2_s912127_b0,oracle_independent,oracle_independent,False,public_development_diagnostic,912127,2.0,0.0,768,1.0,6,18,18,590.6324703832034,1.0,767.4704870126017,768,02eeb4ca24d488c2761b9abe3847dc612e473635316ff7e624bd9a2229ad117c,0.0005430640012491494,True,True,0.12780696908102082,0.1827568268534059,0.38981254433725027,0.9986979166666666,1.0,0.12964677223379792,1.0,0.18337341554724318,0.12780696908102082,0.1807885291120615,,self-report; not geometry-derived layer count or success,0.18250811061010677,0.017793231606174183,0.3785442125777542,0.44490088505152625,0.9840024707142135,/srv/slam-research/grf/map-denoise/runs/multiscan-pilot-v1/association-v6-bgcq8zff/outputs/dual_g2_s912127_b0__oracle_independent.npz,7a7d8b94c690de9ce6f4f0516598bd1ab9421caf1c250fa86a8ab37accac1b92,True,2.0413759284355666,0.04137592843556659,1.0206879642177833,2.4193379705846434,0.4193379705846434,"GT source-group affine fits evaluated at x=y=0; may extrapolate, not physical layer count"
dual_g2_s912127_b0,oracle_shared,oracle_shared,False,public_development_diagnostic,912127,2.0,0.0,768,1.0,6,8,8,11.137427027796752,1.0,767.4704870126017,768,02eeb4ca24d488c2761b9abe3847dc612e473635316ff7e624bd9a2229ad117c,0.00043639900104608387,True,True,0.09882065326453958,0.1241011209546358,0.22101737468617613,1.0,1.0,0.10104916994097633,1.0,0.12502408665115128,0.09882065326453958,0.12123002772608114,,self-report; not geometry-derived layer count or success,0.12377049491102758,0.017660318016215825,0.35410194923872007,0.4176263729989649,0.9930754041461991,/srv/slam-research/grf/map-denoise/runs/multiscan-pilot-v1/association-v6-bgcq8zff/outputs/dual_g2_s912127_b0__oracle_shared.npz,5a39e5f4eaae17067430fbd0cabc97ee24b2aa524af98f7e97bde7666b607879,True,2.0410383015383413,0.041038301538341315,1.0205191507691707,2.4303843660229925,0.43038436602299246,"GT source-group affine fits evaluated at x=y=0; may extrapolate, not physical layer count"
dual_g2_s912127_b4,original_independent,original_independent,False,public_development_diagnostic,912127,2.0,4.0,768,1.0,3,9,9,8.082193599997828,1.0,767.4473826511983,768,0f707bff87fa8fd5e9b1891d24ef5d8dad9b3055fc4568d51745a04fe69dafd4,0.0004269900091458112,True,True,0.19997862699138846,0.32722814364805725,0.7799516353973678,0.9830729166666666,0.9986979166666666,0.2220130086512937,1.0,0.34979479916728823,0.204289919493601,0.3227063761931105,,self-report; not geometry-derived layer count or success,0.3494229962774519,0.016123622327855105,0.3946972593913916,0.6560992521291167,4.126380978396205,/srv/slam-research/grf/map-denoise/runs/multiscan-pilot-v1/association-v6-bgcq8zff/outputs/dual_g2_s912127_b4__original_independent.npz,2daad5e0ce778aa72128a5332031614a9717e681ee78403be3994f2c8b7b934a,True,1.7550124953096582,0.2449875046903418,0.8775062476548291,1.2558908362851966,0.7441091637148034,"GT source-group affine fits evaluated at x=y=0; may extrapolate, not physical layer count"
dual_g2_s912127_b4,original_shared,original_shared,False,public_development_diagnostic,912127,2.0,4.0,768,1.0,3,5,5,4.412780956227803,1.0,767.4473826511983,768,0f707bff87fa8fd5e9b1891d24ef5d8dad9b3055fc4568d51745a04fe69dafd4,0.0003381989954505116,True,True,0.2346873066741546,0.40550288148159813,1.3550700875918982,0.9375,1.0,0.25659148501117934,1.0,0.42149014931136985,0.23859053331652427,0.3667741027761466,,self-report; not geometry-derived layer count or success,0.4211744585296418,0.01631016397170191,0.937900028203651,1.6652024258021734,4.140103077794162,/srv/slam-research/grf/map-denoise/runs/multiscan-pilot-v1/association-v6-bgcq8zff/outputs/dual_g2_s912127_b4__original_shared.npz,1f0f519201ba20d5f9a235e947317c7342aee807c9ede608cd086c94014b57bf,True,1.5916077836720102,0.40839221632798983,0.7958038918360051,0.36678383032879025,1.6332161696712097,"GT source-group affine fits evaluated at x=y=0; may extrapolate, not physical layer count"
dual_g2_s912127_b4,oracle_independent,oracle_independent,False,public_development_diagnostic,912127,2.0,4.0,768,1.0,5,15,15,881.4916837607757,1.0,767.4473826511983,768,0f707bff87fa8fd5e9b1891d24ef5d8dad9b3055fc4568d51745a04fe69dafd4,0.0004969689907738939,True,True,0.11737001897426784,0.15271463127144574,0.2705625783041684,0.9986979166666666,1.0,0.13777953869857795,1.0,0.16498257063339683,0.11736596864986015,0.15035513288801775,,self-report; not geometry-derived layer count or success,0.16401951182717256,0.017800234627098965,0.37938986306829214,0.4461036607299759,4.089107543538631,/srv/slam-research/grf/map-denoise/runs/multiscan-pilot-v1/association-v6-bgcq8zff/outputs/dual_g2_s912127_b4__oracle_independent.npz,2abef0f0ac9d78010a6b3d9e01d142e4b1209f12f56827456f8e2ae3cb03b36e,True,2.041286801299525,0.04128680129952489,1.0206434006497624,2.4206814044830125,0.4206814044830125,"GT source-group affine fits evaluated at x=y=0; may extrapolate, not physical layer count"
dual_g2_s912127_b4,oracle_shared,oracle_shared,False,public_development_diagnostic,912127,2.0,4.0,768,1.0,5,7,7,12.910550532317625,1.0,767.4473826511983,768,0f707bff87fa8fd5e9b1891d24ef5d8dad9b3055fc4568d51745a04fe69dafd4,0.00041167000017594546,True,True,0.09488284735416856,0.12213609247829371,0.20778674210973444,1.0,1.0,0.11791157215623353,1.0,0.13714424267310113,0.09487879252653712,0.11920430404231983,,self-report; not geometry-derived layer count or success,0.1359973837095725,0.017699009083272012,0.3641748153092074,0.457707702469768,4.085869381937975,/srv/slam-research/grf/map-denoise/runs/multiscan-pilot-v1/association-v6-bgcq8zff/outputs/dual_g2_s912127_b4__oracle_shared.npz,ef666139d69207777d2deed16c274caba8decea165b01245c46d4639a2d628a1,True,2.041081547633727,0.041081547633726956,1.0205407738168635,2.4519717933043452,0.4519717933043452,"GT source-group affine fits evaluated at x=y=0; may extrapolate, not physical layer count"
dual_g4_s912127_b0,original_independent,original_independent,False,public_development_diagnostic,912127,4.0,0.0,768,1.0,4,12,12,10.103262922007541,0.9361979166666666,767.9780632575611,768,16a9cd295c1b2838cd77792d89936a3348168090abd0bbff3dd9120dd0bcd723,0.000475587003165856,True,True,0.20984607277439946,0.3460789660562238,0.7452527884461472,0.97265625,0.9973958333333334,0.20694835184587232,1.0,0.3736958606558348,0.2148095313695925,0.3684583826773354,,self-report; not geometry-derived layer count or success,0.37178373314788576,0.037755159090205846,0.2504568741328061,0.37371944198203766,0.913867528883391,/srv/slam-research/grf/map-denoise/runs/multiscan-pilot-v1/association-v6-bgcq8zff/outputs/dual_g4_s912127_b0__original_independent.npz,07cfd80fc53d1af3c7c5486c0ec8782da8eda461ac7ba5b691837a4ce37953ea,True,3.8988078750942066,0.10119212490579343,0.9747019687735516,4.152624233333068,0.15262423333306785,"GT source-group affine fits evaluated at x=y=0; may extrapolate, not physical layer count"
dual_g4_s912127_b0,original_shared,original_shared,False,public_development_diagnostic,912127,4.0,0.0,768,1.0,4,6,6,4.367012191941191,0.9361979166666666,767.9780632575611,768,16a9cd295c1b2838cd77792d89936a3348168090abd0bbff3dd9120dd0bcd723,0.00037162900844123214,True,True,0.2416067199440084,0.49182102991788307,1.2758856789903918,0.91796875,0.9830729166666666,0.23358470464445547,1.0,0.568630129060083,0.2617065398436204,0.5460429218395436,,self-report; not geometry-derived layer count or success,0.5686143462841391,0.004236611233986877,0.6604503138914204,1.1577886638033037,1.0192376128724503,/srv/slam-research/grf/map-denoise/runs/multiscan-pilot-v1/association-v6-bgcq8zff/outputs/dual_g4_s912127_b0__original_shared.npz,f850086222a135e43855d5c6f334073c87fe8d9b95e014cf1f2d2d92879bd7a4,True,3.6750856654924533,0.3249143345075467,0.9187714163731133,2.8284752421374897,1.1715247578625103,"GT source-group affine fits evaluated at x=y=0; may extrapolate, not physical layer count"
dual_g4_s912127_b0,oracle_independent,oracle_independent,False,public_development_diagnostic,912127,4.0,0.0,768,1.0,5,15,15,133.09419052142997,0.9361979166666666,767.9780632575611,768,16a9cd295c1b2838cd77792d89936a3348168090abd0bbff3dd9120dd0bcd723,0.0004989669978385791,True,True,0.21770577860987406,0.35632794249912714,0.8178124523701796,0.9713541666666666,0.9986979166666666,0.21233953277661755,1.0,0.35973982688551703,0.21831059000136607,0.3547079938268982,,self-report; not geometry-derived layer count or success,0.3572400045936263,0.04233582602911601,0.2849501218291394,0.47248047886735817,0.9097597709207662,/srv/slam-research/grf/map-denoise/runs/multiscan-pilot-v1/association-v6-bgcq8zff/outputs/dual_g4_s912127_b0__oracle_independent.npz,bf91fbc9b9f5826d9609bd610afaafd6d1b1f047d4db3e02422a9c18ada7e2c3,True,3.913555200320352,0.08644479967964802,0.978388800080088,4.236646213493107,0.2366462134931071,"GT source-group affine fits evaluated at x=y=0; may extrapolate, not physical layer count"
dual_g4_s912127_b0,oracle_shared,oracle_shared,False,public_development_diagnostic,912127,4.0,0.0,768,1.0,5,7,7,5.232701963231809,0.9361979166666666,767.9780632575611,768,16a9cd295c1b2838cd77792d89936a3348168090abd0bbff3dd9120dd0bcd723,0.0004157350049354136,True,True,0.17877637712668215,0.326651864743993,0.9557498298375665,0.9596354166666666,0.9986979166666666,0.17303404304335737,1.0,0.3303716570082084,0.1793811885181741,0.32621802466260214,,self-report; not geometry-derived layer count or success,0.3284053976134521,0.03599064562771425,0.2131708318942581,0.40166914068781084,0.925810273056165,/srv/slam-research/grf/map-denoise/runs/multiscan-pilot-v1/association-v6-bgcq8zff/outputs/dual_g4_s912127_b0__oracle_shared.npz,133400b37967c32560af6b001c9647aace74cb53f7cfc852803851d437c158a4,True,3.9231133928304076,0.07688660716959239,0.9807783482076019,4.203460650164389,0.20346065016438875,"GT source-group affine fits evaluated at x=y=0; may extrapolate, not physical layer count"
dual_g4_s912127_b4,original_independent,original_independent,False,public_development_diagnostic,912127,4.0,4.0,768,1.0,4,12,12,10.103415455631234,0.9388020833333334,767.975392556503,768,caae6219f05b8bc4eb8ccc9db5cd0264bc706152bc5a84c95846e79e6afc52e1,0.0004899500054307282,True,True,0.29440201276092665,0.7025252334935862,1.2049785464688234,0.9505208333333334,0.9765625,0.25939288787482473,1.0,0.9910280350261977,0.35439080019332225,0.9886007317017949,,self-report; not geometry-derived layer count or success,0.9904179327497681,0.0347690191918387,0.3150594234813886,0.32891225699254206,3.976662792278704,/srv/slam-research/grf/map-denoise/runs/multiscan-pilot-v1/association-v6-bgcq8zff/outputs/dual_g4_s912127_b4__original_independent.npz,d21b7a5af0697d51e44620d1e43dd900191895790a20898e5808b8758cb3b713,True,3.8851518746218163,0.11484812537818367,0.9712879686554541,4.108400248889867,0.10840024888986743,"GT source-group affine fits evaluated at x=y=0; may extrapolate, not physical layer count"
dual_g4_s912127_b4,original_shared,original_shared,False,public_development_diagnostic,912127,4.0,4.0,768,1.0,4,6,6,4.367804423767162,0.9388020833333334,767.975392556503,768,caae6219f05b8bc4eb8ccc9db5cd0264bc706152bc5a84c95846e79e6afc52e1,0.0003798309917328879,True,True,0.32225864624172845,0.7822453205211783,1.4902531080062924,0.8919270833333334,0.9596354166666666,0.2977607707562731,1.0,1.07946161715118,0.3981387611325711,1.066556390993036,,self-report; not geometry-derived layer count or success,1.0794602382916187,0.0017253550479932613,0.6976791801261607,1.230872926916133,4.0021775255448215,/srv/slam-research/grf/map-denoise/runs/multiscan-pilot-v1/association-v6-bgcq8zff/outputs/dual_g4_s912127_b4__original_shared.npz,bd5cd3f8ef8d6d62b97f41ead48c6584b050aa29db302bf861113f855a9b4140,True,3.661781690606799,0.3382183093932012,0.9154454226516997,2.786064406358756,1.213935593641244,"GT source-group affine fits evaluated at x=y=0; may extrapolate, not physical layer count"
dual_g4_s912127_b4,oracle_independent,oracle_independent,False,public_development_diagnostic,912127,4.0,4.0,768,1.0,5,15,15,133.13959283678747,0.9388020833333334,767.975392556503,768,caae6219f05b8bc4eb8ccc9db5cd0264bc706152bc5a84c95846e79e6afc52e1,0.0004989659937564284,True,True,0.3023289592447602,0.7077037091854096,1.224576245544365,0.9479166666666666,0.9778645833333334,0.26585816553804215,1.0,0.9858766493205545,0.3579465072292316,0.9836593792899996,,self-report; not geometry-derived layer count or success,0.9851216168092312,0.03857677760894437,0.34464820680643643,0.3850247880142748,3.969352364862913,/srv/slam-research/grf/map-denoise/runs/multiscan-pilot-v1/association-v6-bgcq8zff/outputs/dual_g4_s912127_b4__oracle_independent.npz,e1ff2d305ce4a8ee20f0e882f7be680e9d042d08b1554ef3d02ec90467cb0e91,True,3.8990885026070443,0.10091149739295568,0.9747721256517611,4.186236170310053,0.18623617031005324,"GT source-group affine fits evaluated at x=y=0; may extrapolate, not physical layer count"
dual_g4_s912127_b4,oracle_shared,oracle_shared,False,public_development_diagnostic,912127,4.0,4.0,768,1.0,5,7,7,5.246977386956415,0.9388020833333334,767.975392556503,768,caae6219f05b8bc4eb8ccc9db5cd0264bc706152bc5a84c95846e79e6afc52e1,0.00041637000686023384,True,True,0.26206268118700704,0.6924871034470309,1.1067860709970199,0.93359375,0.9765625,0.22779278677973178,1.0,0.9750112539847663,0.3176802291714785,0.9732397439691997,,self-report; not geometry-derived layer count or success,0.9744856566487526,0.032010160618090436,0.26079748536981984,0.3387059801893055,3.9707887807576006,/srv/slam-research/grf/map-denoise/runs/multiscan-pilot-v1/association-v6-bgcq8zff/outputs/dual_g4_s912127_b4__oracle_shared.npz,469ec62eb43afb9ab8e281d11d01305fc7b49db9e37a42e17729473a2e096bc3,True,3.9089927866264302,0.09100721337356976,0.9772481966566076,4.153356339431736,0.15335633943173566,"GT source-group affine fits evaluated at x=y=0; may extrapolate, not physical layer count"
dual_g8_s912127_b0,original_independent,original_independent,False,public_development_diagnostic,912127,8.0,0.0,768,1.0,3,9,9,19.469524727179607,0.9908854166666666,767.6117189897191,768,a7044a651f565779bcf561709d753fbe119b771abacd5ea4dfcc6421b5277d49,0.0004286979965399951,True,True,0.10980370303917024,0.18849012863405099,0.2676836869814038,0.9921875,1.0,0.10801846451780665,1.0,0.1885206316153949,0.10980370303917024,0.1858510905907817,,self-report; not geometry-derived layer count or success,0.18771981080583308,0.017358029141859632,0.24319224623576255,0.40216059299164086,0.9838210021154434,/srv/slam-research/grf/map-denoise/runs/multiscan-pilot-v1/association-v6-bgcq8zff/outputs/dual_g8_s912127_b0__original_independent.npz,93ae2f0edbc6d976f9f9ac29f9d240bbf0547cdbb2d92682bf40bef40e64331f,True,7.945641145337443,0.0543588546625573,0.9932051431671803,8.19297663282905,0.19297663282904942,"GT source-group affine fits evaluated at x=y=0; may extrapolate, not physical layer count"
dual_g8_s912127_b0,original_shared,original_shared,False,public_development_diagnostic,912127,8.0,0.0,768,1.0,3,5,5,5.811828554090727,0.9908854166666666,767.6117189897191,768,a7044a651f565779bcf561709d753fbe119b771abacd5ea4dfcc6421b5277d49,0.0003544040082488209,True,True,0.11103988911775407,0.46074654191027137,0.08483561672784862,0.96875,0.9791666666666666,0.10133375885421907,1.0,0.5995395120618646,0.1289848153317106,0.5870240122084642,,self-report; not geometry-derived layer count or success,0.5995393468418375,0.00044509756412945494,0.5282357556746644,1.0074447034765466,1.1274656926117312,/srv/slam-research/grf/map-denoise/runs/multiscan-pilot-v1/association-v6-bgcq8zff/outputs/dual_g8_s912127_b0__original_shared.npz,6c63be979294ebdf7d8faeca8ef81594e6a79dd0d1e253c09997cb0d1eea43d9,True,7.747323802776484,0.25267619722351586,0.9684154753470605,7.022771181733167,0.9772288182668332,"GT source-group affine fits evaluated at x=y=0; may extrapolate, not physical layer count"
dual_g8_s912127_b0,oracle_independent,oracle_independent,False,public_development_diagnostic,912127,8.0,0.0,768,1.0,4,12,12,284.14212420819,0.9908854166666666,767.6117189897191,768,a7044a651f565779bcf561709d753fbe119b771abacd5ea4dfcc6421b5277d49,0.000460078998003155,True,True,0.11176503628729795,0.19160173855888302,0.2682464561256526,0.9895833333333334,1.0,0.11078656059126372,1.0,0.19163159969380905,0.11176503628729795,0.18858402345488642,,self-report; not geometry-derived layer count or success,0.19042682999213706,0.021454426591125342,0.2536066522295643,0.4283399322821352,0.9814153991609996,/srv/slam-research/grf/map-denoise/runs/multiscan-pilot-v1/association-v6-bgcq8zff/outputs/dual_g8_s912127_b0__oracle_independent.npz,b755d7860d33a935d09324d396f6065b1b4258859306e0d186d700d0dde0586e,True,7.945625298254176,0.05437470174582426,0.993203162281772,8.214437945037469,0.21443794503746894,"GT source-group affine fits evaluated at x=y=0; may extrapolate, not physical layer count"
dual_g8_s912127_b0,oracle_shared,oracle_shared,False,public_development_diagnostic,912127,8.0,0.0,768,1.0,4,6,6,9.020352893477478,0.9908854166666666,767.6117189897191,768,a7044a651f565779bcf561709d753fbe119b771abacd5ea4dfcc6421b5277d49,0.00037630400038324296,True,True,0.08704412471842281,0.17651912426684357,0.16264682194893967,0.9869791666666666,1.0,0.08642777312856882,1.0,0.17655180680935725,0.08704412471842281,0.17302363668269358,,self-report; not geometry-derived layer count or success,0.17512351044648566,0.022411973954746336,0.2572310742290268,0.30356833106031805,0.9855007766999792,/srv/slam-research/grf/map-denoise/runs/multiscan-pilot-v1/association-v6-bgcq8zff/outputs/dual_g8_s912127_b0__oracle_shared.npz,85e2c4a4012482297a47d4286a21b9fd623f597ea3316cb83f072822dd66569c,True,7.944352999794523,0.05564700020547697,0.9930441249743154,8.184993830858785,0.18499383085878485,"GT source-group affine fits evaluated at x=y=0; may extrapolate, not physical layer count"
dual_g8_s912127_b4,original_independent,original_independent,False,public_development_diagnostic,912127,8.0,4.0,768,1.0,3,9,9,19.84529755997471,0.9895833333333334,767.655913002486,768,a9da84faaa6b5990e024da420cf705c0070b6ce70401ebd210f983fab4f85b36,0.00045555199903901666,True,True,0.11782314961200985,0.25967450854452145,0.26851981784520773,0.9895833333333334,0.9947916666666666,0.120331517554501,1.0,0.5259329473617429,0.1439455797399263,0.5217916592051569,,self-report; not geometry-derived layer count or success,0.52401733570929,0.0448474859579327,0.2476767576297647,0.40672378121926117,4.053019845409039,/srv/slam-research/grf/map-denoise/runs/multiscan-pilot-v1/association-v6-bgcq8zff/outputs/dual_g8_s912127_b4__original_independent.npz,e913bb9fd2f2b9835fffe6b3a5e69ef26ab451af7198b4bea60d8372e5c8672d,True,7.904201290668982,0.0957987093310182,0.9880251613336227,8.12662149269052,0.1266214926905196,"GT source-group affine fits evaluated at x=y=0; may extrapolate, not physical layer count"
dual_g8_s912127_b4,original_shared,original_shared,False,public_development_diagnostic,912127,8.0,4.0,768,1.0,3,5,5,5.9373591149536695,0.9895833333333334,767.655913002486,768,a9da84faaa6b5990e024da420cf705c0070b6ce70401ebd210f983fab4f85b36,0.00034604300162754953,True,True,0.10906028074226308,0.4576734954544755,0.0768302762157037,0.9674479166666666,0.9752604166666666,0.10745002060815907,1.0,0.7478631276929392,0.15223060735684216,0.7353415887327727,,self-report; not geometry-derived layer count or success,0.747444822980586,0.025009885289339204,0.5532586194399917,0.9337835160053084,4.084932186043432,/srv/slam-research/grf/map-denoise/runs/multiscan-pilot-v1/association-v6-bgcq8zff/outputs/dual_g8_s912127_b4__original_shared.npz,cd9bd1112c2094cfee25fe19d89e6c6f7f5002a18d8ae12efb9ca5ebe0b148b6,True,7.72362654398409,0.2763734560159099,0.9654533179980113,7.026541140539722,0.973458859460278,"GT source-group affine fits evaluated at x=y=0; may extrapolate, not physical layer count"
dual_g8_s912127_b4,oracle_independent,oracle_independent,False,public_development_diagnostic,912127,8.0,4.0,768,1.0,4,12,12,284.32155242856527,0.9895833333333334,767.655913002486,768,a9da84faaa6b5990e024da420cf705c0070b6ce70401ebd210f983fab4f85b36,0.0004501529911067337,True,True,0.1187124483793328,0.25920967734485567,0.26926291095489596,0.9869791666666666,0.9947916666666666,0.12206180182353106,1.0,0.525703508774372,0.14483487850724924,0.5213634532628788,,self-report; not geometry-derived layer count or success,0.5235401341654028,0.04764354159545837,0.26077848935868714,0.43129163371285806,4.05206008008512,/srv/slam-research/grf/map-denoise/runs/multiscan-pilot-v1/association-v6-bgcq8zff/outputs/dual_g8_s912127_b4__oracle_independent.npz,557ccb571b70bd1cf0dba2fbdcab2514041b60cbbe5dfd8dc293cb2cb5668218,True,7.905401916459123,0.09459808354087684,0.9881752395573904,8.147262644245243,0.14726264424524338,"GT source-group affine fits evaluated at x=y=0; may extrapolate, not physical layer count"
dual_g8_s912127_b4,oracle_shared,oracle_shared,False,public_development_diagnostic,912127,8.0,4.0,768,1.0,4,6,6,9.505702291581242,0.9895833333333334,767.655913002486,768,a9da84faaa6b5990e024da420cf705c0070b6ce70401ebd210f983fab4f85b36,0.00038890699215698987,True,True,0.09383411904465956,0.24478935998623072,0.16343773230866582,0.9856770833333334,0.9947916666666666,0.09812492975554672,1.0,0.5187451593589352,0.11995654917257599,0.5143357753032014,,self-report; not geometry-derived layer count or success,0.5165410258508684,0.04776933086468326,0.28815132653356185,0.30227006333726275,4.054004699542073,/srv/slam-research/grf/map-denoise/runs/multiscan-pilot-v1/association-v6-bgcq8zff/outputs/dual_g8_s912127_b4__oracle_shared.npz,4cc64a81e00469defb918da672ca2c25c6ce7c91bcc2a37546961c8331185e21,True,7.90543074714843,0.09456925285156981,0.9881788433935538,8.116332600530841,0.11633260053084093,"GT source-group affine fits evaluated at x=y=0; may extrapolate, not physical layer count"
