case,budget,method,gap_mm,seed,n_points,supported_fraction,group_count,input_edit_rms_mm,output,output_sha256,stage,identifiable,geometry_scored,surface_accuracy_mean_mm,surface_accuracy_rms_mm,surface_accuracy_p95_mm,reference_sample_coverage_1mm,reference_sample_coverage_2mm,reference_sample_distance_mean_mm,output_point_count_ratio,matched_point_rms_mm,matched_normal_mae_mm,within_source_layer_rms_mm,source_group_gap_mm,source_group_gap_error_mm,source_group_gap_retention,reported_model_k,model_k_note,global_translation_only_aligned_rms_mm,output_edit_from_reference_centroid_mm,source_surface_tilt_mean_deg,source_surface_tilt_max_deg,fitted_gap_at_same_xy_mm,fitted_gap_at_same_xy_error_mm,fitted_gap_note
dual_g2_s912101_b0,1,soft_M_map_b1,2.0,912101,768,1.0,3,0.7807331144847679,/srv/slam-research/grf/map-denoise/runs/multiscan-pilot-v1/decision-v7-nk7sm4yf/outputs/dual_g2_s912101_b0__soft_M_map_b1.npz,5804f1d4a657021f5e0ebb51793de63919fe53e4850b80e0ca5bb1d0fd96a0cc,exposed development post-decision ablation,True,True,0.29930680678333693,0.44284491292774786,1.0330129882950845,0.9114583333333334,0.9986979166666666,0.35558179994142397,1.0,0.5878186002495543,0.3739280922934681,0.5724811465765028,1.7362829926302055,0.26371700736979453,0.8681414963151027,,self-report; not geometry-derived layer count or success,0.5867190779186083,0.03593647736886967,0.569077311501639,0.5873340172217869,1.1800231791556643,0.8199768208443357,"GT source-group affine fits evaluated at x=y=0; may extrapolate, not physical layer count"
dual_g2_s912101_b0,3,soft_M_map_b3,2.0,912101,768,1.0,3,0.760456271334523,/srv/slam-research/grf/map-denoise/runs/multiscan-pilot-v1/decision-v7-nk7sm4yf/outputs/dual_g2_s912101_b0__soft_M_map_b3.npz,6b23c6310645f5ea44d21fe894062253cc46b3801ea991fffb0fc65d1303d33d,exposed development post-decision ablation,True,True,0.3932443668217925,0.48584637870425734,0.8913075653161522,0.9309895833333334,0.9986979166666666,0.42709472737180637,1.0,0.5635591638176071,0.43395943725132335,0.5472739236267636,1.7410815754668623,0.25891842453313774,0.8705407877334311,,self-report; not geometry-derived layer count or success,0.5616194719760039,0.046717232582795226,0.5050958724279802,0.8375637978975693,1.0980116060930518,0.9019883939069482,"GT source-group affine fits evaluated at x=y=0; may extrapolate, not physical layer count"
dual_g2_s912101_b0,6,soft_M_map_b6,2.0,912101,768,1.0,3,0.7717760404185147,/srv/slam-research/grf/map-denoise/runs/multiscan-pilot-v1/decision-v7-nk7sm4yf/outputs/dual_g2_s912101_b0__soft_M_map_b6.npz,710b1b3bbc00631fbc52f907198b3783d4eebbb1c225177fca812c65d5cb5e24,exposed development post-decision ablation,True,True,0.42548392171035276,0.5114855142557474,0.8926950960421576,0.9700520833333334,0.9986979166666666,0.43906130311830477,1.0,0.5425023365748006,0.44176902596334305,0.5254865175980805,1.7664574837161868,0.23354251628381317,0.8832287418580934,,self-report; not geometry-derived layer count or success,0.5376821220257445,0.07215761112322606,0.4895064230271489,0.9743047587384678,1.0731088912176054,0.9268911087823946,"GT source-group affine fits evaluated at x=y=0; may extrapolate, not physical layer count"
dual_g2_s912101_b4,1,soft_M_map_b1,2.0,912101,768,1.0,3,4.08375354056108,/srv/slam-research/grf/map-denoise/runs/multiscan-pilot-v1/decision-v7-nk7sm4yf/outputs/dual_g2_s912101_b4__soft_M_map_b1.npz,3330141451acbd823954721cef606b55544be0d6445a28047534248499bb672c,exposed development post-decision ablation,True,True,0.29926243897684496,0.4428954147681536,1.034133567264758,0.9114583333333334,0.9986979166666666,0.3666918417425977,1.0,0.5903418804195214,0.37381600570652607,0.5724006802471597,1.7361498028144347,0.26385019718556535,0.8680749014072173,,self-report; not geometry-derived layer count or success,0.5892539607246104,0.03582325428567061,0.5688898716402525,0.5874682679115856,1.1803061625427547,0.8196938374572453,"GT source-group affine fits evaluated at x=y=0; may extrapolate, not physical layer count"
dual_g2_s912101_b4,3,soft_M_map_b3,2.0,912101,768,1.0,3,4.079322509423296,/srv/slam-research/grf/map-denoise/runs/multiscan-pilot-v1/decision-v7-nk7sm4yf/outputs/dual_g2_s912101_b4__soft_M_map_b3.npz,b8e49bc63a5b57acd8e66c0d02134d60fb86c22bd39e76a97f66a0f3a88f6c15,exposed development post-decision ablation,True,True,0.3933019993335672,0.48594878283788334,0.891334775954979,0.9296875,0.9986979166666666,0.4345600819860988,1.0,0.5663150949941382,0.43399515230780955,0.5473274521464433,1.7410575650106175,0.2589424349893825,0.8705287825053087,,self-report; not geometry-derived layer count or success,0.5643877550687137,0.04668242438774498,0.5047235909187885,0.8363749860876929,1.0987122553804496,0.9012877446195504,"GT source-group affine fits evaluated at x=y=0; may extrapolate, not physical layer count"
dual_g2_s912101_b4,6,soft_M_map_b6,2.0,912101,768,1.0,3,4.084552448643273,/srv/slam-research/grf/map-denoise/runs/multiscan-pilot-v1/decision-v7-nk7sm4yf/outputs/dual_g2_s912101_b4__soft_M_map_b6.npz,46650b278edbde6de0e24dda9d4e96c40c585592f1d173f3246c06578103eaeb,exposed development post-decision ablation,True,True,0.42649498026810156,0.512449401784318,0.8930398549183178,0.9700520833333334,0.9986979166666666,0.4466232195017455,1.0,0.5461956700397829,0.44276650042874244,0.5263730487370719,1.7649717233705644,0.2350282766294356,0.8824858616852822,,self-report; not geometry-derived layer count or success,0.541533972952179,0.07120860979429357,0.4892908797586955,0.9730532310544765,1.0720541442155453,0.9279458557844547,"GT source-group affine fits evaluated at x=y=0; may extrapolate, not physical layer count"
dual_g2_s912113_b0,1,soft_M_map_b1,2.0,912113,768,1.0,3,0.7931334970789669,/srv/slam-research/grf/map-denoise/runs/multiscan-pilot-v1/decision-v7-nk7sm4yf/outputs/dual_g2_s912113_b0__soft_M_map_b1.npz,7379c5a838695c4b657fab110ca4a71eb2b2edd96c334ec239c7b01bde848035,exposed development post-decision ablation,True,True,0.39951371272091346,0.5191974325442539,1.151800927901257,0.9010416666666666,1.0,0.4229208057135693,1.0,0.5928170111245314,0.44035524024284306,0.5846665548969542,1.7997974201022877,0.20020257989771229,0.8998987100511439,,self-report; not geometry-derived layer count or success,0.5927188194854496,0.010789332991340514,0.7862757548167867,1.1593289309434047,0.8517318197446195,1.1482681802553805,"GT source-group affine fits evaluated at x=y=0; may extrapolate, not physical layer count"
dual_g2_s912113_b0,3,soft_M_map_b3,2.0,912113,768,1.0,3,0.829787075857038,/srv/slam-research/grf/map-denoise/runs/multiscan-pilot-v1/decision-v7-nk7sm4yf/outputs/dual_g2_s912113_b0__soft_M_map_b3.npz,4e521802042d19ea77b24d562f46d37ec86fcb1e4054575e849b101061e646ed,exposed development post-decision ablation,True,True,0.4199034479032884,0.5138227438476674,0.9612007106533814,0.9309895833333334,1.0,0.4297479217331362,1.0,0.5438777501142036,0.43573614749317996,0.529762370893246,1.7464066606118098,0.2535933393881902,0.8732033303059049,,self-report; not geometry-derived layer count or success,0.5438769940848597,0.0009068486674050826,0.7262726553787667,1.356583067285025,0.759366296042105,1.240633703957895,"GT source-group affine fits evaluated at x=y=0; may extrapolate, not physical layer count"
dual_g2_s912113_b0,6,soft_M_map_b6,2.0,912113,768,1.0,3,0.8679904934276764,/srv/slam-research/grf/map-denoise/runs/multiscan-pilot-v1/decision-v7-nk7sm4yf/outputs/dual_g2_s912113_b0__soft_M_map_b6.npz,0d8b5a59a62cc85dcc5248e02495969121034aec0192f421efd6ff51df363c83,exposed development post-decision ablation,True,True,0.4108434073858573,0.4926547541727797,0.8927023864767625,0.9622395833333334,1.0,0.4161862068339808,1.0,0.5090855823197198,0.41900539038164003,0.4956164928997023,1.7613202426151124,0.23867975738488756,0.8806601213075562,,self-report; not geometry-derived layer count or success,0.5090043904015364,0.009091791779872793,0.7293415078590896,1.5051087389459163,0.7177864381617454,1.2822135618382546,"GT source-group affine fits evaluated at x=y=0; may extrapolate, not physical layer count"
dual_g2_s912113_b4,1,soft_M_map_b1,2.0,912113,768,1.0,3,4.053533379983588,/srv/slam-research/grf/map-denoise/runs/multiscan-pilot-v1/decision-v7-nk7sm4yf/outputs/dual_g2_s912113_b4__soft_M_map_b1.npz,86afa7ddfb636ce43086c8d6cbd3fd8c8f9d4dfdc919d46df034087d65ac859f,exposed development post-decision ablation,True,True,0.3897135967001491,0.508093832627577,1.0956547209540821,0.9075520833333334,1.0,0.4236349231750049,1.0,0.5917086952831103,0.43414151952531954,0.5813997400703614,1.8034943818469322,0.19650561815306777,0.9017471909234661,,self-report; not geometry-derived layer count or success,0.5916118697909267,0.01070399907157576,0.7639263475521126,1.1175873172453914,0.8894638575822402,1.1105361424177598,"GT source-group affine fits evaluated at x=y=0; may extrapolate, not physical layer count"
dual_g2_s912113_b4,3,soft_M_map_b3,2.0,912113,768,1.0,3,4.051248644531104,/srv/slam-research/grf/map-denoise/runs/multiscan-pilot-v1/decision-v7-nk7sm4yf/outputs/dual_g2_s912113_b4__soft_M_map_b3.npz,2238fe116cc85f1ff549a46c8ee0d3c7ff6bc1121bc38b4ee1d28ff56dd944b5,exposed development post-decision ablation,True,True,0.4141742552232268,0.5078831857871356,0.9747825769832733,0.9270833333333334,1.0,0.4331694409213945,1.0,0.5473316835998631,0.43351214001017313,0.5310490308150101,1.750215084597601,0.249784915402399,0.8751075422988005,,self-report; not geometry-derived layer count or success,0.5473080741726346,0.0050836815107306865,0.7078400303370594,1.3045037244224822,0.796953268290523,1.203046731709477,"GT source-group affine fits evaluated at x=y=0; may extrapolate, not physical layer count"
dual_g2_s912113_b4,6,soft_M_map_b6,2.0,912113,768,1.0,3,4.051995726351752,/srv/slam-research/grf/map-denoise/runs/multiscan-pilot-v1/decision-v7-nk7sm4yf/outputs/dual_g2_s912113_b4__soft_M_map_b6.npz,b8c4391675f8e7dfac0002b572d9fdaee5cd0ffe2080637f2b7a874c7cf6c8fb,exposed development post-decision ablation,True,True,0.4116986063378805,0.49384665270868416,0.8827989114089777,0.9609375,1.0,0.4239967671624691,1.0,0.5161142551563704,0.4214673301694167,0.5002101134593164,1.762298670811334,0.23770132918866604,0.881149335405667,,self-report; not geometry-derived layer count or success,0.5161080641870474,0.0025279352669091665,0.7264402798875703,1.4464391258421756,0.7476718147488801,1.2523281852511199,"GT source-group affine fits evaluated at x=y=0; may extrapolate, not physical layer count"
dual_g2_s912127_b0,1,soft_M_map_b1,2.0,912127,768,1.0,4,0.6893945276243486,/srv/slam-research/grf/map-denoise/runs/multiscan-pilot-v1/decision-v7-nk7sm4yf/outputs/dual_g2_s912127_b0__soft_M_map_b1.npz,3fac8c2c6b24f12225de973733f690a6ed86283874be0b2819f2ec0887b01e57,exposed development post-decision ablation,True,True,0.4301244099105704,0.6342247462650605,1.561117614770105,0.8723958333333334,0.9908854166666666,0.4380200205876123,1.0,0.6864027365058635,0.4632930224367564,0.6809976080170956,1.834306069828422,0.16569393017157807,0.917153034914211,,self-report; not geometry-derived layer count or success,0.6857595397540103,0.029708085079756027,0.42751435772722424,0.6766360507015704,1.4357136217623419,0.5642863782376581,"GT source-group affine fits evaluated at x=y=0; may extrapolate, not physical layer count"
dual_g2_s912127_b0,3,soft_M_map_b3,2.0,912127,768,1.0,4,0.7039201087760975,/srv/slam-research/grf/map-denoise/runs/multiscan-pilot-v1/decision-v7-nk7sm4yf/outputs/dual_g2_s912127_b0__soft_M_map_b3.npz,06b570590709ac2a9ed5b1b7479038f344cf48be0af714dd6d5c03d87d68305d,exposed development post-decision ablation,True,True,0.4365411902747442,0.5645270670463851,1.2215181663989083,0.8880208333333334,1.0,0.44964892436955295,1.0,0.6094754354292387,0.462863225421797,0.602011444951389,1.8159291643136632,0.18407083568633675,0.9079645821568316,,self-report; not geometry-derived layer count or success,0.6086285980224021,0.032117535100707195,0.3595023605431748,0.7365002950389946,1.4327850835701241,0.5672149164298759,"GT source-group affine fits evaluated at x=y=0; may extrapolate, not physical layer count"
dual_g2_s912127_b0,6,soft_M_map_b6,2.0,912127,768,1.0,4,0.7272465372825656,/srv/slam-research/grf/map-denoise/runs/multiscan-pilot-v1/decision-v7-nk7sm4yf/outputs/dual_g2_s912127_b0__soft_M_map_b6.npz,b4364b6b16191da86370232943f3f9b0de53d85a95fb864a7c7e0f70b1fa800c,exposed development post-decision ablation,True,True,0.4405577319357539,0.5412664482517904,1.0431251666588484,0.9205729166666666,1.0,0.44883657986675435,1.0,0.5680320873212773,0.45534161850677574,0.5601658023285373,1.8145166949604916,0.18548330503950838,0.9072583474802458,,self-report; not geometry-derived layer count or success,0.5673854600754249,0.027095976113909532,0.4731443184404455,0.9753145144727051,1.310314077630697,0.689685922369303,"GT source-group affine fits evaluated at x=y=0; may extrapolate, not physical layer count"
dual_g2_s912127_b4,1,soft_M_map_b1,2.0,912127,768,1.0,3,4.079062602234923,/srv/slam-research/grf/map-denoise/runs/multiscan-pilot-v1/decision-v7-nk7sm4yf/outputs/dual_g2_s912127_b4__soft_M_map_b1.npz,a89a6a54680334a3a933089d846ef2b43a5293ba19ced7444bf5e8bb4392f8d6,exposed development post-decision ablation,True,True,0.398229810149138,0.6340695002856783,1.83001884444136,0.88671875,0.9856770833333334,0.41358058277931303,1.0,0.6918456464110314,0.434426571615757,0.6779017759985921,1.749819711132596,0.25018028886740407,0.874909855566298,,self-report; not geometry-derived layer count or success,0.6913870790226782,0.025185420750643096,0.5912133967684597,0.6883796864714837,1.1996402648007833,0.8003597351992167,"GT source-group affine fits evaluated at x=y=0; may extrapolate, not physical layer count"
dual_g2_s912127_b4,3,soft_M_map_b3,2.0,912127,768,1.0,3,4.072751140212044,/srv/slam-research/grf/map-denoise/runs/multiscan-pilot-v1/decision-v7-nk7sm4yf/outputs/dual_g2_s912127_b4__soft_M_map_b3.npz,495bb7651adf4c1529ace53d03768ad173a4cefd8c2bb4892c78f2512b944c9d,exposed development post-decision ablation,True,True,0.3875593192967159,0.5698488940456181,1.0406074913292092,0.91796875,0.9908854166666666,0.3928761641066581,1.0,0.6069433554221206,0.407451315124955,0.5841036173601236,1.684214001374009,0.315785998625991,0.8421070006870045,,self-report; not geometry-derived layer count or success,0.6068639773358087,0.00981578846683933,0.6474484503684601,0.9415014275328407,0.9763527062512637,1.0236472937487364,"GT source-group affine fits evaluated at x=y=0; may extrapolate, not physical layer count"
dual_g2_s912127_b4,6,soft_M_map_b6,2.0,912127,768,1.0,3,4.0636431098774795,/srv/slam-research/grf/map-denoise/runs/multiscan-pilot-v1/decision-v7-nk7sm4yf/outputs/dual_g2_s912127_b4__soft_M_map_b6.npz,0c2382740fa430b438b6ca605c0db64194becb034e4ddeb542ddb917142dce98,exposed development post-decision ablation,True,True,0.3609411031716725,0.5459288133834966,0.9944992508890534,0.94140625,0.9921875,0.353495327283682,1.0,0.5619047313491344,0.3678653971555752,0.5378986665541718,1.6890363837688818,0.31096361623111823,0.8445181918844409,,self-report; not geometry-derived layer count or success,0.5618897397068777,0.004104573629531369,0.5941079724664462,0.9582395270367167,1.0234439746055832,0.9765560253944168,"GT source-group affine fits evaluated at x=y=0; may extrapolate, not physical layer count"
dual_g4_s912101_b0,1,soft_M_map_b1,4.0,912101,768,0.921875,5,0.6362779017538172,/srv/slam-research/grf/map-denoise/runs/multiscan-pilot-v1/decision-v7-nk7sm4yf/outputs/dual_g4_s912101_b0__soft_M_map_b1.npz,6bd751f904d4185a44664c0f4b72215ddcbcaefee266fd931a44775a0d84105d,exposed development post-decision ablation,True,True,0.5539034736047839,0.8338312448832158,1.881124516329143,0.8138020833333334,0.9791666666666666,0.5073614258718907,1.0,0.8501893690259299,0.5607359383265798,0.844888316364921,3.8983655753314936,0.10163442466850636,0.9745913938328734,,self-report; not geometry-derived layer count or success,0.8463306311992747,0.08090998639566196,0.37181332873523965,0.49544482772351295,3.646579094424738,0.3534209055752622,"GT source-group affine fits evaluated at x=y=0; may extrapolate, not physical layer count"
dual_g4_s912101_b0,3,soft_M_map_b3,4.0,912101,768,0.921875,5,0.5828332727008743,/srv/slam-research/grf/map-denoise/runs/multiscan-pilot-v1/decision-v7-nk7sm4yf/outputs/dual_g4_s912101_b0__soft_M_map_b3.npz,3caf70ff63fc9ccbfbda72b21bcdfc8b968abae2a0493cf8312c10566e152e15,exposed development post-decision ablation,True,True,0.6328045053055016,0.8093937640397705,1.6917998560276053,0.82421875,0.9895833333333334,0.5965529801764083,1.0,0.8297707985616,0.6395813022600312,0.8248745789460564,3.875441234970512,0.12455876502948815,0.968860308742628,,self-report; not geometry-derived layer count or success,0.8270890563750203,0.06665786502907173,0.3242653528293404,0.4420488305787362,3.6404263190311044,0.35957368096889564,"GT source-group affine fits evaluated at x=y=0; may extrapolate, not physical layer count"
dual_g4_s912101_b0,6,soft_M_map_b6,4.0,912101,768,0.921875,5,0.5670066374862344,/srv/slam-research/grf/map-denoise/runs/multiscan-pilot-v1/decision-v7-nk7sm4yf/outputs/dual_g4_s912101_b0__soft_M_map_b6.npz,a8efa0ccf01ea0a72bf72e2db7301cc004627b669b5e8ab3e502e34e71ed2927,exposed development post-decision ablation,True,True,0.6501181927972534,0.7835064580760667,1.5198049269689495,0.84765625,0.99609375,0.6263626057338699,1.0,0.7875551323251281,0.6517067080043925,0.7829603605230151,3.871654249918319,0.12834575008168114,0.9679135624795797,,self-report; not geometry-derived layer count or success,0.7854363024732784,0.057731284489040115,0.19223734870753964,0.2550700158338121,3.8109089325161727,0.1890910674838273,"GT source-group affine fits evaluated at x=y=0; may extrapolate, not physical layer count"
dual_g4_s912101_b4,1,soft_M_map_b1,4.0,912101,768,0.921875,5,3.9296743594805204,/srv/slam-research/grf/map-denoise/runs/multiscan-pilot-v1/decision-v7-nk7sm4yf/outputs/dual_g4_s912101_b4__soft_M_map_b1.npz,01a6e13366ae6fc2765a77881fac34b1d8905e92752206d04cc6b88d83f1dee2,exposed development post-decision ablation,True,True,0.7045636429906121,1.179228227420272,2.340867000334481,0.7604166666666666,0.94140625,0.6191656701766444,1.0,1.321647023516729,0.7755475275800819,1.316615789758371,3.984204969361901,0.01579503063809895,0.9960512423404753,,self-report; not geometry-derived layer count or success,1.3167594465232038,0.11355797973958083,0.23520096599607795,0.3324700150366692,3.8969660694985775,0.10303393050142251,"GT source-group affine fits evaluated at x=y=0; may extrapolate, not physical layer count"
dual_g4_s912101_b4,3,soft_M_map_b3,4.0,912101,768,0.921875,5,3.932038796337478,/srv/slam-research/grf/map-denoise/runs/multiscan-pilot-v1/decision-v7-nk7sm4yf/outputs/dual_g4_s912101_b4__soft_M_map_b3.npz,e381894ee63746a6f3fbd87aa5258c17af0a4e3014766bec9d094812ee35515d,exposed development post-decision ablation,True,True,0.7834597978974926,1.1620898826289967,2.0054037151399466,0.7708333333333334,0.9505208333333334,0.7090557032957626,1.0,1.308628492677033,0.8543939735906753,1.3045976250414448,3.9613527598486558,0.03864724015134424,0.9903381899621639,,self-report; not geometry-derived layer count or success,1.3048549636399873,0.09930788342448699,0.196280465921033,0.28372612032639105,3.891094735052137,0.10890526494786279,"GT source-group affine fits evaluated at x=y=0; may extrapolate, not physical layer count"
dual_g4_s912101_b4,6,soft_M_map_b6,4.0,912101,768,0.921875,5,3.929424562640489,/srv/slam-research/grf/map-denoise/runs/multiscan-pilot-v1/decision-v7-nk7sm4yf/outputs/dual_g4_s912101_b4__soft_M_map_b6.npz,abcbc07cd1d274273362c6efaf1991f8b04849b7c66085ea2725c68b226f2acd,exposed development post-decision ablation,True,True,0.8008004710452177,1.1442115987965724,1.8875235052766572,0.7877604166666666,0.953125,0.7445725015624701,1.0,1.2822829261682664,0.8665535052281507,1.27880376676472,3.9576213301334513,0.0423786698665487,0.9894053325333628,,self-report; not geometry-derived layer count or success,1.2790939499783704,0.09037792801000413,0.1847537104427552,0.21425880098157526,4.061408868091647,0.061408868091646696,"GT source-group affine fits evaluated at x=y=0; may extrapolate, not physical layer count"
dual_g4_s912113_b0,1,soft_M_map_b1,4.0,912113,768,0.9088541666666666,4,0.720904252598232,/srv/slam-research/grf/map-denoise/runs/multiscan-pilot-v1/decision-v7-nk7sm4yf/outputs/dual_g4_s912113_b0__soft_M_map_b1.npz,9c0c9447390fb9b33c8d5bd5821c785ba422ee9f3030592026c76e69e13ea699,exposed development post-decision ablation,True,True,0.580206550483656,0.8796756451848805,2.038995359158277,0.82421875,0.9674479166666666,0.524744305658796,1.0,0.911684262162965,0.5940486340580056,0.910372262469688,3.9401542050468015,0.05984579495319853,0.9850385512617004,,self-report; not geometry-derived layer count or success,0.9108728973930595,0.03845463132579475,1.0103550500231908,1.193276497136876,2.8129954764964653,1.1870045235035347,"GT source-group affine fits evaluated at x=y=0; may extrapolate, not physical layer count"
dual_g4_s912113_b0,3,soft_M_map_b3,4.0,912113,768,0.9088541666666666,4,0.6869532298330666,/srv/slam-research/grf/map-denoise/runs/multiscan-pilot-v1/decision-v7-nk7sm4yf/outputs/dual_g4_s912113_b0__soft_M_map_b3.npz,1f8b34d7807092915f057ec53a505615872ff4f1cb3792232c6463cf317f2c0c,exposed development post-decision ablation,True,True,0.5663736882515301,0.7673400594062603,1.651250994305093,0.8411458333333334,0.9869791666666666,0.5355277551232914,1.0,0.7880466323358523,0.5739659112513792,0.7781032767751919,3.7465653447847918,0.25343465521520825,0.9366413361961979,,self-report; not geometry-derived layer count or success,0.7879117193598206,0.014581400184103787,0.938694807796657,1.1682665408669184,2.682098626697301,1.317901373302699,"GT source-group affine fits evaluated at x=y=0; may extrapolate, not physical layer count"
dual_g4_s912113_b0,6,soft_M_map_b6,4.0,912113,768,0.9088541666666666,4,0.6298670145545089,/srv/slam-research/grf/map-denoise/runs/multiscan-pilot-v1/decision-v7-nk7sm4yf/outputs/dual_g4_s912113_b0__soft_M_map_b6.npz,778c056304b9d5f38b48b1cdf0ff702833f4ffddc9cf05fe4e7760b5a07d8dba,exposed development post-decision ablation,True,True,0.571922010354116,0.7219413315529777,1.5085465531307274,0.8619791666666666,0.99609375,0.5494675437259224,1.0,0.7340940261730334,0.5763344717675943,0.7252168949899789,3.78260824029847,0.2173917597015298,0.9456520600746176,,self-report; not geometry-derived layer count or success,0.7329711549547697,0.040587254984851925,0.6529241944246191,0.7688831394195236,3.0642254621948246,0.9357745378051754,"GT source-group affine fits evaluated at x=y=0; may extrapolate, not physical layer count"
dual_g4_s912113_b4,1,soft_M_map_b1,4.0,912113,768,0.9114583333333334,4,3.7894958578930056,/srv/slam-research/grf/map-denoise/runs/multiscan-pilot-v1/decision-v7-nk7sm4yf/outputs/dual_g4_s912113_b4__soft_M_map_b1.npz,65e6799aea3e2d9038cac1e64dd3b34d3a04f1a3478ed19360462ea9bfc17d2b,exposed development post-decision ablation,True,True,0.744866293709013,1.3024521901422368,2.669014635780626,0.78125,0.9283854166666666,0.6244936475030132,1.0,1.6169951843468844,0.8643756957656276,1.6163012309120164,3.9519011834128572,0.04809881658714277,0.9879752958532143,,self-report; not geometry-derived layer count or success,1.6169721024979378,0.008639788447217498,1.072691148253812,1.3194531408266472,2.730922589460973,1.269077410539027,"GT source-group affine fits evaluated at x=y=0; may extrapolate, not physical layer count"
dual_g4_s912113_b4,3,soft_M_map_b3,4.0,912113,768,0.9114583333333334,4,3.782750888204515,/srv/slam-research/grf/map-denoise/runs/multiscan-pilot-v1/decision-v7-nk7sm4yf/outputs/dual_g4_s912113_b4__soft_M_map_b3.npz,cce1e965dcab2fc80f93a75cb24e4912c7acc5ba3be56e757ed75a4e5950069a,exposed development post-decision ablation,True,True,0.7416852171932541,1.2436329869990912,2.1746267272774054,0.7994791666666666,0.9453125,0.6441899520673117,1.0,1.5619264071067582,0.8548825783631324,1.55680497020655,3.7546557407054792,0.24534425929452075,0.9386639351763698,,self-report; not geometry-derived layer count or success,1.5619216192051677,0.0038673863181242912,0.9834532145689225,1.194593295743435,2.65651470362656,1.3434852963734398,"GT source-group affine fits evaluated at x=y=0; may extrapolate, not physical layer count"
dual_g4_s912113_b4,6,soft_M_map_b6,4.0,912113,768,0.9114583333333334,4,3.7654530451480763,/srv/slam-research/grf/map-denoise/runs/multiscan-pilot-v1/decision-v7-nk7sm4yf/outputs/dual_g4_s912113_b4__soft_M_map_b6.npz,012a9b7118e3b3b48094a204a3e5998b9f661721cbd91ba231123977a60753f9,exposed development post-decision ablation,True,True,0.7502349301108054,1.2165537628477816,1.944129401768291,0.81640625,0.9596354166666666,0.6530084660559693,1.0,1.5353092457380322,0.8599514138000995,1.5304001454046552,3.768666009854787,0.23133399014521316,0.9421665024636967,,self-report; not geometry-derived layer count or success,1.5350816189641865,0.026436776788732897,0.6745508118201237,0.7492843413977007,3.0530120974425206,0.9469879025574794,"GT source-group affine fits evaluated at x=y=0; may extrapolate, not physical layer count"
dual_g4_s912127_b0,1,soft_M_map_b1,4.0,912127,768,0.9361979166666666,4,0.6899147760472785,/srv/slam-research/grf/map-denoise/runs/multiscan-pilot-v1/decision-v7-nk7sm4yf/outputs/dual_g4_s912127_b0__soft_M_map_b1.npz,786d023852a88b2ad156977905b249d1e799d9e54663d3d6f1ade6b7a9837dfb,exposed development post-decision ablation,True,True,0.5353353879364143,0.8292922534489503,1.9476749625541425,0.85546875,0.97265625,0.48267975789115614,1.0,0.8461589623669425,0.5423967894884095,0.8421120445808254,3.8315717116433405,0.16842828835665946,0.9578929279108351,,self-report; not geometry-derived layer count or success,0.8461200114314242,0.0081188576282062,0.3947095439257918,0.4647536039661993,3.563444765238585,0.436555234761415,"GT source-group affine fits evaluated at x=y=0; may extrapolate, not physical layer count"
dual_g4_s912127_b0,3,soft_M_map_b3,4.0,912127,768,0.9361979166666666,4,0.6291659648908653,/srv/slam-research/grf/map-denoise/runs/multiscan-pilot-v1/decision-v7-nk7sm4yf/outputs/dual_g4_s912127_b0__soft_M_map_b3.npz,9a28784bde472b5df11263b6754759f7f5c81f6a50ffd53cbcd4ed8e2937486a,exposed development post-decision ablation,True,True,0.5938144836364091,0.7803423786143009,1.7194288864130567,0.8346354166666666,0.9869791666666666,0.5670635866101015,1.0,0.7883516561584105,0.5969526530371008,0.7755086999886754,3.7096181822803453,0.29038181771965466,0.9274045455700863,,self-report; not geometry-derived layer count or success,0.7883507024673911,0.0012262491098884052,0.2475572618448145,0.3149604014569789,3.545938821626499,0.45406117837350113,"GT source-group affine fits evaluated at x=y=0; may extrapolate, not physical layer count"
dual_g4_s912127_b0,6,soft_M_map_b6,4.0,912127,768,0.9361979166666666,4,0.5974520896877199,/srv/slam-research/grf/map-denoise/runs/multiscan-pilot-v1/decision-v7-nk7sm4yf/outputs/dual_g4_s912127_b0__soft_M_map_b6.npz,b708c74cbd28f5f95127a7d5562d9957d5facbb38b1de52b12e82310ea8c673d,exposed development post-decision ablation,True,True,0.6213506810989975,0.7559034472848405,1.4988370105081448,0.8580729166666666,0.9947916666666666,0.6003482900768041,1.0,0.7641390169981953,0.6244777087131287,0.7549630347858175,3.758248748923346,0.24175125107665396,0.9395621872308365,,self-report; not geometry-derived layer count or success,0.7641277610267986,0.004147544712219063,0.24740234221497293,0.2840810229465899,3.810632765777573,0.18936723422242707,"GT source-group affine fits evaluated at x=y=0; may extrapolate, not physical layer count"
dual_g4_s912127_b4,1,soft_M_map_b1,4.0,912127,768,0.9388020833333334,4,3.9615728427719756,/srv/slam-research/grf/map-denoise/runs/multiscan-pilot-v1/decision-v7-nk7sm4yf/outputs/dual_g4_s912127_b4__soft_M_map_b1.npz,13ca45db050cee69a4b25237bb21504839a22d8f5749524b32c8128bdd1829f3,exposed development post-decision ablation,True,True,0.621226294507024,1.0301305633510454,2.487048408415926,0.83203125,0.9505208333333334,0.5375856279403114,1.0,1.248217654934338,0.6832868150220707,1.2449586553257803,3.8211427421408954,0.17885725785910456,0.9552856855352239,,self-report; not geometry-derived layer count or success,1.2481946614765334,0.007576354747513638,0.4563063238008891,0.5453374246933941,3.519274697594776,0.48072530240522404,"GT source-group affine fits evaluated at x=y=0; may extrapolate, not physical layer count"
dual_g4_s912127_b4,3,soft_M_map_b3,4.0,912127,768,0.9388020833333334,4,3.9118241841729047,/srv/slam-research/grf/map-denoise/runs/multiscan-pilot-v1/decision-v7-nk7sm4yf/outputs/dual_g4_s912127_b4__soft_M_map_b3.npz,c45a4d7010c7688a6c015921769c369278fe552bff326459102983f7a2274e96,exposed development post-decision ablation,True,True,0.679627428384871,0.98992544771474,1.923450266828775,0.80859375,0.96484375,0.6227136678279891,1.0,1.2087791287789393,0.7377698393584614,1.199590739181468,3.6981579670584503,0.30184203294154965,0.9245394917646126,,self-report; not geometry-derived layer count or success,1.2087791138234654,0.00019014660128440736,0.3417577321844663,0.4232421009943024,3.4918328127627225,0.5081671872372775,"GT source-group affine fits evaluated at x=y=0; may extrapolate, not physical layer count"
dual_g4_s912127_b4,6,soft_M_map_b6,4.0,912127,768,0.9388020833333334,4,3.902149210912805,/srv/slam-research/grf/map-denoise/runs/multiscan-pilot-v1/decision-v7-nk7sm4yf/outputs/dual_g4_s912127_b4__soft_M_map_b6.npz,cf1eda4461c9aa218d3f654b70ae53a0679a4011ad239a69155dc0807cf679bb,exposed development post-decision ablation,True,True,0.7035194791622383,0.9717736777798174,1.7979365754381516,0.8346354166666666,0.9700520833333334,0.6525874281713037,1.0,1.193954871317055,0.7616598267288316,1.1872621062273454,3.7448502856721158,0.25514971432788425,0.9362125714180289,,self-report; not geometry-derived layer count or success,1.193954540273419,0.0008891019138766061,0.3035148312919127,0.4089368427320676,3.779133076856791,0.220866923143209,"GT source-group affine fits evaluated at x=y=0; may extrapolate, not physical layer count"
dual_g8_s912101_b0,1,soft_M_map_b1,8.0,912101,768,0.9856770833333334,4,0.8298732735186926,/srv/slam-research/grf/map-denoise/runs/multiscan-pilot-v1/decision-v7-nk7sm4yf/outputs/dual_g8_s912101_b0__soft_M_map_b1.npz,1b1e82a3926302c28510f08b34e1e71f2148571e6e1266ae08513758dcbfbb10,exposed development post-decision ablation,True,True,0.36775252727974655,0.7347079749165211,1.840635717551133,0.8958333333333334,0.9817708333333334,0.32117562894361135,1.0,0.7347127407062635,0.36775252727974655,0.7245547275965389,8.168690381221925,0.16869038122192492,1.0210862976527406,,self-report; not geometry-derived layer count or success,0.7290373445163371,0.09114472917660554,0.4514868697563252,0.5571059855041346,8.048386380475447,0.04838638047544741,"GT source-group affine fits evaluated at x=y=0; may extrapolate, not physical layer count"
dual_g8_s912101_b0,3,soft_M_map_b3,8.0,912101,768,0.9856770833333334,4,0.7782243173085837,/srv/slam-research/grf/map-denoise/runs/multiscan-pilot-v1/decision-v7-nk7sm4yf/outputs/dual_g8_s912101_b0__soft_M_map_b3.npz,147dd933a7e8547e5367caec45a9f33227db122113f503181d9ebfe18aeaf243,exposed development post-decision ablation,True,True,0.3933120919074195,0.5825221701483724,1.0094523962077613,0.95703125,0.9921875,0.37269877768630116,1.0,0.5825274560934878,0.3933120919074196,0.5795487266034801,8.063369544010989,0.06336954401098893,1.0079211930013736,,self-report; not geometry-derived layer count or success,0.5803459362258734,0.050366967437643545,0.23374543901381886,0.2843537718383384,7.978171786632646,0.021828213367354188,"GT source-group affine fits evaluated at x=y=0; may extrapolate, not physical layer count"
dual_g8_s912101_b0,6,soft_M_map_b6,8.0,912101,768,0.9856770833333334,4,0.7942682259265431,/srv/slam-research/grf/map-denoise/runs/multiscan-pilot-v1/decision-v7-nk7sm4yf/outputs/dual_g8_s912101_b0__soft_M_map_b6.npz,0b132e8d932ef2bf9d1f8844c521d34dd66899cd4434b41b5855348bdf18dac4,exposed development post-decision ablation,True,True,0.3828739926599063,0.632480459263924,1.3793989781665426,0.94140625,0.98828125,0.340228640171621,1.0,0.6324855304904395,0.38287399265990646,0.6311819078677485,8.077197049205019,0.07719704920501869,1.0096496311506273,,self-report; not geometry-derived layer count or success,0.6322658576671859,0.0166682784999132,0.23066377862449747,0.2788095405277528,7.947507071153388,0.05249292884661205,"GT source-group affine fits evaluated at x=y=0; may extrapolate, not physical layer count"
dual_g8_s912101_b4,1,soft_M_map_b1,8.0,912101,768,0.9856770833333334,4,4.096967374966292,/srv/slam-research/grf/map-denoise/runs/multiscan-pilot-v1/decision-v7-nk7sm4yf/outputs/dual_g8_s912101_b4__soft_M_map_b1.npz,b346ac55d17f085722e1818a00c0decdc18162cdf6e4eb5ae110f3239dfdbada,exposed development post-decision ablation,True,True,0.4047337734336061,0.8583270714141871,1.9559415241004843,0.890625,0.9765625,0.33898309487873757,1.0,0.9344244154259329,0.42176538526663404,0.9279416992784035,8.152990528540235,0.15299052854023465,1.0191238160675293,,self-report; not geometry-derived layer count or success,0.9309136380438517,0.08092457382067086,0.5023884759558889,0.6357280357746309,8.008222753191694,0.008222753191693855,"GT source-group affine fits evaluated at x=y=0; may extrapolate, not physical layer count"
dual_g8_s912101_b4,3,soft_M_map_b3,8.0,912101,768,0.9856770833333334,4,4.094567624003065,/srv/slam-research/grf/map-denoise/runs/multiscan-pilot-v1/decision-v7-nk7sm4yf/outputs/dual_g8_s912101_b4__soft_M_map_b3.npz,479766abcd88700808e83b12de81abe547d50216526eb7fde2445fe275ffa15e,exposed development post-decision ablation,True,True,0.4280656611009226,0.7288254737971595,1.073736111092445,0.9518229166666666,0.9869791666666666,0.38665093542937923,1.0,0.8170740463475039,0.44509727441357055,0.8155017158309517,8.051157664169587,0.05115766416958678,1.0063947080211983,,self-report; not geometry-derived layer count or success,0.8159731284041123,0.04240107235777148,0.27492800700007197,0.34801689944314146,7.943717811221596,0.05628218877840396,"GT source-group affine fits evaluated at x=y=0; may extrapolate, not physical layer count"
dual_g8_s912101_b4,6,soft_M_map_b6,8.0,912101,768,0.9856770833333334,4,4.071484126422737,/srv/slam-research/grf/map-denoise/runs/multiscan-pilot-v1/decision-v7-nk7sm4yf/outputs/dual_g8_s912101_b4__soft_M_map_b6.npz,e0b0a060e3f2b7a0e65e93d6d55d3843187f90578c531508c2eb82afa68c277a,exposed development post-decision ablation,True,True,0.4175501985922632,0.7693724932694567,1.5300028874305023,0.9361979166666666,0.9830729166666666,0.3543656186369937,1.0,0.8534374855419264,0.4345818120113594,0.8527458374909079,8.064252070779839,0.06425207077983863,1.0080315088474798,,self-report; not geometry-derived layer count or success,0.8533980889856146,0.008200209986766762,0.2736658675426709,0.2786018966202679,7.910909401066233,0.08909059893376714,"GT source-group affine fits evaluated at x=y=0; may extrapolate, not physical layer count"
dual_g8_s912113_b0,1,soft_M_map_b1,8.0,912113,768,0.9778645833333334,4,0.8258962568337853,/srv/slam-research/grf/map-denoise/runs/multiscan-pilot-v1/decision-v7-nk7sm4yf/outputs/dual_g8_s912113_b0__soft_M_map_b1.npz,732888c20490f9eb6a911701700036eea22a68c13a5bf17c179914473e00aa2d,exposed development post-decision ablation,True,True,0.40136291599046575,0.6891415520463756,1.4207301274760757,0.9010416666666666,0.9869791666666666,0.3659494334235691,1.0,0.6946547262495377,0.40231314973240756,0.6940986317475628,8.04851884866502,0.04851884866502054,1.0060648560831276,,self-report; not geometry-derived layer count or success,0.6945040339274883,0.014468433200124193,0.41279033926597086,0.43667474399784506,7.656999127945804,0.34300087205419594,"GT source-group affine fits evaluated at x=y=0; may extrapolate, not physical layer count"
dual_g8_s912113_b0,3,soft_M_map_b3,8.0,912113,768,0.9778645833333334,4,0.8218005286313723,/srv/slam-research/grf/map-denoise/runs/multiscan-pilot-v1/decision-v7-nk7sm4yf/outputs/dual_g8_s912113_b0__soft_M_map_b3.npz,b3c296202ce4537191c8514ec8ec82d0394356bfafebcec7c442bfb2cd780ae3,exposed development post-decision ablation,True,True,0.35599671744352296,0.6117447417073761,1.4984020341379525,0.94140625,0.98828125,0.3327953735871945,1.0,0.6117667852305856,0.355996717443523,0.6109659736017002,7.935323744456949,0.06467625554305112,0.9919154680571186,,self-report; not geometry-derived layer count or success,0.6117665783574938,0.0005031064795713522,0.3215012140731904,0.3380774752872386,7.5967960094972,0.4032039905028002,"GT source-group affine fits evaluated at x=y=0; may extrapolate, not physical layer count"
dual_g8_s912113_b0,6,soft_M_map_b6,8.0,912113,768,0.9778645833333334,4,0.798610105268678,/srv/slam-research/grf/map-denoise/runs/multiscan-pilot-v1/decision-v7-nk7sm4yf/outputs/dual_g8_s912113_b0__soft_M_map_b6.npz,2a6dfc540bfe6d204f2da9e5104ae13e2a5a3d4b57a33aab0c8e2c6a3924f93a,exposed development post-decision ablation,True,True,0.378566336986073,0.6569872018021695,1.5502699587522433,0.9231770833333334,0.9856770833333334,0.3424465488828918,1.0,0.6570065853170654,0.37856633698607317,0.6552730383291882,7.918163738172733,0.08183626182726744,0.9897704672715916,,self-report; not geometry-derived layer count or success,0.6564543765200089,0.026931481535864884,0.4131767496299683,0.6870875550231637,7.3537037744793246,0.6462962255206754,"GT source-group affine fits evaluated at x=y=0; may extrapolate, not physical layer count"
dual_g8_s912113_b4,1,soft_M_map_b1,8.0,912113,768,0.9713541666666666,4,3.994845410653194,/srv/slam-research/grf/map-denoise/runs/multiscan-pilot-v1/decision-v7-nk7sm4yf/outputs/dual_g8_s912113_b4__soft_M_map_b1.npz,f41a6ab64ef102f244e04036a08c59f35b9de80f3f7b6d489eb475aee0b43a94,exposed development post-decision ablation,True,True,0.45545736609470394,0.8923517893546216,1.469545541865655,0.8880208333333334,0.9817708333333334,0.3862271534125643,1.0,1.0018961988177635,0.4813157359974602,0.9995056904832178,8.1049597871451,0.10495978714510024,1.0131199733931375,,self-report; not geometry-derived layer count or success,1.0010773936202386,0.04049747137776893,0.3127958306498942,0.32512109271119977,7.804980257701622,0.1950197422983777,"GT source-group affine fits evaluated at x=y=0; may extrapolate, not physical layer count"
dual_g8_s912113_b4,3,soft_M_map_b3,8.0,912113,768,0.9713541666666666,4,4.004333122888736,/srv/slam-research/grf/map-denoise/runs/multiscan-pilot-v1/decision-v7-nk7sm4yf/outputs/dual_g8_s912113_b4__soft_M_map_b3.npz,9bc442fdd3374c2d9cf01022399f096cc5507c69c122d9f7b415b7451413bd4d,exposed development post-decision ablation,True,True,0.41612393443406487,0.8454523225265199,1.708565627374301,0.9283854166666666,0.9817708333333334,0.3523392401974384,1.0,0.9563667247650979,0.44102485114813006,0.9553252897706073,7.990757321980155,0.00924267801984513,0.9988446652475194,,self-report; not geometry-derived layer count or success,0.9556704947835192,0.036485855316055735,0.2515421746303816,0.36529193283252614,7.679731170027365,0.32026882997263506,"GT source-group affine fits evaluated at x=y=0; may extrapolate, not physical layer count"
dual_g8_s912113_b4,6,soft_M_map_b6,8.0,912113,768,0.9713541666666666,4,3.9839527563318478,/srv/slam-research/grf/map-denoise/runs/multiscan-pilot-v1/decision-v7-nk7sm4yf/outputs/dual_g8_s912113_b4__soft_M_map_b6.npz,a0c43a1815762d09b9db58267f7c5ab2a17a975e2de78cd63ea21208d35efcdf,exposed development post-decision ablation,True,True,0.4403760065060777,0.8802132545838017,1.7851565123115838,0.9114583333333334,0.9791666666666666,0.36762284308451987,1.0,0.987226698632955,0.46527692322014297,0.9867964774464418,7.9771983125370385,0.022801687462961517,0.9971497890671298,,self-report; not geometry-derived layer count or success,0.9871775081685547,0.009855042356407792,0.3209809099695556,0.6976998265454178,7.455823764225866,0.5441762357741338,"GT source-group affine fits evaluated at x=y=0; may extrapolate, not physical layer count"
dual_g8_s912127_b0,1,soft_M_map_b1,8.0,912127,768,0.9908854166666666,3,0.9085368585532431,/srv/slam-research/grf/map-denoise/runs/multiscan-pilot-v1/decision-v7-nk7sm4yf/outputs/dual_g8_s912127_b0__soft_M_map_b1.npz,ef4638c7fc67b510e7505d63f77374d5b23b39ab17726e0637771e8997a5fe53,exposed development post-decision ablation,True,True,0.24495452996919068,0.5451621967399218,1.190157391584537,0.9505208333333334,0.99609375,0.21169225495655916,1.0,0.560818215422057,0.24711771030746985,0.5599556658086554,7.976724763153633,0.023275236846367342,0.9970905953942041,,self-report; not geometry-derived layer count or success,0.5600768092124201,0.028827738926510967,0.19062067594951046,0.3873863578544491,8.111715406952168,0.1117154069521682,"GT source-group affine fits evaluated at x=y=0; may extrapolate, not physical layer count"
dual_g8_s912127_b0,3,soft_M_map_b3,8.0,912127,768,0.9908854166666666,3,0.8942038998089672,/srv/slam-research/grf/map-denoise/runs/multiscan-pilot-v1/decision-v7-nk7sm4yf/outputs/dual_g8_s912127_b0__soft_M_map_b3.npz,73e58f1ee1ecbd340c9b8453966350ae4f030303e1e25635061bb84122dc3a5e,exposed development post-decision ablation,True,True,0.29141586042413714,0.6155142207932126,1.259159154643219,0.93359375,0.9895833333333334,0.25891597530298766,1.0,0.6224121177489503,0.29248205892783674,0.6220879185958987,7.969332085239836,0.03066791476016384,0.9961665106549795,,self-report; not geometry-derived layer count or success,0.6222711777008235,0.013244837619370417,0.19926405685219037,0.3834921649599833,7.859609512855041,0.14039048714495905,"GT source-group affine fits evaluated at x=y=0; may extrapolate, not physical layer count"
dual_g8_s912127_b0,6,soft_M_map_b6,8.0,912127,768,0.9908854166666666,3,0.8388667849659647,/srv/slam-research/grf/map-denoise/runs/multiscan-pilot-v1/decision-v7-nk7sm4yf/outputs/dual_g8_s912127_b0__soft_M_map_b6.npz,e5f847ecca33b1e23579017b21ec31e7ce8303710258f458972cb8669b806f00,exposed development post-decision ablation,True,True,0.3847718073904686,0.6715137580441962,1.6323767444233017,0.9114583333333334,0.9895833333333334,0.34911131628948605,1.0,0.686914896723618,0.38738593079788325,0.6855892160488116,7.929125068974747,0.07087493102525322,0.9911406336218433,,self-report; not geometry-derived layer count or success,0.6864460222626594,0.025375851918533098,0.13345248803280652,0.2606950116780733,7.860068100672437,0.13993189932756334,"GT source-group affine fits evaluated at x=y=0; may extrapolate, not physical layer count"
dual_g8_s912127_b4,1,soft_M_map_b1,8.0,912127,768,0.9895833333333334,3,4.083111155121022,/srv/slam-research/grf/map-denoise/runs/multiscan-pilot-v1/decision-v7-nk7sm4yf/outputs/dual_g8_s912127_b4__soft_M_map_b1.npz,995e1c7de7a12e64e9fd04bcb27fca0ce1c87d690e96a095c0c761a6a56aef5a,exposed development post-decision ablation,True,True,0.2596501356446592,0.5794293157008535,1.2998972630792582,0.94140625,0.9908854166666666,0.23072269565075113,1.0,0.7512231112291512,0.28820010419233527,0.7490042477638225,7.945531948462475,0.05446805153752532,0.9931914935578093,,self-report; not geometry-derived layer count or success,0.749596421864383,0.04941019300629706,0.24045513941804028,0.38772691897910044,8.05674661474748,0.056746614747479995,"GT source-group affine fits evaluated at x=y=0; may extrapolate, not physical layer count"
dual_g8_s912127_b4,3,soft_M_map_b3,8.0,912127,768,0.9895833333333334,3,4.077081850042987,/srv/slam-research/grf/map-denoise/runs/multiscan-pilot-v1/decision-v7-nk7sm4yf/outputs/dual_g8_s912127_b4__soft_M_map_b3.npz,aac944b039b56e845e27d457ca6da54f6528e98053091181c3a949195f0eb06a,exposed development post-decision ablation,True,True,0.2952540599208824,0.6232496480395049,1.2509854567207337,0.9361979166666666,0.984375,0.2690260121342605,1.0,0.7791984877458482,0.3225681426105715,0.7768485435181466,7.917870472928495,0.08212952707150478,0.9897338091160619,,self-report; not geometry-derived layer count or success,0.7779836017527821,0.043494812439935915,0.23318117559778231,0.35910399812988836,7.812266273831567,0.18773372616843265,"GT source-group affine fits evaluated at x=y=0; may extrapolate, not physical layer count"
dual_g8_s912127_b4,6,soft_M_map_b6,8.0,912127,768,0.9895833333333334,3,4.044698618209899,/srv/slam-research/grf/map-denoise/runs/multiscan-pilot-v1/decision-v7-nk7sm4yf/outputs/dual_g8_s912127_b4__soft_M_map_b6.npz,611eab598e21d52eddaa72e42028cba483d7cfc4f499e7e508c4572014e65ec4,exposed development post-decision ablation,True,True,0.3847139319402462,0.6733973967699239,1.7237217627013333,0.9114583333333334,0.9856770833333334,0.3540235869229374,1.0,0.8142523969228752,0.41088249929094706,0.8105069973556501,7.880657728570514,0.11934227142948561,0.9850822160713143,,self-report; not geometry-derived layer count or success,0.8126655962034575,0.0508093952131547,0.20293604757087,0.23246548139309367,7.831473314747989,0.16852668525201064,"GT source-group affine fits evaluated at x=y=0; may extrapolate, not physical layer count"
ghost_s912101_b0,1,soft_M_map_b1,0.0,912101,768,1.0,1,1.0205549918394854,/srv/slam-research/grf/map-denoise/runs/multiscan-pilot-v1/decision-v7-nk7sm4yf/outputs/ghost_s912101_b0__soft_M_map_b1.npz,7991cb878cce727e75a0c4b5c43ca4c083700d1264c0ac342e3914a88ed55443,exposed development post-decision ablation,True,True,0.04259948388323872,0.05092123794141833,0.08767595216657237,1.0,1.0,0.04375386721030452,1.0,0.05140573428547497,0.04259948388323872,0.02831594544809564,,,,,self-report; not geometry-derived layer count or success,0.029178242074457166,0.04232233106615504,0.06254876399133667,0.06254876399133667,,,
ghost_s912101_b0,3,soft_M_map_b3,0.0,912101,768,1.0,1,1.0205549918394854,/srv/slam-research/grf/map-denoise/runs/multiscan-pilot-v1/decision-v7-nk7sm4yf/outputs/ghost_s912101_b0__soft_M_map_b3.npz,19f55bf905d8a0b18b37a5a361ad5dbfeeeaaa01535ead1db173eeea883644cb,exposed development post-decision ablation,True,True,0.04259948388323872,0.05092123794141833,0.08767595216657237,1.0,1.0,0.04375386721030452,1.0,0.05140573428547497,0.04259948388323872,0.02831594544809564,,,,,self-report; not geometry-derived layer count or success,0.029178242074457166,0.04232233106615504,0.06254876399133667,0.06254876399133667,,,
ghost_s912101_b0,6,soft_M_map_b6,0.0,912101,768,1.0,1,1.0205549918394854,/srv/slam-research/grf/map-denoise/runs/multiscan-pilot-v1/decision-v7-nk7sm4yf/outputs/ghost_s912101_b0__soft_M_map_b6.npz,3d84ca8969357d7bcd68b08403d4031758333b47fc2ecfdb47fb1e4fe4f4c261,exposed development post-decision ablation,True,True,0.04259948388323872,0.05092123794141833,0.08767595216657237,1.0,1.0,0.04375386721030452,1.0,0.05140573428547497,0.04259948388323872,0.02831594544809564,,,,,self-report; not geometry-derived layer count or success,0.029178242074457166,0.04232233106615504,0.06254876399133667,0.06254876399133667,,,
ghost_s912101_b4,1,soft_M_map_b1,0.0,912101,768,1.0,1,4.143634098889613,/srv/slam-research/grf/map-denoise/runs/multiscan-pilot-v1/decision-v7-nk7sm4yf/outputs/ghost_s912101_b4__soft_M_map_b1.npz,1ccbca302c46c33c4ebc81c5e11151016fb825bf765723c07096ac6948eb834d,exposed development post-decision ablation,True,True,0.04257531671846112,0.050895206818527085,0.08765162514256844,1.0,1.0,0.05343454331016558,1.0,0.05837466548714793,0.04257531671846112,0.028306959828187695,,,,,self-report; not geometry-derived layer count or success,0.04023137417844613,0.04229702238279036,0.06252571361966541,0.06252571361966541,,,
ghost_s912101_b4,3,soft_M_map_b3,0.0,912101,768,1.0,1,4.143634098889613,/srv/slam-research/grf/map-denoise/runs/multiscan-pilot-v1/decision-v7-nk7sm4yf/outputs/ghost_s912101_b4__soft_M_map_b3.npz,a405b6f387103355cf725d597148f02bd2caee3fedfe3d7e3dc268a747c9c9e3,exposed development post-decision ablation,True,True,0.04257531671846112,0.050895206818527085,0.08765162514256844,1.0,1.0,0.05343454331016558,1.0,0.05837466548714793,0.04257531671846112,0.028306959828187695,,,,,self-report; not geometry-derived layer count or success,0.04023137417844613,0.04229702238279036,0.06252571361966541,0.06252571361966541,,,
ghost_s912101_b4,6,soft_M_map_b6,0.0,912101,768,1.0,1,4.143634098889613,/srv/slam-research/grf/map-denoise/runs/multiscan-pilot-v1/decision-v7-nk7sm4yf/outputs/ghost_s912101_b4__soft_M_map_b6.npz,820496448d14190aad00b8b87caa9e0c79d870a5f30cb8a8af9ecc204368e529,exposed development post-decision ablation,True,True,0.04257531671846112,0.050895206818527085,0.08765162514256844,1.0,1.0,0.05343454331016558,1.0,0.05837466548714793,0.04257531671846112,0.028306959828187695,,,,,self-report; not geometry-derived layer count or success,0.04023137417844613,0.04229702238279036,0.06252571361966541,0.06252571361966541,,,
ghost_s912113_b0,1,soft_M_map_b1,0.0,912113,768,1.0,2,0.9096155142226117,/srv/slam-research/grf/map-denoise/runs/multiscan-pilot-v1/decision-v7-nk7sm4yf/outputs/ghost_s912113_b0__soft_M_map_b1.npz,c8ba1c302899e3ae2175c792504d86281b5b73bf264bf06c83cc6e410de45d8f,exposed development post-decision ablation,True,True,0.17330423995248864,0.22116341226627798,0.4212771642220592,1.0,1.0,0.17281366797503991,1.0,0.22117774807016272,0.17330423995248864,0.22108870668137523,,,,,self-report; not geometry-derived layer count or success,0.22110304592177868,0.005747984472856069,0.08561723454072147,0.08561723454072147,,,
ghost_s912113_b0,3,soft_M_map_b3,0.0,912113,768,1.0,2,0.8950975423091615,/srv/slam-research/grf/map-denoise/runs/multiscan-pilot-v1/decision-v7-nk7sm4yf/outputs/ghost_s912113_b0__soft_M_map_b3.npz,282b86e8ebbbb26c138599947f0b48f416e180a4ae2f247a72641800b6be60ce,exposed development post-decision ablation,True,True,0.21008168343775493,0.26594310161425533,0.5274480874412565,1.0,1.0,0.20989389523870106,1.0,0.2659546461444512,0.21008168343775493,0.26572399353427095,,,,,self-report; not geometry-derived layer count or success,0.2657355473565624,0.010793177332389721,0.08704656656473213,0.08704656656473213,,,
ghost_s912113_b0,6,soft_M_map_b6,0.0,912113,768,1.0,2,0.8777586946698791,/srv/slam-research/grf/map-denoise/runs/multiscan-pilot-v1/decision-v7-nk7sm4yf/outputs/ghost_s912113_b0__soft_M_map_b6.npz,4f447a5e548ce8cbead745de2f7169ab8c3f1a31406ef72621dd044a5a4b716c,exposed development post-decision ablation,True,True,0.2528118325592921,0.32016333043533235,0.6474844931813114,1.0,1.0,0.252558425474864,1.0,0.32017255203208356,0.2528118325592921,0.32012003310547194,,,,,self-report; not geometry-derived layer count or success,0.3201292548705985,0.005265287336185868,0.08310378825836945,0.08310378825836945,,,
ghost_s912113_b4,1,soft_M_map_b1,0.0,912113,768,1.0,2,4.101162935308724,/srv/slam-research/grf/map-denoise/runs/multiscan-pilot-v1/decision-v7-nk7sm4yf/outputs/ghost_s912113_b4__soft_M_map_b1.npz,eb3e1fa738ce1d32d3895eb7b0f6329b9f535d138a1430e9982336e80a674d6d,exposed development post-decision ablation,True,True,0.17329075066305602,0.2211423532161245,0.42113661726720614,1.0,1.0,0.17371993010645384,1.0,0.221433619289597,0.17329075066305602,0.22106755253130814,,,,,self-report; not geometry-derived layer count or success,0.2213589156236882,0.00575136728048786,0.08560765949615141,0.08560765949615141,,,
ghost_s912113_b4,3,soft_M_map_b3,0.0,912113,768,1.0,2,4.10013093569843,/srv/slam-research/grf/map-denoise/runs/multiscan-pilot-v1/decision-v7-nk7sm4yf/outputs/ghost_s912113_b4__soft_M_map_b3.npz,3cda11bc5a5f6d9476d2159a6ce9a3cec09b068c698cabe6c5ed419a3e3a6424,exposed development post-decision ablation,True,True,0.21007589933106088,0.2659354800075705,0.5274198210154555,1.0,1.0,0.2106541411240378,1.0,0.2661776136817595,0.21007589933106088,0.2657163664539294,,,,,self-report; not geometry-derived layer count or success,0.26595869938661004,0.010793157364682254,0.08703799294087856,0.08703799294087856,,,
ghost_s912113_b4,6,soft_M_map_b6,0.0,912113,768,1.0,2,4.100394470676506,/srv/slam-research/grf/map-denoise/runs/multiscan-pilot-v1/decision-v7-nk7sm4yf/outputs/ghost_s912113_b4__soft_M_map_b6.npz,32ff3f3149ad5c5c8ef034575c8d406ce3722d8d7bdb19a6b002d164a4aa19dc,exposed development post-decision ablation,True,True,0.2528082239317035,0.32015877646645585,0.6474657973398653,1.0,1.0,0.2532584490058207,1.0,0.32035995569067877,0.2528082239317035,0.32011547674851154,,,,,self-report; not geometry-derived layer count or success,0.3203166820895235,0.00526539507470858,0.08309443344481214,0.08309443344481214,,,
ghost_s912127_b0,1,soft_M_map_b1,0.0,912127,768,1.0,2,0.9246769391528328,/srv/slam-research/grf/map-denoise/runs/multiscan-pilot-v1/decision-v7-nk7sm4yf/outputs/ghost_s912127_b0__soft_M_map_b1.npz,26a4fe82bf9e351712ba9081a62958859f170722acc9028fcb46f249cee1cde6,exposed development post-decision ablation,True,True,0.1499027487896425,0.2696062019332184,0.7407338206328384,0.9817708333333334,1.0,0.14991461975513748,1.0,0.2696187974468654,0.1499027487896425,0.26632327002321043,,,,,self-report; not geometry-derived layer count or success,0.26633601300672555,0.041945489773933614,0.06408113442633438,0.06408113442633438,,,
ghost_s912127_b0,3,soft_M_map_b3,0.0,912127,768,1.0,2,0.9444562967057829,/srv/slam-research/grf/map-denoise/runs/multiscan-pilot-v1/decision-v7-nk7sm4yf/outputs/ghost_s912127_b0__soft_M_map_b3.npz,c2fc723fa8d90357b0b674de2215b77df3cef2509ba1f38d12f0485af26eafb8,exposed development post-decision ablation,True,True,0.09817346699922151,0.1386986366142225,0.3273321678784813,1.0,1.0,0.09807842407130633,1.0,0.13872417699740602,0.09817346699922151,0.1373093405213684,,,,,self-report; not geometry-derived layer count or success,0.13733513926704022,0.019582053163810387,0.0390777576533363,0.0390777576533363,,,
ghost_s912127_b0,6,soft_M_map_b6,0.0,912127,768,1.0,2,0.9637463220224186,/srv/slam-research/grf/map-denoise/runs/multiscan-pilot-v1/decision-v7-nk7sm4yf/outputs/ghost_s912127_b0__soft_M_map_b6.npz,a551e843a4fd1ea04c7d864af9df0a766cc2a81f68c2f0b55d9cbf8a3ef24c86,exposed development post-decision ablation,True,True,0.06047711180764879,0.08722751030660073,0.19478034804973451,1.0,1.0,0.06061131550400491,1.0,0.08726979104860715,0.06047711180764879,0.08504426802382425,,,,,self-report; not geometry-derived layer count or success,0.08508763363957438,0.01939358221900026,0.03900173532221209,0.03900173532221209,,,
ghost_s912127_b4,1,soft_M_map_b1,0.0,912127,768,1.0,2,4.06108304138537,/srv/slam-research/grf/map-denoise/runs/multiscan-pilot-v1/decision-v7-nk7sm4yf/outputs/ghost_s912127_b4__soft_M_map_b1.npz,bb424c0358c1bae06609f97285df41d52c0893246831ed174992c961fa0adff8,exposed development post-decision ablation,True,True,0.14988885605904403,0.2695784710323933,0.7406822801275984,0.9817708333333334,1.0,0.15118430643497652,1.0,0.2698213437850699,0.14988885605904403,0.26629591755453413,,,,,self-report; not geometry-derived layer count or success,0.26654177360840353,0.041940916581155396,0.0640732132319239,0.0640732132319239,,,
ghost_s912127_b4,3,soft_M_map_b3,0.0,912127,768,1.0,2,4.074731830546947,/srv/slam-research/grf/map-denoise/runs/multiscan-pilot-v1/decision-v7-nk7sm4yf/outputs/ghost_s912127_b4__soft_M_map_b3.npz,c969564a41f45a4af6752b472d3f34876e47763a2013f615b6f153fbd4380131,exposed development post-decision ablation,True,True,0.09816719302978745,0.13868587937400725,0.32734743124493115,1.0,1.0,0.09966119480983288,1.0,0.13916055734817748,0.09816719302978745,0.137296543651331,,,,,self-report; not geometry-derived layer count or success,0.13777600836299886,0.019581425918820512,0.039069770120606084,0.039069770120606084,,,
ghost_s912127_b4,6,soft_M_map_b6,0.0,912127,768,1.0,2,4.0814376804210735,/srv/slam-research/grf/map-denoise/runs/multiscan-pilot-v1/decision-v7-nk7sm4yf/outputs/ghost_s912127_b4__soft_M_map_b6.npz,8977a073da50094b1e5025ba91e141915305a7470188f97a0d9da77bd758c213,exposed development post-decision ablation,True,True,0.06047751689342499,0.08722786727405529,0.19480198050104522,1.0,1.0,0.0630595820087328,1.0,0.0879830828569461,0.06047751689342499,0.08504465555196297,,,,,self-report; not geometry-derived layer count or success,0.08581908573900952,0.019393488389992622,0.03899358076106539,0.03899358076106539,,,
