case,patch,mode,cell,n_points,n_scans,selected_k,sigma_mm,residual_median_mm,residual_cell_threshold_mm,residual_cell_fail,slope_norm,slope_threshold,slope_cell_fail,fit_ok,abs_residual_min_mm,abs_residual_p95_mm,abs_residual_max_mm,confidence_min,confidence_median,point_residual_pass_count,point_confidence_pass_count,raw_point_both_pass_count,accepted_count,graph_rejection_count,reason
da_junction__zero,da_junction,zero,1,41,2,2,2.0,36.462097492264505,5.0,True,0.4993591527274336,0.25,True,False,0.5402527230037464,74.08764772145088,90.4969386555823,1.0,1.0,4,41,4,0,41,cell median residual > 5 mm and cell slope > 0.25
da_junction__zero,da_junction,zero,2,473,2,2,2.0,35.78553929185415,5.0,True,0.7613960979061509,0.25,True,False,0.015780830707967652,70.53797214809585,87.7917995631511,0.999999561136843,1.0,62,473,62,0,473,cell median residual > 5 mm and cell slope > 0.25
da_junction__zero,da_junction,zero,3,744,2,2,2.0,31.677088452244696,5.0,True,0.4581809461029987,0.25,True,False,0.008613442685131645,71.77517382010755,92.21202146547216,0.9872384587313899,1.0,96,744,96,0,744,cell median residual > 5 mm and cell slope > 0.25
da_junction__zero,da_junction,zero,4,310,2,2,2.0,33.2674332838092,5.0,True,0.5024437532923096,0.25,True,False,0.31168618610901433,74.0444813020479,96.22384155614745,0.9999999999954525,1.0,31,310,31,0,310,cell median residual > 5 mm and cell slope > 0.25
da_junction__normal_translation,da_junction,normal_translation,1,41,2,2,2.0,36.57336903223806,5.0,True,0.4590092092770934,0.25,True,False,0.47731229657124175,74.06089025748983,90.37917623022686,1.0,1.0,4,41,4,0,41,cell median residual > 5 mm and cell slope > 0.25
da_junction__normal_translation,da_junction,normal_translation,2,473,2,2,2.0,36.00896935877424,5.0,True,0.9032008142137707,0.25,True,False,0.0024842001120362056,70.35732418704302,85.37167074473057,1.0,1.0,63,473,63,0,473,cell median residual > 5 mm and cell slope > 0.25
da_junction__normal_translation,da_junction,normal_translation,3,744,2,2,2.0,31.721318302701114,5.0,True,0.17368088027390485,0.25,False,False,0.014619370280968269,72.14680848593586,93.53150003702092,0.9999999997503437,1.0,98,744,98,0,744,cell median residual > 5 mm
da_junction__normal_translation,da_junction,normal_translation,4,310,2,2,2.0,33.13231278619398,5.0,True,0.6633487736892602,0.25,True,False,0.0177872276918265,73.07205806404984,95.78120431068047,0.999999999986585,1.0,32,310,32,0,310,cell median residual > 5 mm and cell slope > 0.25
da_thin__zero,da_thin,zero,0,140,2,2,2.0,18.958270462252436,5.0,True,59.9623926537702,0.25,True,False,0.05393010553960664,49.292280696197075,62.755636435149796,0.9999999982499332,1.0,28,140,28,0,140,cell median residual > 5 mm and cell slope > 0.25
da_thin__zero,da_thin,zero,2,175,2,2,2.0,19.60887587089414,5.0,True,66.25185680425396,0.25,True,False,0.8036728558055373,52.66785103920727,89.65468787709749,0.9775054505895385,1.0,36,175,36,0,175,cell median residual > 5 mm and cell slope > 0.25
da_thin__zero,da_thin,zero,3,331,2,2,2.0,20.664205829016417,5.0,True,85.62104138748711,0.25,True,False,0.08563849080260866,52.07913328799512,103.26660844099655,0.9999679183473187,1.0,72,331,72,0,331,cell median residual > 5 mm and cell slope > 0.25
da_thin__zero,da_thin,zero,4,397,2,2,2.0,26.923497174973377,5.0,True,69.20127894584847,0.25,True,False,0.1279953886400449,66.48228272337586,103.8978181410343,0.9999968763090594,1.0,65,397,65,0,397,cell median residual > 5 mm and cell slope > 0.25
da_thin__zero,da_thin,zero,5,384,2,2,2.0,26.83747292378028,5.0,True,49.06853037791959,0.25,True,False,0.07596285864720187,62.92590813272217,124.90664813136866,0.9998310541861554,1.0,49,384,49,0,384,cell median residual > 5 mm and cell slope > 0.25
da_thin__normal_translation,da_thin,normal_translation,0,140,2,2,2.0,18.435832065704354,5.0,True,58.021393042609816,0.25,True,False,0.16715398030653716,48.15037329957094,60.37487116608112,0.9999979725938974,1.0,28,140,28,0,140,cell median residual > 5 mm and cell slope > 0.25
da_thin__normal_translation,da_thin,normal_translation,2,175,2,2,2.0,18.838638439890886,5.0,True,64.56179709128376,0.25,True,False,0.8983347137263706,51.92331182849599,87.13809469939169,0.9883535998375016,1.0,36,175,36,0,175,cell median residual > 5 mm and cell slope > 0.25
da_thin__normal_translation,da_thin,normal_translation,3,331,2,2,2.0,18.78615943800287,5.0,True,84.66310470188479,0.25,True,False,0.07563072088386846,51.345860965249514,102.67813761299031,0.9998789601007129,1.0,73,331,73,0,331,cell median residual > 5 mm and cell slope > 0.25
da_thin__normal_translation,da_thin,normal_translation,4,397,2,2,2.0,26.5994150384968,5.0,True,68.36703510525055,0.25,True,False,0.01591047298072823,64.49137969291817,101.4306673707951,1.0,1.0,64,397,64,0,397,cell median residual > 5 mm and cell slope > 0.25
da_thin__normal_translation,da_thin,normal_translation,5,384,2,2,2.0,25.480895444242186,5.0,True,48.769784313701216,0.25,True,False,0.1625995202015389,61.0164089163638,122.87586135634444,0.9128894582118291,1.0,47,384,47,0,384,cell median residual > 5 mm and cell slope > 0.25
da_wall__zero,da_wall,zero,0,672,2,2,2.0,33.835460580034734,5.0,True,0.5843070288036537,0.25,True,False,0.01509742479389331,71.22106306178726,84.29247691457502,0.9999998488311918,1.0,77,672,77,0,672,cell median residual > 5 mm and cell slope > 0.25
da_wall__zero,da_wall,zero,1,32,2,2,2.0,25.694498611653323,5.0,True,0.2147033851929997,0.25,False,False,0.9999309952404332,44.4990713834057,56.316507352391525,1.0,1.0,4,32,4,0,32,cell median residual > 5 mm
da_wall__zero,da_wall,zero,2,81,2,2,2.0,35.80828291388058,5.0,True,0.39409764479291154,0.25,True,False,1.3208534988998224,76.6767005710209,86.39943264095452,1.0,1.0,7,81,7,0,81,cell median residual > 5 mm and cell slope > 0.25
da_wall__zero,da_wall,zero,3,61,2,2,2.0,34.66839462996552,5.0,True,0.033024562512150746,0.25,False,False,0.42585557409823593,67.23967104050519,71.04230084792493,1.0,1.0,8,61,8,0,61,cell median residual > 5 mm
da_wall__zero,da_wall,zero,4,145,2,2,2.0,35.292328174685835,5.0,True,0.4281100473309524,0.25,True,False,0.27930049208231367,71.64615181242283,85.75564541023151,1.0,1.0,19,145,19,0,145,cell median residual > 5 mm and cell slope > 0.25
da_wall__zero,da_wall,zero,5,393,2,2,2.0,38.39511574945693,5.0,True,1.5083713681451012,0.25,True,False,0.22974279193897473,71.15115132815522,74.81862291252648,1.0,1.0,41,393,41,0,393,cell median residual > 5 mm and cell slope > 0.25
da_wall__zero,da_wall,zero,6,190,2,2,2.0,27.346971354264102,5.0,True,0.5129536039282854,0.25,True,False,0.027199422190136602,67.76760490470667,89.838234236072,0.9999998642869151,1.0,29,190,29,0,190,cell median residual > 5 mm and cell slope > 0.25
da_wall__zero,da_wall,zero,7,26,2,2,2.0,22.49474705031794,5.0,True,0.2499415320395167,0.25,False,False,0.9201166280792421,56.391369183579535,104.0043934408056,1.0,1.0,3,26,3,0,26,cell median residual > 5 mm
da_wall__normal_translation,da_wall,normal_translation,0,672,2,2,2.0,33.83568221948654,5.0,True,0.5326526554406302,0.25,True,False,0.02284673171173779,71.2296360807896,84.30564465481426,0.9999998991744457,1.0,77,672,77,0,672,cell median residual > 5 mm and cell slope > 0.25
da_wall__normal_translation,da_wall,normal_translation,1,32,2,2,2.0,25.692080011455577,5.0,True,0.21512342505031062,0.25,False,False,0.9929439861256526,44.503190318783005,56.33935066574847,1.0,1.0,4,32,4,0,32,cell median residual > 5 mm
da_wall__normal_translation,da_wall,normal_translation,2,81,2,2,2.0,35.77058229418456,5.0,True,0.3869172877018773,0.25,True,False,1.4018436520766784,76.64498622428346,86.36508245303921,1.0,1.0,7,81,7,0,81,cell median residual > 5 mm and cell slope > 0.25
da_wall__normal_translation,da_wall,normal_translation,3,61,2,2,2.0,34.652413623277155,5.0,True,0.03387251118850892,0.25,False,False,0.4045298856628534,67.12736513223508,71.06792107117809,1.0,1.0,8,61,8,0,61,cell median residual > 5 mm
da_wall__normal_translation,da_wall,normal_translation,4,145,2,2,2.0,35.33093621943945,5.0,True,0.41705907213657345,0.25,True,False,0.29822733927404954,71.69192299472752,85.79390005247816,1.0,1.0,19,145,19,0,145,cell median residual > 5 mm and cell slope > 0.25
da_wall__normal_translation,da_wall,normal_translation,5,393,2,2,2.0,38.42198572689536,5.0,True,1.4801853964267266,0.25,True,False,0.18065221833060718,71.1367345727663,74.87214896403444,1.0,1.0,41,393,41,0,393,cell median residual > 5 mm and cell slope > 0.25
da_wall__normal_translation,da_wall,normal_translation,6,190,2,2,2.0,27.354641776615637,5.0,True,0.500150582052947,0.25,True,False,0.02731968627526271,67.77577963933366,89.84590705372207,0.9999998548734189,1.0,29,190,29,0,190,cell median residual > 5 mm and cell slope > 0.25
da_wall__normal_translation,da_wall,normal_translation,7,26,2,2,2.0,22.491030069125898,5.0,True,0.2502250914011037,0.25,True,False,0.9155837184289908,56.36866328750742,103.9469719499362,1.0,1.0,3,26,3,0,26,cell median residual > 5 mm and cell slope > 0.25
