case,method,repeat,position,measured_fit_seconds,measured_freeze_seconds,composed_freeze_plus_fit_seconds,search_seconds,final_fit_seconds,search_work_proxy,residual_pair_evaluations,weighted_fit_row_visits,weighted_design_elements,least_squares_calls,final_fit_row_visits,final_fit_design_elements,fit_rank,fit_parameter_count,compute_target,compute_target_met,bitwise_equal,fingerprint_equal,output_array_sha256,VmHWM_kib,VmRSS_kib,ru_maxrss_kib
ghost_s912101_b0,original_b0_independent,0,0,0.0004488589911488816,0.15777994898962788,0.15822880798077676,0.00011296100274194032,0.00018572399858385324,0,0,0,0,0,768,2304,3,3,,,True,True,7aad42fe17a5872a058707d09a0483568de8c534d2980cea586e1eff53fef708,87416,78848,653620
ghost_s912101_b0,local_multistart_b6_independent,0,1,0.01388719399983529,0.15777994898962788,0.17166714298946317,0.013506028990377672,0.00021214099251665175,10668,6956,3712,11136,44,768,2304,3,3,9984,True,True,True,7aad42fe17a5872a058707d09a0483568de8c534d2980cea586e1eff53fef708,87416,78848,653620
ghost_s912101_b0,reassociate_b6_independent,0,2,0.0018487000052118674,0.15777994898962788,0.15962864899483975,0.0015243050002027303,0.00016623700503259897,9984,5376,4608,13824,6,768,2304,3,3,,,True,True,7aad42fe17a5872a058707d09a0483568de8c534d2980cea586e1eff53fef708,87416,78848,653620
ghost_s912101_b0,local_multistart_b6_independent,1,0,0.013332686998182908,0.15777994898962788,0.1711126359878108,0.012972096999874339,0.0001949279976543039,10668,6956,3712,11136,44,768,2304,3,3,9984,True,True,True,7aad42fe17a5872a058707d09a0483568de8c534d2980cea586e1eff53fef708,87416,78852,653620
ghost_s912101_b0,reassociate_b6_independent,1,1,0.0018192969873780385,0.15777994898962788,0.15959924597700592,0.0014864889963064343,0.00017318400205112994,9984,5376,4608,13824,6,768,2304,3,3,,,True,True,7aad42fe17a5872a058707d09a0483568de8c534d2980cea586e1eff53fef708,87416,78852,653620
ghost_s912101_b0,original_b0_independent,1,2,0.0004521669907262549,0.15777994898962788,0.15823211598035414,0.00011740598711185157,0.00018333700427319854,0,0,0,0,0,768,2304,3,3,,,True,True,7aad42fe17a5872a058707d09a0483568de8c534d2980cea586e1eff53fef708,87416,78852,653620
ghost_s912101_b0,reassociate_b6_independent,2,0,0.0018428570037940517,0.15777994898962788,0.15962280599342193,0.0015181229973677546,0.00017279598978348076,9984,5376,4608,13824,6,768,2304,3,3,,,True,True,7aad42fe17a5872a058707d09a0483568de8c534d2980cea586e1eff53fef708,87416,78852,653620
ghost_s912101_b0,original_b0_independent,2,1,0.00045557199337054044,0.15777994898962788,0.15823552098299842,0.00011446900316514075,0.0001876110036391765,0,0,0,0,0,768,2304,3,3,,,True,True,7aad42fe17a5872a058707d09a0483568de8c534d2980cea586e1eff53fef708,87416,78852,653620
ghost_s912101_b0,local_multistart_b6_independent,2,2,0.013498268992407247,0.15777994898962788,0.17127821798203513,0.013121199008310214,0.00020977399253752083,10668,6956,3712,11136,44,768,2304,3,3,9984,True,True,True,7aad42fe17a5872a058707d09a0483568de8c534d2980cea586e1eff53fef708,87416,78856,653620
ghost_s912101_b4,original_b0_independent,0,0,0.00044785698992200196,0.1989022269990528,0.1993500839889748,0.00011505300062708557,0.00018369400640949607,0,0,0,0,0,768,2304,3,3,,,True,True,a4efa908867c72cd8795b789a4af52eb2cba9e54ca1a6bf10ce1ed29bbaf89b2,87856,79208,653620
ghost_s912101_b4,local_multistart_b6_independent,0,1,0.02358567700139247,0.1989022269990528,0.22248790400044527,0.02302386700466741,0.0003044420009246096,10668,6956,3712,11136,44,768,2304,3,3,9984,True,True,True,a4efa908867c72cd8795b789a4af52eb2cba9e54ca1a6bf10ce1ed29bbaf89b2,87856,79208,653620
ghost_s912101_b4,reassociate_b6_independent,0,2,0.0031672420009272173,0.1989022269990528,0.20206946899998002,0.002646032997290604,0.0002788679994409904,9984,5376,4608,13824,6,768,2304,3,3,,,True,True,a4efa908867c72cd8795b789a4af52eb2cba9e54ca1a6bf10ce1ed29bbaf89b2,87856,79208,653620
ghost_s912101_b4,local_multistart_b6_independent,1,0,0.01597042501089163,0.1989022269990528,0.21487265200994443,0.01559962600003928,0.00020447200222406536,10668,6956,3712,11136,44,768,2304,3,3,9984,True,True,True,a4efa908867c72cd8795b789a4af52eb2cba9e54ca1a6bf10ce1ed29bbaf89b2,87856,79220,653620
ghost_s912101_b4,reassociate_b6_independent,1,1,0.001826747989980504,0.1989022269990528,0.2007289749890333,0.0014876009954605252,0.00018047199409920722,9984,5376,4608,13824,6,768,2304,3,3,,,True,True,a4efa908867c72cd8795b789a4af52eb2cba9e54ca1a6bf10ce1ed29bbaf89b2,87856,79220,653620
ghost_s912101_b4,original_b0_independent,1,2,0.000450870007625781,0.1989022269990528,0.19935309700667858,0.00011203200847376138,0.00018897600239142776,0,0,0,0,0,768,2304,3,3,,,True,True,a4efa908867c72cd8795b789a4af52eb2cba9e54ca1a6bf10ce1ed29bbaf89b2,87856,79220,653620
ghost_s912101_b4,reassociate_b6_independent,2,0,0.0017828440031735227,0.1989022269990528,0.20068507100222632,0.001438207007595338,0.00017533499340061098,9984,5376,4608,13824,6,768,2304,3,3,,,True,True,a4efa908867c72cd8795b789a4af52eb2cba9e54ca1a6bf10ce1ed29bbaf89b2,87856,79220,653620
ghost_s912101_b4,original_b0_independent,2,1,0.00043247200665064156,0.1989022269990528,0.19933469900570344,0.00011240200547035784,0.00017180299619212747,0,0,0,0,0,768,2304,3,3,,,True,True,a4efa908867c72cd8795b789a4af52eb2cba9e54ca1a6bf10ce1ed29bbaf89b2,87856,79220,653620
ghost_s912101_b4,local_multistart_b6_independent,2,2,0.013475735002430156,0.1989022269990528,0.21237796200148296,0.013093585992464796,0.00021396498777903616,10668,6956,3712,11136,44,768,2304,3,3,9984,True,True,True,a4efa908867c72cd8795b789a4af52eb2cba9e54ca1a6bf10ce1ed29bbaf89b2,87856,79224,653620
dual_g2_s912101_b0,original_b0_independent,0,0,0.0005860020028194413,0.1525193729903549,0.15310537499317434,0.00016571000742260367,0.00021698100317735225,0,0,0,0,0,768,6912,9,9,,,True,True,a08208cdef94b79c22db753cbd666b6210f6b7adceee2a44094b493e4b87de55,88028,79332,653620
dual_g2_s912101_b0,local_multistart_b6_independent,0,1,0.020685584997409023,0.1525193729903549,0.17320495798776392,0.020174723002128303,0.0002666200016392395,24028,14318,9710,29130,116,768,9216,12,12,23348,True,True,True,265c2d652d2648f0cd72f13c078cee26fb9efdafc4f2a08ad45a845cf169a8c6,88028,79340,653620
dual_g2_s912101_b0,reassociate_b6_independent,0,2,0.00450288099818863,0.1525193729903549,0.15702225398854353,0.003999792999820784,0.00025423399347346276,23348,12572,10776,32328,18,768,6912,9,9,,,True,True,3a3ebdb6556405a596c37c56ffc49a9304848fd263d6ed6bce637a7fe77b7f3b,88028,79340,653620
dual_g2_s912101_b0,local_multistart_b6_independent,1,0,0.01987435000773985,0.1525193729903549,0.17239372299809474,0.01937580099911429,0.00026344400248490274,24028,14318,9710,29130,116,768,9216,12,12,23348,True,True,True,265c2d652d2648f0cd72f13c078cee26fb9efdafc4f2a08ad45a845cf169a8c6,88028,79344,653620
dual_g2_s912101_b0,reassociate_b6_independent,1,1,0.00419995300762821,0.1525193729903549,0.1567193259979831,0.0037594019959215075,0.00022002600599080324,23348,12572,10776,32328,18,768,6912,9,9,,,True,True,3a3ebdb6556405a596c37c56ffc49a9304848fd263d6ed6bce637a7fe77b7f3b,88028,79344,653620
dual_g2_s912101_b0,original_b0_independent,1,2,0.0005848540022270754,0.1525193729903549,0.15310422699258197,0.00017103699792642146,0.00021361200197134167,0,0,0,0,0,768,6912,9,9,,,True,True,a08208cdef94b79c22db753cbd666b6210f6b7adceee2a44094b493e4b87de55,88028,79344,653620
dual_g2_s912101_b0,reassociate_b6_independent,2,0,0.00418940900999587,0.1525193729903549,0.15670878200035077,0.003732961995410733,0.0002341840008739382,23348,12572,10776,32328,18,768,6912,9,9,,,True,True,3a3ebdb6556405a596c37c56ffc49a9304848fd263d6ed6bce637a7fe77b7f3b,88028,79344,653620
dual_g2_s912101_b0,original_b0_independent,2,1,0.0006079730083001778,0.1525193729903549,0.15312734599865507,0.0001835149887483567,0.00021404099243227392,0,0,0,0,0,768,6912,9,9,,,True,True,a08208cdef94b79c22db753cbd666b6210f6b7adceee2a44094b493e4b87de55,88028,79344,653620
dual_g2_s912101_b0,local_multistart_b6_independent,2,2,0.020148737996350974,0.1525193729903549,0.17266811098670587,0.01962921500671655,0.00026956500369124115,24028,14318,9710,29130,116,768,9216,12,12,23348,True,True,True,265c2d652d2648f0cd72f13c078cee26fb9efdafc4f2a08ad45a845cf169a8c6,88028,79348,653620
dual_g2_s912101_b4,original_b0_independent,0,0,0.000599002989474684,0.19459852599538863,0.1951975289848633,0.00017140299314633012,0.00022205499408300966,0,0,0,0,0,768,6912,9,9,,,True,True,6ad119631fcb017b6ae2be920b9affef6cfb043e4b44cb603179f466cf8495c4,88128,79452,653620
dual_g2_s912101_b4,local_multistart_b6_independent,0,1,0.02005117900262121,0.19459852599538863,0.21464970499800984,0.01950896400376223,0.0002717669995035976,24028,14318,9710,29130,116,768,9216,12,12,23348,True,True,True,94e437faceb8f434202617f01728171579765253bb0ea3a5d9b84a1a544378f5,88128,79460,653620
dual_g2_s912101_b4,reassociate_b6_independent,0,2,0.004460277006728575,0.19459852599538863,0.1990588030021172,0.003980834997491911,0.00023496999347116798,23348,12572,10776,32328,18,768,6912,9,9,,,True,True,9fbf837aa63155cc6ef3b3d47d70db78c436d0d540f67d301793e87b9d1f1d3b,88128,79460,653620
dual_g2_s912101_b4,local_multistart_b6_independent,1,0,0.020800026002689265,0.19459852599538863,0.2153985519980779,0.02025179800693877,0.00030581699684262276,24028,14318,9710,29130,116,768,9216,12,12,23348,True,True,True,94e437faceb8f434202617f01728171579765253bb0ea3a5d9b84a1a544378f5,88128,79460,653620
dual_g2_s912101_b4,reassociate_b6_independent,1,1,0.004339132996392436,0.19459852599538863,0.19893765899178106,0.003877250012010336,0.00023366700042970479,23348,12572,10776,32328,18,768,6912,9,9,,,True,True,9fbf837aa63155cc6ef3b3d47d70db78c436d0d540f67d301793e87b9d1f1d3b,88128,79460,653620
dual_g2_s912101_b4,original_b0_independent,1,2,0.000593992997892201,0.19459852599538863,0.19519251899328083,0.00017847699928097427,0.0002155519905500114,0,0,0,0,0,768,6912,9,9,,,True,True,6ad119631fcb017b6ae2be920b9affef6cfb043e4b44cb603179f466cf8495c4,88128,79460,653620
dual_g2_s912101_b4,reassociate_b6_independent,2,0,0.004868388001341373,0.19459852599538863,0.19946691399673,0.004396050004288554,0.0002416909992462024,23348,12572,10776,32328,18,768,6912,9,9,,,True,True,9fbf837aa63155cc6ef3b3d47d70db78c436d0d540f67d301793e87b9d1f1d3b,88128,79460,653620
dual_g2_s912101_b4,original_b0_independent,2,1,0.0006112840055720881,0.19459852599538863,0.19520981000096072,0.0001800519967218861,0.00022082099167164415,0,0,0,0,0,768,6912,9,9,,,True,True,6ad119631fcb017b6ae2be920b9affef6cfb043e4b44cb603179f466cf8495c4,88128,79464,653620
dual_g2_s912101_b4,local_multistart_b6_independent,2,2,0.019511570004397072,0.19459852599538863,0.2141100959997857,0.018986661001690663,0.0002770529972622171,24028,14318,9710,29130,116,768,9216,12,12,23348,True,True,True,94e437faceb8f434202617f01728171579765253bb0ea3a5d9b84a1a544378f5,88128,79468,653620
dual_g4_s912101_b0,original_b0_independent,0,0,0.0007330660009756684,0.21290465899801347,0.21363772499898914,0.00023043098917696625,0.00026747000811155885,0,0,0,0,0,768,11520,15,15,,,True,True,3e4174847139b1b2e3c57281e386298ec7bd6c3cf3e6552bd79dacfda2d98890,88364,79544,653620
dual_g4_s912101_b0,local_multistart_b6_independent,0,1,0.028533645992865786,0.21290465899801347,0.24143830499087926,0.02792623201094102,0.0003401019930606708,44141,24474,19667,59001,235,768,13824,18,18,43511,True,True,True,4bef29fd664a44304ac5db9947d5253055c35c09ba8cfa051973d47a823c82f6,88364,79548,653620
dual_g4_s912101_b0,reassociate_b6_independent,0,2,0.005653672997141257,0.21290465899801347,0.21855833199515473,0.005118752000271343,0.0002750009880401194,43511,23429,20082,60246,30,768,11520,15,15,,,True,True,9136bb6ace637f5a6de57bbdec8ef923a85b644bff6afa9f352a4589cb2ba56e,88364,79556,653620
dual_g4_s912101_b0,local_multistart_b6_independent,1,0,0.028047483996488154,0.21290465899801347,0.24095214299450163,0.027430972986621782,0.00034728999889921397,44141,24474,19667,59001,235,768,13824,18,18,43511,True,True,True,4bef29fd664a44304ac5db9947d5253055c35c09ba8cfa051973d47a823c82f6,88364,79560,653620
dual_g4_s912101_b0,reassociate_b6_independent,1,1,0.005710469005862251,0.21290465899801347,0.21861512800387572,0.005161378998309374,0.00028098400798626244,43511,23429,20082,60246,30,768,11520,15,15,,,True,True,9136bb6ace637f5a6de57bbdec8ef923a85b644bff6afa9f352a4589cb2ba56e,88364,79560,653620
dual_g4_s912101_b0,original_b0_independent,1,2,0.0007147509895730764,0.21290465899801347,0.21361940998758655,0.00020835999748669565,0.00027419700927566737,0,0,0,0,0,768,11520,15,15,,,True,True,3e4174847139b1b2e3c57281e386298ec7bd6c3cf3e6552bd79dacfda2d98890,88364,79560,653620
dual_g4_s912101_b0,reassociate_b6_independent,2,0,0.005528548994334415,0.21290465899801347,0.2184332079923479,0.004984485000022687,0.00028369198844302446,43511,23429,20082,60246,30,768,11520,15,15,,,True,True,9136bb6ace637f5a6de57bbdec8ef923a85b644bff6afa9f352a4589cb2ba56e,88364,79560,653620
dual_g4_s912101_b0,original_b0_independent,2,1,0.0007161679968703538,0.21290465899801347,0.21362082699488383,0.0002171950036427006,0.0002663570048753172,0,0,0,0,0,768,11520,15,15,,,True,True,3e4174847139b1b2e3c57281e386298ec7bd6c3cf3e6552bd79dacfda2d98890,88364,79560,653620
dual_g4_s912101_b0,local_multistart_b6_independent,2,2,0.028261523999390192,0.21290465899801347,0.24116618299740367,0.027655331999994814,0.0003400529967620969,44141,24474,19667,59001,235,768,13824,18,18,43511,True,True,True,4bef29fd664a44304ac5db9947d5253055c35c09ba8cfa051973d47a823c82f6,88364,79568,653620
dual_g4_s912101_b4,original_b0_independent,0,0,0.000712481007212773,0.22592400200664997,0.22663648301386274,0.00020841600780840963,0.00027043200680054724,0,0,0,0,0,768,11520,15,15,,,True,True,a666b71d4277ec36cc03ba98aa2afa25c3b2823688c4f56e36eac3644c0ee939,88408,79644,653620
dual_g4_s912101_b4,local_multistart_b6_independent,0,1,0.028429068988771178,0.22592400200664997,0.25435307099542115,0.027835183995193802,0.0003298149968031794,44141,24474,19667,59001,235,768,13824,18,18,43511,True,True,True,6497fa3d01207ecacb187aeacbdcfd4750728ea7f19d4440d7f7d64c5af2d919,88408,79644,653620
dual_g4_s912101_b4,reassociate_b6_independent,0,2,0.005518838996067643,0.22592400200664997,0.23144284100271761,0.004956710996339098,0.00028308300534263253,43511,23429,20082,60246,30,768,11520,15,15,,,True,True,f3d86cc88ffe3e91b67196d3e1cdd0077b94975eb172fa128b3fb3630ae4186b,88408,79644,653620
dual_g4_s912101_b4,local_multistart_b6_independent,1,0,0.028272069001104683,0.22592400200664997,0.25419607100775465,0.02765153200016357,0.00033686100505292416,44141,24474,19667,59001,235,768,13824,18,18,43511,True,True,True,6497fa3d01207ecacb187aeacbdcfd4750728ea7f19d4440d7f7d64c5af2d919,88408,79648,653620
dual_g4_s912101_b4,reassociate_b6_independent,1,1,0.005561363999731839,0.22592400200664997,0.2314853660063818,0.005024023994337767,0.00027194799622520804,43511,23429,20082,60246,30,768,11520,15,15,,,True,True,f3d86cc88ffe3e91b67196d3e1cdd0077b94975eb172fa128b3fb3630ae4186b,88408,79648,653620
dual_g4_s912101_b4,original_b0_independent,1,2,0.0007288890046766028,0.22592400200664997,0.22665289101132657,0.000213712002732791,0.00026846500986721367,0,0,0,0,0,768,11520,15,15,,,True,True,a666b71d4277ec36cc03ba98aa2afa25c3b2823688c4f56e36eac3644c0ee939,88408,79648,653620
dual_g4_s912101_b4,reassociate_b6_independent,2,0,0.005671500999596901,0.22592400200664997,0.23159550300624687,0.0051467099983710796,0.0002668530069058761,43511,23429,20082,60246,30,768,11520,15,15,,,True,True,f3d86cc88ffe3e91b67196d3e1cdd0077b94975eb172fa128b3fb3630ae4186b,88408,79648,653620
dual_g4_s912101_b4,original_b0_independent,2,1,0.0007172949990490451,0.22592400200664997,0.22664129700569902,0.00021159400057513267,0.00027142500039190054,0,0,0,0,0,768,11520,15,15,,,True,True,a666b71d4277ec36cc03ba98aa2afa25c3b2823688c4f56e36eac3644c0ee939,88408,79648,653620
dual_g4_s912101_b4,local_multistart_b6_independent,2,2,0.028251909010577947,0.22592400200664997,0.2541759110172279,0.027665854009683244,0.000317023994284682,44141,24474,19667,59001,235,768,13824,18,18,43511,True,True,True,6497fa3d01207ecacb187aeacbdcfd4750728ea7f19d4440d7f7d64c5af2d919,88408,79648,653620
dual_g8_s912101_b0,original_b0_independent,0,0,0.0007184080022852868,0.18366955600504298,0.18438796400732826,0.00018846399325411767,0.0002494400105206296,0,0,0,0,0,768,9216,12,12,,,True,True,5376ff82b6358c277192a07a8ccfdc237028bac63b22053be1f2ddea856e6356,88560,79708,653620
dual_g8_s912101_b0,local_multistart_b6_independent,0,1,0.024792747004539706,0.18366955600504298,0.20846230300958268,0.02428958700329531,0.0002713370049605146,34127,19500,14627,43881,177,768,9216,12,12,33397,True,True,True,8f821189938140d3e8886b8cd6f95bc40c9fa4193d9373df27d19cdd372e3608,88560,79708,653620
dual_g8_s912101_b0,reassociate_b6_independent,0,2,0.004894818004686385,0.18366955600504298,0.18856437400972936,0.004385569001897238,0.0002552980004111305,33397,17983,15414,46242,24,768,9216,12,12,,,True,True,f941ba73c573d6a376904877bb2bb14b39187192a6ffab4d7d06273ad264fc20,88560,79708,653620
dual_g8_s912101_b0,local_multistart_b6_independent,1,0,0.0252914540033089,0.18366955600504298,0.20896101000835188,0.02474838000489399,0.00028715199732687324,34127,19500,14627,43881,177,768,9216,12,12,33397,True,True,True,8f821189938140d3e8886b8cd6f95bc40c9fa4193d9373df27d19cdd372e3608,88560,79712,653620
dual_g8_s912101_b0,reassociate_b6_independent,1,1,0.004930058988975361,0.18366955600504298,0.18859961499401834,0.004418476004502736,0.00025788698985707015,33397,17983,15414,46242,24,768,9216,12,12,,,True,True,f941ba73c573d6a376904877bb2bb14b39187192a6ffab4d7d06273ad264fc20,88560,79712,653620
dual_g8_s912101_b0,original_b0_independent,1,2,0.0006889450014568865,0.18366955600504298,0.18435850100649986,0.0001996709906961769,0.000261913999565877,0,0,0,0,0,768,9216,12,12,,,True,True,5376ff82b6358c277192a07a8ccfdc237028bac63b22053be1f2ddea856e6356,88560,79712,653620
dual_g8_s912101_b0,reassociate_b6_independent,2,0,0.004872628007433377,0.18366955600504298,0.18854218401247635,0.004321141997934319,0.0003079070011153817,33397,17983,15414,46242,24,768,9216,12,12,,,True,True,f941ba73c573d6a376904877bb2bb14b39187192a6ffab4d7d06273ad264fc20,88560,79712,653620
dual_g8_s912101_b0,original_b0_independent,2,1,0.000664820006932132,0.18366955600504298,0.1843343760119751,0.00019485599477775395,0.0002472249907441437,0,0,0,0,0,768,9216,12,12,,,True,True,5376ff82b6358c277192a07a8ccfdc237028bac63b22053be1f2ddea856e6356,88560,79712,653620
dual_g8_s912101_b0,local_multistart_b6_independent,2,2,0.024673549996805377,0.18366955600504298,0.20834310600184835,0.02415652600757312,0.0002823770046234131,34127,19500,14627,43881,177,768,9216,12,12,33397,True,True,True,8f821189938140d3e8886b8cd6f95bc40c9fa4193d9373df27d19cdd372e3608,88560,79712,653620
dual_g8_s912101_b4,original_b0_independent,0,0,0.0006539360038004816,0.20826462299737614,0.20891855900117662,0.00019672200141940266,0.00023976899683475494,0,0,0,0,0,768,9216,12,12,,,True,True,5995a16f180959fe4f069f08a02e4b0b78e996f5b982fceeff10c5da14f12bba,88564,79760,653620
dual_g8_s912101_b4,local_multistart_b6_independent,0,1,0.024440257999231108,0.20826462299737614,0.23270488099660724,0.023896471990155987,0.0002806559932650998,34127,19500,14627,43881,177,768,9216,12,12,33397,True,True,True,57d2fb8a147cbef8ca21af25e54a60e13103e2baa46a8bd912c7d3bb8ce122eb,88564,79760,653620
dual_g8_s912101_b4,reassociate_b6_independent,0,2,0.004856097002630122,0.20826462299737614,0.21312072000000626,0.004352656003902666,0.00025980599457398057,33397,17983,15414,46242,24,768,9216,12,12,,,True,True,3587dca648c4857d0a103d7ae0692211a5277e615f233a1d2106db345c5b67fe,88564,79760,653620
dual_g8_s912101_b4,local_multistart_b6_independent,1,0,0.024893642999813892,0.20826462299737614,0.23315826599719003,0.024369011996896006,0.000284684996586293,34127,19500,14627,43881,177,768,9216,12,12,33397,True,True,True,57d2fb8a147cbef8ca21af25e54a60e13103e2baa46a8bd912c7d3bb8ce122eb,88564,79760,653620
dual_g8_s912101_b4,reassociate_b6_independent,1,1,0.0049196909967577085,0.20826462299737614,0.21318431399413384,0.004389894995256327,0.0002641219907673076,33397,17983,15414,46242,24,768,9216,12,12,,,True,True,3587dca648c4857d0a103d7ae0692211a5277e615f233a1d2106db345c5b67fe,88564,79760,653620
dual_g8_s912101_b4,original_b0_independent,1,2,0.0006812599895056337,0.20826462299737614,0.20894588298688177,0.00020853200112469494,0.0002484459982952103,0,0,0,0,0,768,9216,12,12,,,True,True,5995a16f180959fe4f069f08a02e4b0b78e996f5b982fceeff10c5da14f12bba,88564,79760,653620
dual_g8_s912101_b4,reassociate_b6_independent,2,0,0.00499346200376749,0.20826462299737614,0.21325808500114363,0.004481926007429138,0.00026169400371145457,33397,17983,15414,46242,24,768,9216,12,12,,,True,True,3587dca648c4857d0a103d7ae0692211a5277e615f233a1d2106db345c5b67fe,88564,79760,653620
dual_g8_s912101_b4,original_b0_independent,2,1,0.000676145005854778,0.20826462299737614,0.20894076800323091,0.000197978995856829,0.00025211600586771965,0,0,0,0,0,768,9216,12,12,,,True,True,5995a16f180959fe4f069f08a02e4b0b78e996f5b982fceeff10c5da14f12bba,88564,79760,653620
dual_g8_s912101_b4,local_multistart_b6_independent,2,2,0.024592533998657018,0.20826462299737614,0.23285715699603315,0.024057222995907068,0.00029310699028428644,34127,19500,14627,43881,177,768,9216,12,12,33397,True,True,True,57d2fb8a147cbef8ca21af25e54a60e13103e2baa46a8bd912c7d3bb8ce122eb,88564,79760,653620
ghost_s912113_b0,original_b0_independent,0,0,0.0005327490071067587,0.1555035119963577,0.15603626100346446,0.00015394299407489598,0.0001968769938685,0,0,0,0,0,768,4608,6,6,,,True,True,520bc0aab334e33266a6af2d15319287329033788d5aa7cb19cea5081545b1b4,88572,79796,653620
ghost_s912113_b0,local_multistart_b6_independent,0,1,0.016844320998643525,0.1555035119963577,0.17234783299500123,0.016424974004621617,0.00022418200387619436,17224,10916,6308,18924,74,768,4608,6,6,16731,True,True,True,520bc0aab334e33266a6af2d15319287329033788d5aa7cb19cea5081545b1b4,88572,79796,653620
ghost_s912113_b0,reassociate_b6_independent,0,2,0.003461009997408837,0.1555035119963577,0.15896452199376654,0.0030590649985242635,0.0001984919945243746,16731,9009,7722,23166,12,768,4608,6,6,,,True,True,5879ca80c49c3a9c3979888982fcd17583bfdcc20b28b6d3d5b294525dbeea7a,88572,79796,653620
ghost_s912113_b0,local_multistart_b6_independent,1,0,0.016444111010059714,0.1555035119963577,0.17194762300641742,0.016021090996218845,0.00022367200290318578,17224,10916,6308,18924,74,768,4608,6,6,16731,True,True,True,520bc0aab334e33266a6af2d15319287329033788d5aa7cb19cea5081545b1b4,88572,79796,653620
ghost_s912113_b0,reassociate_b6_independent,1,1,0.003442401997745037,0.1555035119963577,0.15894591399410274,0.003055743989534676,0.00018587599333841354,16731,9009,7722,23166,12,768,4608,6,6,,,True,True,5879ca80c49c3a9c3979888982fcd17583bfdcc20b28b6d3d5b294525dbeea7a,88572,79796,653620
ghost_s912113_b0,original_b0_independent,1,2,0.000546766008483246,0.1555035119963577,0.15605027800484095,0.00014777299656998366,0.0002066690067294985,0,0,0,0,0,768,4608,6,6,,,True,True,520bc0aab334e33266a6af2d15319287329033788d5aa7cb19cea5081545b1b4,88572,79796,653620
ghost_s912113_b0,reassociate_b6_independent,2,0,0.003568501997506246,0.1555035119963577,0.15907201399386395,0.0030766029958613217,0.0002703389909584075,16731,9009,7722,23166,12,768,4608,6,6,,,True,True,5879ca80c49c3a9c3979888982fcd17583bfdcc20b28b6d3d5b294525dbeea7a,88572,79796,653620
ghost_s912113_b0,original_b0_independent,2,1,0.0007157560030464083,0.1555035119963577,0.1562192679994041,0.00022568499844055623,0.00028876899159513414,0,0,0,0,0,768,4608,6,6,,,True,True,520bc0aab334e33266a6af2d15319287329033788d5aa7cb19cea5081545b1b4,88572,79796,653620
ghost_s912113_b0,local_multistart_b6_independent,2,2,0.016638843997498043,0.1555035119963577,0.17214235599385574,0.016205024992814288,0.00023101200349628925,17224,10916,6308,18924,74,768,4608,6,6,16731,True,True,True,520bc0aab334e33266a6af2d15319287329033788d5aa7cb19cea5081545b1b4,88572,79804,653620
ghost_s912113_b4,original_b0_independent,0,0,0.000559734005946666,0.2013237229984952,0.20188345700444188,0.00014816901239100844,0.0002120769931934774,0,0,0,0,0,768,4608,6,6,,,True,True,36f699722fa379b9a3286cfccdacbdc681df978e747a76d59c83fb02c99b9cec,88580,79820,653620
ghost_s912113_b4,local_multistart_b6_independent,0,1,0.016495887000928633,0.2013237229984952,0.21781960999942385,0.01607829400745686,0.0002144960017176345,17224,10916,6308,18924,74,768,4608,6,6,16731,True,True,True,36f699722fa379b9a3286cfccdacbdc681df978e747a76d59c83fb02c99b9cec,88580,79820,653620
ghost_s912113_b4,reassociate_b6_independent,0,2,0.003351613995619118,0.2013237229984952,0.20467533699411433,0.002955832998850383,0.00019522299407981336,16731,9009,7722,23166,12,768,4608,6,6,,,True,True,124d3c8902836380ad3a1d9fa39d5bde3ecd5acb38465427df46d8389548de55,88580,79820,653620
ghost_s912113_b4,local_multistart_b6_independent,1,0,0.016465079999761656,0.2013237229984952,0.21778880299825687,0.016039094000007026,0.00021979199664201587,17224,10916,6308,18924,74,768,4608,6,6,16731,True,True,True,36f699722fa379b9a3286cfccdacbdc681df978e747a76d59c83fb02c99b9cec,88580,79820,653620
ghost_s912113_b4,reassociate_b6_independent,1,1,0.003910378000000492,0.2013237229984952,0.2052341009984957,0.0034869560040533543,0.0002085879968944937,16731,9009,7722,23166,12,768,4608,6,6,,,True,True,124d3c8902836380ad3a1d9fa39d5bde3ecd5acb38465427df46d8389548de55,88580,79820,653620
ghost_s912113_b4,original_b0_independent,1,2,0.0005428419972304255,0.2013237229984952,0.20186656499572564,0.00015309100854210556,0.000200276990653947,0,0,0,0,0,768,4608,6,6,,,True,True,36f699722fa379b9a3286cfccdacbdc681df978e747a76d59c83fb02c99b9cec,88580,79820,653620
ghost_s912113_b4,reassociate_b6_independent,2,0,0.0034751570055959746,0.2013237229984952,0.2047988800040912,0.0030392930057132617,0.00023057599901221693,16731,9009,7722,23166,12,768,4608,6,6,,,True,True,124d3c8902836380ad3a1d9fa39d5bde3ecd5acb38465427df46d8389548de55,88580,79820,653620
ghost_s912113_b4,original_b0_independent,2,1,0.000533949991222471,0.2013237229984952,0.20185767298971768,0.00014897200162522495,0.0001997680083150044,0,0,0,0,0,768,4608,6,6,,,True,True,36f699722fa379b9a3286cfccdacbdc681df978e747a76d59c83fb02c99b9cec,88580,79820,653620
ghost_s912113_b4,local_multistart_b6_independent,2,2,0.016995287005556747,0.2013237229984952,0.21831901000405196,0.016555761991185136,0.0002315909950993955,17224,10916,6308,18924,74,768,4608,6,6,16731,True,True,True,36f699722fa379b9a3286cfccdacbdc681df978e747a76d59c83fb02c99b9cec,88580,79824,653620
dual_g2_s912113_b0,original_b0_independent,0,0,0.0005996999971102923,0.1513450969941914,0.1519447969913017,0.00016590399900451303,0.0002282269997522235,0,0,0,0,0,768,6912,9,9,,,True,True,5f4fc65dc587749359d2648527b90446b63059d7a9cb48732d2c88d030358b1a,88592,79816,653620
dual_g2_s912113_b0,local_multistart_b6_independent,0,1,0.017446208992623724,0.1513450969941914,0.16879130598681513,0.01698504399973899,0.0002394479961367324,24072,14340,9732,29196,114,768,6912,9,9,23452,True,True,True,5f4fc65dc587749359d2648527b90446b63059d7a9cb48732d2c88d030358b1a,88592,79820,653620
dual_g2_s912113_b0,reassociate_b6_independent,0,2,0.004099270998267457,0.1513450969941914,0.15544436799245887,0.0036615459976019338,0.00021865400776732713,23452,12628,10824,32472,18,768,6912,9,9,,,True,True,aafe8ba72ac724671d30b4ed81684837850a6edd0ac29544c8c63052cafea96e,88592,79820,653620
dual_g2_s912113_b0,local_multistart_b6_independent,1,0,0.01726239600975532,0.1513450969941914,0.16860749300394673,0.01681260899931658,0.00023474000045098364,24072,14340,9732,29196,114,768,6912,9,9,23452,True,True,True,5f4fc65dc587749359d2648527b90446b63059d7a9cb48732d2c88d030358b1a,88592,79824,653620
dual_g2_s912113_b0,reassociate_b6_independent,1,1,0.004127919004531577,0.1513450969941914,0.15547301599872299,0.0036809640005230904,0.00022827700013294816,23452,12628,10824,32472,18,768,6912,9,9,,,True,True,aafe8ba72ac724671d30b4ed81684837850a6edd0ac29544c8c63052cafea96e,88592,79824,653620
dual_g2_s912113_b0,original_b0_independent,1,2,0.0006013899983372539,0.1513450969941914,0.15194648699252866,0.00017861199739854783,0.0002189310034736991,0,0,0,0,0,768,6912,9,9,,,True,True,5f4fc65dc587749359d2648527b90446b63059d7a9cb48732d2c88d030358b1a,88592,79824,653620
dual_g2_s912113_b0,reassociate_b6_independent,2,0,0.004135046998271719,0.1513450969941914,0.15548014399246313,0.003705585011630319,0.0002099900011671707,23452,12628,10824,32472,18,768,6912,9,9,,,True,True,aafe8ba72ac724671d30b4ed81684837850a6edd0ac29544c8c63052cafea96e,88592,79824,653620
dual_g2_s912113_b0,original_b0_independent,2,1,0.0006011309887981042,0.1513450969941914,0.1519462279829895,0.00017191498773172498,0.00021973600087221712,0,0,0,0,0,768,6912,9,9,,,True,True,5f4fc65dc587749359d2648527b90446b63059d7a9cb48732d2c88d030358b1a,88592,79824,653620
dual_g2_s912113_b0,local_multistart_b6_independent,2,2,0.01738882198696956,0.1513450969941914,0.16873391898116097,0.016913577986997552,0.00024464199668727815,24072,14340,9732,29196,114,768,6912,9,9,23452,True,True,True,5f4fc65dc587749359d2648527b90446b63059d7a9cb48732d2c88d030358b1a,88592,79824,653620
dual_g2_s912113_b4,original_b0_independent,0,0,0.0006327449955279008,0.19352200299908873,0.19415474799461663,0.00018025700410362333,0.00024689699057489634,0,0,0,0,0,768,6912,9,9,,,True,True,a249af5a406e2e8f3d91fe76602487ad597059c0f4c7ea5cc6104017f3b66123,88732,79856,653620
dual_g2_s912113_b4,local_multistart_b6_independent,0,1,0.018339659000048414,0.19352200299908873,0.21186166199913714,0.01787924999371171,0.00023926600988488644,24068,14338,9730,29190,114,768,6912,9,9,23452,True,True,True,a249af5a406e2e8f3d91fe76602487ad597059c0f4c7ea5cc6104017f3b66123,88732,79856,653620
dual_g2_s912113_b4,reassociate_b6_independent,0,2,0.004321493994211778,0.19352200299908873,0.1978434969933005,0.00386274499760475,0.00022669100144412369,23452,12628,10824,32472,18,768,6912,9,9,,,True,True,906c2dcfa3dc9a5e4238bc39699627d045c9f345f3827f727b195bc9b9e5341c,88732,79856,653620
dual_g2_s912113_b4,local_multistart_b6_independent,1,0,0.017656765005085617,0.19352200299908873,0.21117876800417434,0.017181392991915345,0.00025408399233128875,24068,14338,9730,29190,114,768,6912,9,9,23452,True,True,True,a249af5a406e2e8f3d91fe76602487ad597059c0f4c7ea5cc6104017f3b66123,88732,79856,653620
dual_g2_s912113_b4,reassociate_b6_independent,1,1,0.0041276800038758665,0.19352200299908873,0.1976496830029646,0.003695483988849446,0.00020593900990206748,23452,12628,10824,32472,18,768,6912,9,9,,,True,True,906c2dcfa3dc9a5e4238bc39699627d045c9f345f3827f727b195bc9b9e5341c,88732,79856,653620
dual_g2_s912113_b4,original_b0_independent,1,2,0.0006096290017012507,0.19352200299908873,0.19413163200078998,0.0001737889979267493,0.00022043799981474876,0,0,0,0,0,768,6912,9,9,,,True,True,a249af5a406e2e8f3d91fe76602487ad597059c0f4c7ea5cc6104017f3b66123,88732,79856,653620
dual_g2_s912113_b4,reassociate_b6_independent,2,0,0.004260421002982184,0.19352200299908873,0.1977824240020709,0.0038350949907908216,0.00021001399727538228,23452,12628,10824,32472,18,768,6912,9,9,,,True,True,906c2dcfa3dc9a5e4238bc39699627d045c9f345f3827f727b195bc9b9e5341c,88732,79856,653620
dual_g2_s912113_b4,original_b0_independent,2,1,0.000623928994173184,0.19352200299908873,0.1941459319932619,0.0001871559943538159,0.00022309200721792877,0,0,0,0,0,768,6912,9,9,,,True,True,a249af5a406e2e8f3d91fe76602487ad597059c0f4c7ea5cc6104017f3b66123,88732,79856,653620
dual_g2_s912113_b4,local_multistart_b6_independent,2,2,0.01774058400769718,0.19352200299908873,0.2112625870067859,0.01727705099619925,0.0002441849937895313,24068,14338,9730,29190,114,768,6912,9,9,23452,True,True,True,a249af5a406e2e8f3d91fe76602487ad597059c0f4c7ea5cc6104017f3b66123,88732,79856,653620
dual_g4_s912113_b0,original_b0_independent,0,0,0.000654303003102541,0.24907947400060948,0.24973377700371202,0.00019528799748513848,0.000237849002587609,0,0,0,0,0,768,9216,12,12,,,True,True,ea0114f61c101b9dca449b66ce06893140d3f781d4fdae60d0dd5837978b97dc,88732,79900,653620
dual_g4_s912113_b0,local_multistart_b6_independent,0,1,0.025272496000980027,0.24907947400060948,0.2743519700015895,0.024754479993134737,0.00027611901168711483,36093,20478,15615,46845,189,768,9216,12,12,35568,True,True,True,92237a03116508928384146d0ec7f3c774e79bb526d15a05386cc53163db000f,88732,79900,653620
dual_g4_s912113_b0,reassociate_b6_independent,0,2,0.00488276599207893,0.24907947400060948,0.2539622399926884,0.004373948002466932,0.00025884300703182817,35568,19152,16416,49248,24,768,9216,12,12,,,True,True,5ec5155f7c0d976b0124ba0f89d00d4469b56fc1897980320fad986be09b8431,88732,79900,653620
dual_g4_s912113_b0,local_multistart_b6_independent,1,0,0.02599029499106109,0.24907947400060948,0.27506976899167057,0.025486553990049288,0.00026777399762067944,36093,20478,15615,46845,189,768,9216,12,12,35568,True,True,True,92237a03116508928384146d0ec7f3c774e79bb526d15a05386cc53163db000f,88732,79904,653620
dual_g4_s912113_b0,reassociate_b6_independent,1,1,0.004885114991338924,0.24907947400060948,0.2539645889919484,0.004392347997054458,0.0002484779979567975,35568,19152,16416,49248,24,768,9216,12,12,,,True,True,5ec5155f7c0d976b0124ba0f89d00d4469b56fc1897980320fad986be09b8431,88732,79904,653620
dual_g4_s912113_b0,original_b0_independent,1,2,0.0006507540092570707,0.24907947400060948,0.24973022800986655,0.0001899979979498312,0.00024223201035056263,0,0,0,0,0,768,9216,12,12,,,True,True,ea0114f61c101b9dca449b66ce06893140d3f781d4fdae60d0dd5837978b97dc,88732,79904,653620
dual_g4_s912113_b0,reassociate_b6_independent,2,0,0.005214254997554235,0.24907947400060948,0.2542937289981637,0.004726109997136518,0.0002500500122550875,35568,19152,16416,49248,24,768,9216,12,12,,,True,True,5ec5155f7c0d976b0124ba0f89d00d4469b56fc1897980320fad986be09b8431,88732,79904,653620
dual_g4_s912113_b0,original_b0_independent,2,1,0.0006644960085395724,0.24907947400060948,0.24974397000914905,0.000195365006220527,0.0002388099965173751,0,0,0,0,0,768,9216,12,12,,,True,True,ea0114f61c101b9dca449b66ce06893140d3f781d4fdae60d0dd5837978b97dc,88732,79904,653620
dual_g4_s912113_b0,local_multistart_b6_independent,2,2,0.025634450998040847,0.24907947400060948,0.2747139249986503,0.02514007900026627,0.0002639239974087104,36093,20478,15615,46845,189,768,9216,12,12,35568,True,True,True,92237a03116508928384146d0ec7f3c774e79bb526d15a05386cc53163db000f,88732,79920,653620
dual_g4_s912113_b4,original_b0_independent,0,0,0.0006849739875178784,0.25211859999399167,0.25280357398150954,0.00020295199647080153,0.0002474189968779683,0,0,0,0,0,768,9216,12,12,,,True,True,c8a01c34dd1de1ae7b39ee70bd116aa59ee04fb7940df71a86bd7366cda04269,88756,79972,653620
dual_g4_s912113_b4,local_multistart_b6_independent,0,1,0.02550750299997162,0.25211859999399167,0.2776261029939633,0.025006784999277443,0.0002587670023785904,36090,20476,15614,46842,189,768,9216,12,12,35555,True,True,True,f8e8891770ac1771748895ce516457c64aac8f7f5b63fa1662ab5065a0ff5f00,88756,79976,653620
dual_g4_s912113_b4,reassociate_b6_independent,0,2,0.004805203003343195,0.25211859999399167,0.25692380299733486,0.004308351999497972,0.0002533029910409823,35555,19145,16410,49230,24,768,9216,12,12,,,True,True,4530e2d36f1b7fb67eeeb207086320449afc3c1d163d53583582d1b36be8546a,88756,79976,653620
dual_g4_s912113_b4,local_multistart_b6_independent,1,0,0.02510749499197118,0.25211859999399167,0.27722609498596285,0.024593676993390545,0.00026809000701177865,36090,20476,15614,46842,189,768,9216,12,12,35555,True,True,True,f8e8891770ac1771748895ce516457c64aac8f7f5b63fa1662ab5065a0ff5f00,88756,79980,653620
dual_g4_s912113_b4,reassociate_b6_independent,1,1,0.004892783996183425,0.25211859999399167,0.2570113839901751,0.0044020280038239434,0.0002481980045558885,35555,19145,16410,49230,24,768,9216,12,12,,,True,True,4530e2d36f1b7fb67eeeb207086320449afc3c1d163d53583582d1b36be8546a,88756,79980,653620
dual_g4_s912113_b4,original_b0_independent,1,2,0.0006466190097853541,0.25211859999399167,0.252765219003777,0.00018540900782682002,0.00024138898879755288,0,0,0,0,0,768,9216,12,12,,,True,True,c8a01c34dd1de1ae7b39ee70bd116aa59ee04fb7940df71a86bd7366cda04269,88756,79980,653620
dual_g4_s912113_b4,reassociate_b6_independent,2,0,0.004746787002659403,0.25211859999399167,0.25686538699665107,0.004251924998243339,0.0002501580020179972,35555,19145,16410,49230,24,768,9216,12,12,,,True,True,4530e2d36f1b7fb67eeeb207086320449afc3c1d163d53583582d1b36be8546a,88756,79980,653620
dual_g4_s912113_b4,original_b0_independent,2,1,0.0006546369986608624,0.25211859999399167,0.25277323699265253,0.00019101399811916053,0.00024366399156861007,0,0,0,0,0,768,9216,12,12,,,True,True,c8a01c34dd1de1ae7b39ee70bd116aa59ee04fb7940df71a86bd7366cda04269,88756,79980,653620
dual_g4_s912113_b4,local_multistart_b6_independent,2,2,0.025123503000941128,0.25211859999399167,0.2772421029949328,0.024609165004221722,0.0002733569999691099,36090,20476,15614,46842,189,768,9216,12,12,35555,True,True,True,f8e8891770ac1771748895ce516457c64aac8f7f5b63fa1662ab5065a0ff5f00,88756,79980,653620
dual_g8_s912113_b0,original_b0_independent,0,0,0.0006755350041203201,0.22075070900609717,0.2214262440102175,0.0002034430071944371,0.00024871800269465894,0,0,0,0,0,768,9216,12,12,,,True,True,82d85c11c2014d9469952dea5b97f36062c1fda1439c9dec5b5987ba5b418edc,88776,80032,653620
dual_g8_s912113_b0,local_multistart_b6_independent,0,1,0.025076717996853404,0.22075070900609717,0.24582742700295057,0.02460978800081648,0.00024296499032061547,34113,19492,14621,43863,177,768,6912,9,9,33371,True,True,True,facca6b940cf6c913d4aa94e82b0971b3bc02984930d2774a6a9341e92ac97dc,88776,80036,653620
dual_g8_s912113_b0,reassociate_b6_independent,0,2,0.00483327399706468,0.22075070900609717,0.22558398300316185,0.004331662988988683,0.0002571660006651655,33371,17969,15402,46206,24,768,9216,12,12,,,True,True,d0dee49a6b6319d6c7dab3e9a7a99003d4ce43d59e114a877b868ab45191fc0a,88776,80036,653620
dual_g8_s912113_b0,local_multistart_b6_independent,1,0,0.025356689002364874,0.22075070900609717,0.24610739800846204,0.02487795799970627,0.00024801099789328873,34113,19492,14621,43863,177,768,6912,9,9,33371,True,True,True,facca6b940cf6c913d4aa94e82b0971b3bc02984930d2774a6a9341e92ac97dc,88776,80036,653620
dual_g8_s912113_b0,reassociate_b6_independent,1,1,0.004815916006918997,0.22075070900609717,0.22556662501301616,0.00431899398972746,0.00025350399664603174,33371,17969,15402,46206,24,768,9216,12,12,,,True,True,d0dee49a6b6319d6c7dab3e9a7a99003d4ce43d59e114a877b868ab45191fc0a,88776,80036,653620
dual_g8_s912113_b0,original_b0_independent,1,2,0.0006704120023641735,0.22075070900609717,0.22142112100846134,0.00019438700110185891,0.00024259499332401901,0,0,0,0,0,768,9216,12,12,,,True,True,82d85c11c2014d9469952dea5b97f36062c1fda1439c9dec5b5987ba5b418edc,88776,80036,653620
dual_g8_s912113_b0,reassociate_b6_independent,2,0,0.005042421005782671,0.22075070900609717,0.22579313001187984,0.004555368999717757,0.00025000100140459836,33371,17969,15402,46206,24,768,9216,12,12,,,True,True,d0dee49a6b6319d6c7dab3e9a7a99003d4ce43d59e114a877b868ab45191fc0a,88776,80036,653620
dual_g8_s912113_b0,original_b0_independent,2,1,0.0006688819994451478,0.22075070900609717,0.22141959100554232,0.00019140899530611932,0.00025283999275416136,0,0,0,0,0,768,9216,12,12,,,True,True,82d85c11c2014d9469952dea5b97f36062c1fda1439c9dec5b5987ba5b418edc,88776,80036,653620
dual_g8_s912113_b0,local_multistart_b6_independent,2,2,0.025135289004538208,0.22075070900609717,0.24588599801063538,0.024655902001541108,0.00024896199465729296,34113,19492,14621,43863,177,768,6912,9,9,33371,True,True,True,facca6b940cf6c913d4aa94e82b0971b3bc02984930d2774a6a9341e92ac97dc,88776,80040,653620
dual_g8_s912113_b4,original_b0_independent,0,0,0.0006584000075235963,0.21925794999697246,0.21991635000449605,0.000187613011803478,0.000248910000664182,0,0,0,0,0,768,9216,12,12,,,True,True,944a9b99c58b8ba217a0008d2bf03fe5b3a097d69fd5a3ecb2d6a6a6b7811944,88920,80056,653620
dual_g8_s912113_b4,local_multistart_b6_independent,0,1,0.02456579099816736,0.21925794999697246,0.24382374099513981,0.024058404989773408,0.00027202100318390876,34113,19492,14621,43863,177,768,9216,12,12,33371,True,True,True,512a3e90dd36c3e034cdc8f5611d11ce5126b9b11c3e57c0fb789b6de70f49f9,88920,80056,653620
dual_g8_s912113_b4,reassociate_b6_independent,0,2,0.005091717001050711,0.21925794999697246,0.22434966699802317,0.004597292994731106,0.00024604200734756887,33371,17969,15402,46206,24,768,9216,12,12,,,True,True,5ad806cea3e6a308533502f0ba419bb29a4aa82ea8260376c3fbbd9ee8156532,88920,80056,653620
dual_g8_s912113_b4,local_multistart_b6_independent,1,0,0.025294021994341165,0.21925794999697246,0.24455197199131362,0.02477577498939354,0.0002762119984254241,34113,19492,14621,43863,177,768,9216,12,12,33371,True,True,True,512a3e90dd36c3e034cdc8f5611d11ce5126b9b11c3e57c0fb789b6de70f49f9,88920,80060,653620
dual_g8_s912113_b4,reassociate_b6_independent,1,1,0.0047743220056872815,0.21925794999697246,0.22403227200265974,0.004280396999092773,0.0002521319984225556,33371,17969,15402,46206,24,768,9216,12,12,,,True,True,5ad806cea3e6a308533502f0ba419bb29a4aa82ea8260376c3fbbd9ee8156532,88920,80060,653620
dual_g8_s912113_b4,original_b0_independent,1,2,0.0006545350042870268,0.21925794999697246,0.21991248500125948,0.00019420700846239924,0.0002386880078120157,0,0,0,0,0,768,9216,12,12,,,True,True,944a9b99c58b8ba217a0008d2bf03fe5b3a097d69fd5a3ecb2d6a6a6b7811944,88920,80060,653620
dual_g8_s912113_b4,reassociate_b6_independent,2,0,0.0048552899970673025,0.21925794999697246,0.22411323999403976,0.004367444998933934,0.00024382099218200892,33371,17969,15402,46206,24,768,9216,12,12,,,True,True,5ad806cea3e6a308533502f0ba419bb29a4aa82ea8260376c3fbbd9ee8156532,88920,80060,653620
dual_g8_s912113_b4,original_b0_independent,2,1,0.0006477720016846433,0.21925794999697246,0.2199057219986571,0.00018559800810180604,0.00023731899273116142,0,0,0,0,0,768,9216,12,12,,,True,True,944a9b99c58b8ba217a0008d2bf03fe5b3a097d69fd5a3ecb2d6a6a6b7811944,88920,80060,653620
dual_g8_s912113_b4,local_multistart_b6_independent,2,2,0.024742617999436334,0.21925794999697246,0.2440005679964088,0.024224840992246754,0.00028210300661157817,34113,19492,14621,43863,177,768,9216,12,12,33371,True,True,True,512a3e90dd36c3e034cdc8f5611d11ce5126b9b11c3e57c0fb789b6de70f49f9,88920,80064,653620
ghost_s912127_b0,original_b0_independent,0,0,0.0005245560023467988,0.15035279000585433,0.15087734600820113,0.00014114199439063668,0.0002057450037682429,0,0,0,0,0,768,4608,6,6,,,True,True,279a5e8206d93513dfb339fac8417bc2b3a004c8bae0e9343d47d822e6701fff,88928,80080,653620
ghost_s912127_b0,local_multistart_b6_independent,0,1,0.015172405997873284,0.15035279000585433,0.16552519600372761,0.014761680009542033,0.00021780100360047072,15118,9164,5954,17862,70,768,4608,6,6,14495,True,True,True,279a5e8206d93513dfb339fac8417bc2b3a004c8bae0e9343d47d822e6701fff,88928,80080,653620
ghost_s912127_b0,reassociate_b6_independent,0,2,0.0033719200000632554,0.15035279000585433,0.1537247100059176,0.0029863130039302632,0.00018622800416778773,14495,7805,6690,20070,12,768,4608,6,6,,,True,True,e1b54aac8280e9e07761abae2075c92ac1bd5a3c5c49f44a3326ed70e31d02c5,88928,80080,653620
ghost_s912127_b0,local_multistart_b6_independent,1,0,0.015086703991983086,0.15035279000585433,0.16543949399783742,0.014662478002719581,0.00022181800159160048,15118,9164,5954,17862,70,768,4608,6,6,14495,True,True,True,279a5e8206d93513dfb339fac8417bc2b3a004c8bae0e9343d47d822e6701fff,88928,80080,653620
ghost_s912127_b0,reassociate_b6_independent,1,1,0.003387895005289465,0.15035279000585433,0.1537406850111438,0.0029881700029363856,0.00018682400695979595,14495,7805,6690,20070,12,768,4608,6,6,,,True,True,e1b54aac8280e9e07761abae2075c92ac1bd5a3c5c49f44a3326ed70e31d02c5,88928,80080,653620
ghost_s912127_b0,original_b0_independent,1,2,0.0005399719957495108,0.15035279000585433,0.15089276200160384,0.0001457980106351897,0.00020536300144158304,0,0,0,0,0,768,4608,6,6,,,True,True,279a5e8206d93513dfb339fac8417bc2b3a004c8bae0e9343d47d822e6701fff,88928,80080,653620
ghost_s912127_b0,reassociate_b6_independent,2,0,0.0033941980072995648,0.15035279000585433,0.1537469880131539,0.0030088649946264923,0.00019137900380883366,14495,7805,6690,20070,12,768,4608,6,6,,,True,True,e1b54aac8280e9e07761abae2075c92ac1bd5a3c5c49f44a3326ed70e31d02c5,88928,80080,653620
ghost_s912127_b0,original_b0_independent,2,1,0.0005456479993881658,0.15035279000585433,0.1508984380052425,0.0001518950011814013,0.00020632900123018771,0,0,0,0,0,768,4608,6,6,,,True,True,279a5e8206d93513dfb339fac8417bc2b3a004c8bae0e9343d47d822e6701fff,88928,80080,653620
ghost_s912127_b0,local_multistart_b6_independent,2,2,0.015175897991866805,0.15035279000585433,0.16552868799772114,0.014767784989089705,0.00021199299953877926,15118,9164,5954,17862,70,768,4608,6,6,14495,True,True,True,279a5e8206d93513dfb339fac8417bc2b3a004c8bae0e9343d47d822e6701fff,88928,80080,653620
ghost_s912127_b4,original_b0_independent,0,0,0.0005406690033851191,0.19782235599996056,0.19836302500334568,0.00014772899157833308,0.000204033000045456,0,0,0,0,0,768,4608,6,6,,,True,True,6048b3caa9666390fefd5a83fcc74e21af3b7fc04dc69c18866df7f63480bc36,88928,80080,653620
ghost_s912127_b4,local_multistart_b6_independent,0,1,0.0152063050045399,0.19782235599996056,0.21302866100450046,0.014654451995738782,0.00030529400100931525,15118,9164,5954,17862,70,768,4608,6,6,14495,True,True,True,6048b3caa9666390fefd5a83fcc74e21af3b7fc04dc69c18866df7f63480bc36,88928,80080,653620
ghost_s912127_b4,reassociate_b6_independent,0,2,0.003421763001824729,0.19782235599996056,0.2012441190017853,0.0030033090006327257,0.00020883999241050333,14495,7805,6690,20070,12,768,4608,6,6,,,True,True,6c6384c0795e08bebedfd25c0be5df38efb547597336d6b8d2e47c7ee86aca44,88928,80080,653620
ghost_s912127_b4,local_multistart_b6_independent,1,0,0.015147966012591496,0.19782235599996056,0.21297032201255206,0.014745419000973925,0.0002120019926223904,15118,9164,5954,17862,70,768,4608,6,6,14495,True,True,True,6048b3caa9666390fefd5a83fcc74e21af3b7fc04dc69c18866df7f63480bc36,88928,80080,653620
ghost_s912127_b4,reassociate_b6_independent,1,1,0.003424326001550071,0.19782235599996056,0.20124668200151064,0.003034188994206488,0.00019187299767509103,14495,7805,6690,20070,12,768,4608,6,6,,,True,True,6c6384c0795e08bebedfd25c0be5df38efb547597336d6b8d2e47c7ee86aca44,88928,80080,653620
ghost_s912127_b4,original_b0_independent,1,2,0.0005331040010787547,0.19782235599996056,0.19835546000103932,0.0001449109986424446,0.00020067500008735806,0,0,0,0,0,768,4608,6,6,,,True,True,6048b3caa9666390fefd5a83fcc74e21af3b7fc04dc69c18866df7f63480bc36,88928,80080,653620
ghost_s912127_b4,reassociate_b6_independent,2,0,0.003652535000583157,0.19782235599996056,0.20147489100054372,0.0032528019946767017,0.00019669599714688957,14495,7805,6690,20070,12,768,4608,6,6,,,True,True,6c6384c0795e08bebedfd25c0be5df38efb547597336d6b8d2e47c7ee86aca44,88928,80080,653620
ghost_s912127_b4,original_b0_independent,2,1,0.0005499520048033446,0.19782235599996056,0.1983723080047639,0.00014841298980172724,0.00021089499932713807,0,0,0,0,0,768,4608,6,6,,,True,True,6048b3caa9666390fefd5a83fcc74e21af3b7fc04dc69c18866df7f63480bc36,88928,80080,653620
ghost_s912127_b4,local_multistart_b6_independent,2,2,0.015023998013930395,0.19782235599996056,0.21284635401389096,0.01462710800115019,0.00020770799892488867,15118,9164,5954,17862,70,768,4608,6,6,14495,True,True,True,6048b3caa9666390fefd5a83fcc74e21af3b7fc04dc69c18866df7f63480bc36,88928,80080,653620
dual_g2_s912127_b0,original_b0_independent,0,0,0.0007011139969108626,0.1501600430055987,0.15086115700250957,0.00018492800882086158,0.00025867100339382887,0,0,0,0,0,768,9216,12,12,,,True,True,d69a3b23612868377fb69696ffecc2c5728a330ef403cace5299d41f151f29a0,88928,80096,653620
dual_g2_s912127_b0,local_multistart_b6_independent,0,1,0.02214973300579004,0.1501600430055987,0.17230977601138875,0.021406788000604138,0.00039713499427307397,33024,18816,14208,42624,167,768,11520,15,15,32409,True,True,True,da4e3e5e111e4c341517368d72d88074052e45155c2fae5fd9132d524571216a,88928,80100,653620
dual_g2_s912127_b0,reassociate_b6_independent,0,2,0.005025360995205119,0.1501600430055987,0.15518540400080383,0.004520823000348173,0.0002631419920362532,32409,17451,14958,44874,24,768,9216,12,12,,,True,True,b1da4e9a69b21f0c27d425a3bd0c7fbe01ef07f36a578e56367784605ddacf4b,88928,80100,653620
dual_g2_s912127_b0,local_multistart_b6_independent,1,0,0.02211037500819657,0.1501600430055987,0.17227041801379528,0.021557382002356462,0.00030143000185489655,33024,18816,14208,42624,167,768,11520,15,15,32409,True,True,True,da4e3e5e111e4c341517368d72d88074052e45155c2fae5fd9132d524571216a,88928,80100,653620
dual_g2_s912127_b0,reassociate_b6_independent,1,1,0.004961996004567482,0.1501600430055987,0.1551220390101662,0.0044541379902511835,0.0002512420032871887,32409,17451,14958,44874,24,768,9216,12,12,,,True,True,b1da4e9a69b21f0c27d425a3bd0c7fbe01ef07f36a578e56367784605ddacf4b,88928,80100,653620
dual_g2_s912127_b0,original_b0_independent,1,2,0.0006530859973281622,0.1501600430055987,0.15081312900292687,0.00019246598822064698,0.00024342999677173793,0,0,0,0,0,768,9216,12,12,,,True,True,d69a3b23612868377fb69696ffecc2c5728a330ef403cace5299d41f151f29a0,88928,80100,653620
dual_g2_s912127_b0,reassociate_b6_independent,2,0,0.004941188992233947,0.1501600430055987,0.15510123199783266,0.004449291998753324,0.0002480790135450661,32409,17451,14958,44874,24,768,9216,12,12,,,True,True,b1da4e9a69b21f0c27d425a3bd0c7fbe01ef07f36a578e56367784605ddacf4b,88928,80100,653620
dual_g2_s912127_b0,original_b0_independent,2,1,0.0006382110004778951,0.1501600430055987,0.1507982540060766,0.0001824830105761066,0.00024446799943689257,0,0,0,0,0,768,9216,12,12,,,True,True,d69a3b23612868377fb69696ffecc2c5728a330ef403cace5299d41f151f29a0,88928,80100,653620
dual_g2_s912127_b0,local_multistart_b6_independent,2,2,0.021683137005311437,0.1501600430055987,0.17184318001091015,0.02114171600260306,0.0002996179973706603,33024,18816,14208,42624,167,768,11520,15,15,32409,True,True,True,da4e3e5e111e4c341517368d72d88074052e45155c2fae5fd9132d524571216a,88928,80100,653620
dual_g2_s912127_b4,original_b0_independent,0,0,0.0005932560015935451,0.2008172390051186,0.20141049500671215,0.00016945801326073706,0.00021647800167556852,0,0,0,0,0,768,6912,9,9,,,True,True,e4277fb67fbe5426530e087a54e0cffce3ae58a7c5fe0b49b66e0038d5096130,88952,80140,653620
dual_g2_s912127_b4,local_multistart_b6_independent,0,1,0.01920670599793084,0.2008172390051186,0.22002394500304945,0.01870817800227087,0.0002657160075614229,26112,15360,10752,32256,127,768,9216,12,12,25493,True,True,True,fa7fcd04342be63fe677cd59a130ee640b882aff9c8a14a8c8de582702a1c165,88952,80140,653620
dual_g2_s912127_b4,reassociate_b6_independent,0,2,0.004129114997340366,0.2008172390051186,0.20494635400245897,0.0036611489922506735,0.00023042099201120436,25493,13727,11766,35298,18,768,6912,9,9,,,True,True,31d680ff6b13b6bf892f6ece5a73cb65d05fe4802c35914c41e70ea6b3a76638,88952,80140,653620
dual_g2_s912127_b4,local_multistart_b6_independent,1,0,0.01931800700549502,0.2008172390051186,0.22013524601061363,0.01881994100403972,0.0002625250053824857,26112,15360,10752,32256,127,768,9216,12,12,25493,True,True,True,fa7fcd04342be63fe677cd59a130ee640b882aff9c8a14a8c8de582702a1c165,88952,80140,653620
dual_g2_s912127_b4,reassociate_b6_independent,1,1,0.00415998199605383,0.2008172390051186,0.20497722100117244,0.0037119129992788658,0.00022145500406622887,25493,13727,11766,35298,18,768,6912,9,9,,,True,True,31d680ff6b13b6bf892f6ece5a73cb65d05fe4802c35914c41e70ea6b3a76638,88952,80140,653620
dual_g2_s912127_b4,original_b0_independent,1,2,0.0006027149938745424,0.2008172390051186,0.20141995399899315,0.00017210599617101252,0.00021917199774179608,0,0,0,0,0,768,6912,9,9,,,True,True,e4277fb67fbe5426530e087a54e0cffce3ae58a7c5fe0b49b66e0038d5096130,88952,80140,653620
dual_g2_s912127_b4,reassociate_b6_independent,2,0,0.004160743992542848,0.2008172390051186,0.20497798299766146,0.003722927998751402,0.00021200100309215486,25493,13727,11766,35298,18,768,6912,9,9,,,True,True,31d680ff6b13b6bf892f6ece5a73cb65d05fe4802c35914c41e70ea6b3a76638,88952,80140,653620
dual_g2_s912127_b4,original_b0_independent,2,1,0.0005826740089105442,0.2008172390051186,0.20139991301402915,0.00016219100507441908,0.00021604099310934544,0,0,0,0,0,768,6912,9,9,,,True,True,e4277fb67fbe5426530e087a54e0cffce3ae58a7c5fe0b49b66e0038d5096130,88952,80140,653620
dual_g2_s912127_b4,local_multistart_b6_independent,2,2,0.01996467799472157,0.2008172390051186,0.22078191699984018,0.019451910993666388,0.00028460699832066894,26112,15360,10752,32256,127,768,9216,12,12,25493,True,True,True,fa7fcd04342be63fe677cd59a130ee640b882aff9c8a14a8c8de582702a1c165,88952,80144,653620
dual_g4_s912127_b0,original_b0_independent,0,0,0.0006446750048780814,0.24942524399375543,0.2500699189986335,0.00019220900139771402,0.0002304759982507676,0,0,0,0,0,768,9216,12,12,,,True,True,410d967ecea0c550f46e12c6a7ec663e44d4899d99134d4b764798a48e02dc94,88956,80176,653620
dual_g4_s912127_b0,local_multistart_b6_independent,0,1,0.026379953997093253,0.24942524399375543,0.2758051979908487,0.025919506995705888,0.00023536798835266382,37372,21116,16256,48768,197,768,6912,9,9,36634,True,True,True,8d4783d323595d61f56a35f09eae655cdfec243f87a3e6fef9b021b7cfad3b48,88956,80180,653620
dual_g4_s912127_b0,reassociate_b6_independent,0,2,0.005071223000413738,0.24942524399375543,0.25449646699416917,0.00456091899832245,0.0002496419911039993,36634,19726,16908,50724,24,768,9216,12,12,,,True,True,05c9aa05b6071f02558f20e55e83789f27435de068e0a7a192f27e04bbf4aebf,88956,80180,653620
dual_g4_s912127_b0,local_multistart_b6_independent,1,0,0.0273327509930823,0.24942524399375543,0.27675799498683773,0.026839558995561674,0.0002481099945725873,37372,21116,16256,48768,197,768,6912,9,9,36634,True,True,True,8d4783d323595d61f56a35f09eae655cdfec243f87a3e6fef9b021b7cfad3b48,88956,80188,653620
dual_g4_s912127_b0,reassociate_b6_independent,1,1,0.00508294599421788,0.24942524399375543,0.2545081899879733,0.004558512999210507,0.00026637999690137804,36634,19726,16908,50724,24,768,9216,12,12,,,True,True,05c9aa05b6071f02558f20e55e83789f27435de068e0a7a192f27e04bbf4aebf,88956,80188,653620
dual_g4_s912127_b0,original_b0_independent,1,2,0.0006753239867975935,0.24942524399375543,0.250100567980553,0.00019684899598360062,0.0002499810070730746,0,0,0,0,0,768,9216,12,12,,,True,True,410d967ecea0c550f46e12c6a7ec663e44d4899d99134d4b764798a48e02dc94,88956,80188,653620
dual_g4_s912127_b0,reassociate_b6_independent,2,0,0.004761357995448634,0.24942524399375543,0.25418660198920406,0.004210168990539387,0.00029688900394830853,36634,19726,16908,50724,24,768,9216,12,12,,,True,True,05c9aa05b6071f02558f20e55e83789f27435de068e0a7a192f27e04bbf4aebf,88956,80188,653620
dual_g4_s912127_b0,original_b0_independent,2,1,0.0006450680084526539,0.24942524399375543,0.2500703120022081,0.000187497993465513,0.00023530000180471689,0,0,0,0,0,768,9216,12,12,,,True,True,410d967ecea0c550f46e12c6a7ec663e44d4899d99134d4b764798a48e02dc94,88956,80188,653620
dual_g4_s912127_b0,local_multistart_b6_independent,2,2,0.02723368701117579,0.24942524399375543,0.2766589310049312,0.02673853099986445,0.0002578850107965991,37372,21116,16256,48768,197,768,6912,9,9,36634,True,True,True,8d4783d323595d61f56a35f09eae655cdfec243f87a3e6fef9b021b7cfad3b48,88956,80192,653620
dual_g4_s912127_b4,original_b0_independent,0,0,0.0006537330045830458,0.25666987399745267,0.2573236070020357,0.00019905000226572156,0.00023393500305246562,0,0,0,0,0,768,9216,12,12,,,True,True,63c5984837994e336ea189d2188b56ed377516d570051166ea5cd198856dd602,88972,80208,653620
dual_g4_s912127_b4,local_multistart_b6_independent,0,1,0.026569391004159115,0.25666987399745267,0.2832392650016118,0.026096882997080684,0.0002403310063527897,37372,21116,16256,48768,197,768,6912,9,9,36634,True,True,True,1ffebb034b1036d65838524798b585b83fe1e7124953ad5e34ae7d1c37980b6d,88972,80208,653620
dual_g4_s912127_b4,reassociate_b6_independent,0,2,0.004678370998590253,0.25666987399745267,0.2613482449960429,0.004175490001216531,0.0002531760110286996,36634,19726,16908,50724,24,768,9216,12,12,,,True,True,4c46d275c2ea2980d5e6fa4109595aef656a8e5f07b0d0a7a9e90168663b3b95,88972,80208,653620
dual_g4_s912127_b4,local_multistart_b6_independent,1,0,0.02665049600182101,0.25666987399745267,0.2833203699992737,0.02612964899162762,0.00025120000645983964,37372,21116,16256,48768,197,768,6912,9,9,36634,True,True,True,1ffebb034b1036d65838524798b585b83fe1e7124953ad5e34ae7d1c37980b6d,88972,80228,653620
dual_g4_s912127_b4,reassociate_b6_independent,1,1,0.0065159420046256855,0.25666987399745267,0.26318581600207835,0.005796661993372254,0.0003632000007200986,36634,19726,16908,50724,24,768,9216,12,12,,,True,True,4c46d275c2ea2980d5e6fa4109595aef656a8e5f07b0d0a7a9e90168663b3b95,88972,80228,653620
dual_g4_s912127_b4,original_b0_independent,1,2,0.0009045279875863343,0.25666987399745267,0.257574401985039,0.00026441899535711855,0.00032256000849884003,0,0,0,0,0,768,9216,12,12,,,True,True,63c5984837994e336ea189d2188b56ed377516d570051166ea5cd198856dd602,88972,80228,653620
dual_g4_s912127_b4,reassociate_b6_independent,2,0,0.006881626002723351,0.25666987399745267,0.263551500000176,0.006183580000652,0.0003577430034056306,36634,19726,16908,50724,24,768,9216,12,12,,,True,True,4c46d275c2ea2980d5e6fa4109595aef656a8e5f07b0d0a7a9e90168663b3b95,88972,80228,653620
dual_g4_s912127_b4,original_b0_independent,2,1,0.00091051499475725,0.25666987399745267,0.2575803889922099,0.0002690580004127696,0.00032822600041981786,0,0,0,0,0,768,9216,12,12,,,True,True,63c5984837994e336ea189d2188b56ed377516d570051166ea5cd198856dd602,88972,80228,653620
dual_g4_s912127_b4,local_multistart_b6_independent,2,2,0.04051559198705945,0.25666987399745267,0.2971854659845121,0.03983990999404341,0.0003421970031922683,37372,21116,16256,48768,197,768,6912,9,9,36634,True,True,True,1ffebb034b1036d65838524798b585b83fe1e7124953ad5e34ae7d1c37980b6d,88972,80232,653620
dual_g8_s912127_b0,original_b0_independent,0,0,0.0005908780003665015,0.24120240200136323,0.24179328000172973,0.0001740000006975606,0.0002152920060325414,0,0,0,0,0,768,6912,9,9,,,True,True,60ac008605090bccce0fd8e6e77be47c24ec31dd45719f441c3bb8dc05d4ab72,89000,80252,653620
dual_g8_s912127_b0,local_multistart_b6_independent,0,1,0.02293079299852252,0.24120240200136323,0.26413319499988575,0.022475106990896165,0.00023362200590781868,30625,17750,12875,38625,157,768,6912,9,9,29952,True,True,True,e72bb31cc46b583fe7b2e469d44e264c64c897ecb96d1526c63930817b85d4c9,89000,80252,653620
dual_g8_s912127_b0,reassociate_b6_independent,0,2,0.003964535993873142,0.24120240200136323,0.24516693799523637,0.003498225996736437,0.0002345180109841749,29952,16128,13824,41472,18,768,6912,9,9,,,True,True,6e36f64e3053e683416af114bd77708ec6202e5324c38c3615be160221017420,89000,80252,653620
dual_g8_s912127_b0,local_multistart_b6_independent,1,0,0.022910155006684363,0.24120240200136323,0.2641125570080476,0.02246398500574287,0.00022989900026004761,30625,17750,12875,38625,157,768,6912,9,9,29952,True,True,True,e72bb31cc46b583fe7b2e469d44e264c64c897ecb96d1526c63930817b85d4c9,89000,80252,653620
dual_g8_s912127_b0,reassociate_b6_independent,1,1,0.003914779998012818,0.24120240200136323,0.24511718199937604,0.0034766979952109978,0.0002172230015276,29952,16128,13824,41472,18,768,6912,9,9,,,True,True,6e36f64e3053e683416af114bd77708ec6202e5324c38c3615be160221017420,89000,80252,653620
dual_g8_s912127_b0,original_b0_independent,1,2,0.0005908730090595782,0.24120240200136323,0.2417932750104228,0.00017083800048567355,0.00021568199736066163,0,0,0,0,0,768,6912,9,9,,,True,True,60ac008605090bccce0fd8e6e77be47c24ec31dd45719f441c3bb8dc05d4ab72,89000,80252,653620
dual_g8_s912127_b0,reassociate_b6_independent,2,0,0.003939806003472768,0.24120240200136323,0.245142208004836,0.003498231992125511,0.00021918100537732244,29952,16128,13824,41472,18,768,6912,9,9,,,True,True,6e36f64e3053e683416af114bd77708ec6202e5324c38c3615be160221017420,89000,80252,653620
dual_g8_s912127_b0,original_b0_independent,2,1,0.0006029689975548536,0.24120240200136323,0.24180537099891808,0.00017605700122658163,0.00021376599033828825,0,0,0,0,0,768,6912,9,9,,,True,True,60ac008605090bccce0fd8e6e77be47c24ec31dd45719f441c3bb8dc05d4ab72,89000,80252,653620
dual_g8_s912127_b0,local_multistart_b6_independent,2,2,0.02302703299210407,0.24120240200136323,0.2642294349934673,0.022570768996956758,0.00023487300495617092,30625,17750,12875,38625,157,768,6912,9,9,29952,True,True,True,e72bb31cc46b583fe7b2e469d44e264c64c897ecb96d1526c63930817b85d4c9,89000,80252,653620
dual_g8_s912127_b4,original_b0_independent,0,0,0.0006182610086398199,0.2448213310126448,0.24543959202128462,0.00018536699644755572,0.00022329601051751524,0,0,0,0,0,768,6912,9,9,,,True,True,5caea9bdcddb3bc07847835de07a436887d5375606aebea70f33ff63bfdff8f0,89012,80268,653620
dual_g8_s912127_b4,local_multistart_b6_independent,0,1,0.023154893991886638,0.2448213310126448,0.26797622500453144,0.02268033000291325,0.00024043300072662532,30625,17750,12875,38625,157,768,6912,9,9,29952,True,True,True,8863506d4b571360c11f51e9b027b9d9a7006c846cf717895b02eaf20b39499b,89012,80268,653620
dual_g8_s912127_b4,reassociate_b6_independent,0,2,0.004293570993468165,0.2448213310126448,0.24911490200611297,0.0038111739995656535,0.0002244240022264421,29952,16128,13824,41472,18,768,6912,9,9,,,True,True,ef44cdc343f9a9736a64b0f20189faffad463c3a723a95242e537b4f83d71111,89012,80268,653620
dual_g8_s912127_b4,local_multistart_b6_independent,1,0,0.023033635996398516,0.2448213310126448,0.2678549670090433,0.022568372995010577,0.0002362119994359091,30625,17750,12875,38625,157,768,6912,9,9,29952,True,True,True,8863506d4b571360c11f51e9b027b9d9a7006c846cf717895b02eaf20b39499b,89012,80268,653620
dual_g8_s912127_b4,reassociate_b6_independent,1,1,0.0038847230025567114,0.2448213310126448,0.24870605401520152,0.0034420059964759275,0.00021993900008965284,29952,16128,13824,41472,18,768,6912,9,9,,,True,True,ef44cdc343f9a9736a64b0f20189faffad463c3a723a95242e537b4f83d71111,89012,80268,653620
dual_g8_s912127_b4,original_b0_independent,1,2,0.0005910059990128502,0.2448213310126448,0.24541233701165766,0.00016999999934341758,0.0002167859929613769,0,0,0,0,0,768,6912,9,9,,,True,True,5caea9bdcddb3bc07847835de07a436887d5375606aebea70f33ff63bfdff8f0,89012,80268,653620
dual_g8_s912127_b4,reassociate_b6_independent,2,0,0.003836666001006961,0.2448213310126448,0.24865799701365177,0.003401348993065767,0.00021220800408627838,29952,16128,13824,41472,18,768,6912,9,9,,,True,True,ef44cdc343f9a9736a64b0f20189faffad463c3a723a95242e537b4f83d71111,89012,80268,653620
dual_g8_s912127_b4,original_b0_independent,2,1,0.0005761110078310594,0.2448213310126448,0.24539744202047586,0.0001639889960642904,0.00021158000163268298,0,0,0,0,0,768,6912,9,9,,,True,True,5caea9bdcddb3bc07847835de07a436887d5375606aebea70f33ff63bfdff8f0,89012,80268,653620
dual_g8_s912127_b4,local_multistart_b6_independent,2,2,0.023113346003810875,0.2448213310126448,0.2679346770164557,0.022644194003078155,0.0002431699977023527,30625,17750,12875,38625,157,768,6912,9,9,29952,True,True,True,8863506d4b571360c11f51e9b027b9d9a7006c846cf717895b02eaf20b39499b,89012,80268,653620
