case,domain,method,additional_edit_rms_mm,fraction_more_than_001mm
dual_g2_s9131011_b0,synthetic,identity,0.0820421025275519,1.0
dual_g2_s9131011_b0,synthetic,old_original,1.0297316149357918,0.9869791666666666
dual_g2_s9131011_b0,synthetic,old_multistart,1.0297316149357918,0.9869791666666666
dual_g2_s9131011_b0,synthetic,whole_spatial,0.9698921874618133,0.98828125
dual_g2_s9131011_b0,synthetic,local_plane_96,1.0218329159580393,0.9869791666666666
dual_g2_s9131011_b0,synthetic,local_plane_256,1.0694664947054726,0.9921875
dual_g2_s9131011_b0,synthetic,local_spatial_96,1.0218329159580393,0.9869791666666666
dual_g2_s9131011_b0,synthetic,local_spatial_256,1.0694664947054726,0.9921875
dual_g2_s9131011_b0,synthetic,apss_1,0.379223205938944,0.88671875
dual_g2_s9131011_b0,synthetic,apss_2,0.7689088863263791,0.9934895833333334
dual_g2_s9131011_b0,synthetic,rimls_1,0.34268478007792463,0.88671875
dual_g2_s9131011_b0,synthetic,rimls_2,0.7602944993408622,0.98828125
dual_g2_s9131011_b0,synthetic,raw_apss_2,0.7701620651734034,0.9895833333333334
dual_g2_s9131011_b0,synthetic,raw_rimls_2,0.7616020230256925,0.99609375
dual_g2_s9131011_b4,synthetic,identity,3.9864770861410705,1.0
dual_g2_s9131011_b4,synthetic,old_original,1.0296790907580144,0.9869791666666666
dual_g2_s9131011_b4,synthetic,old_multistart,1.0296790907580144,0.9869791666666666
dual_g2_s9131011_b4,synthetic,whole_spatial,0.9698968761967077,0.98828125
dual_g2_s9131011_b4,synthetic,local_plane_96,1.0218900636510706,0.984375
dual_g2_s9131011_b4,synthetic,local_plane_256,1.0695475256108717,0.9934895833333334
dual_g2_s9131011_b4,synthetic,local_spatial_96,1.0218900636510706,0.984375
dual_g2_s9131011_b4,synthetic,local_spatial_256,1.0695475256108717,0.9934895833333334
dual_g2_s9131011_b4,synthetic,apss_1,0.37495378679597885,0.8893229166666666
dual_g2_s9131011_b4,synthetic,apss_2,0.7683091976459576,0.9895833333333334
dual_g2_s9131011_b4,synthetic,rimls_1,0.3391385789909965,0.88671875
dual_g2_s9131011_b4,synthetic,rimls_2,0.75998243137643,0.9869791666666666
dual_g2_s9131011_b4,synthetic,raw_apss_2,3.6881780662756456,1.0
dual_g2_s9131011_b4,synthetic,raw_rimls_2,3.8069140447080634,1.0
dual_g2_s9131021_b0,synthetic,identity,0.08493819577191938,0.875
dual_g2_s9131021_b0,synthetic,old_original,1.0627746123205304,0.9895833333333334
dual_g2_s9131021_b0,synthetic,old_multistart,1.005584183930055,0.9908854166666666
dual_g2_s9131021_b0,synthetic,whole_spatial,0.9859712579346762,0.9934895833333334
dual_g2_s9131021_b0,synthetic,local_plane_96,1.0554909836708954,0.9947916666666666
dual_g2_s9131021_b0,synthetic,local_plane_256,1.1195035519838012,0.9934895833333334
dual_g2_s9131021_b0,synthetic,local_spatial_96,1.0554909836708954,0.9947916666666666
dual_g2_s9131021_b0,synthetic,local_spatial_256,1.1195035519838012,0.9934895833333334
dual_g2_s9131021_b0,synthetic,apss_1,0.4247417473715739,0.8671875
dual_g2_s9131021_b0,synthetic,apss_2,0.8129793966143659,0.9921875
dual_g2_s9131021_b0,synthetic,rimls_1,0.387342288352331,0.8658854166666666
dual_g2_s9131021_b0,synthetic,rimls_2,0.8048424279079085,0.9934895833333334
dual_g2_s9131021_b0,synthetic,raw_apss_2,0.8140824596287317,0.9973958333333334
dual_g2_s9131021_b0,synthetic,raw_rimls_2,0.8058895371097214,0.9973958333333334
dual_g2_s9131021_b4,synthetic,identity,4.032186578300857,1.0
dual_g2_s9131021_b4,synthetic,old_original,1.0627739897492832,0.9895833333333334
dual_g2_s9131021_b4,synthetic,old_multistart,1.0055883005487594,0.98828125
dual_g2_s9131021_b4,synthetic,whole_spatial,0.9859773126890369,0.9934895833333334
dual_g2_s9131021_b4,synthetic,local_plane_96,1.0548390228853153,0.9973958333333334
dual_g2_s9131021_b4,synthetic,local_plane_256,1.118341120874796,0.9921875
dual_g2_s9131021_b4,synthetic,local_spatial_96,1.0548390228853153,0.9973958333333334
dual_g2_s9131021_b4,synthetic,local_spatial_256,1.118341120874796,0.9921875
dual_g2_s9131021_b4,synthetic,apss_1,0.42563708375613163,0.8645833333333334
dual_g2_s9131021_b4,synthetic,apss_2,0.8132106637510916,0.9921875
dual_g2_s9131021_b4,synthetic,rimls_1,0.3878953145984486,0.8658854166666666
dual_g2_s9131021_b4,synthetic,rimls_2,0.8050682632877073,0.9947916666666666
dual_g2_s9131021_b4,synthetic,raw_apss_2,3.9162043892512512,1.0
dual_g2_s9131021_b4,synthetic,raw_rimls_2,3.987918680697971,1.0
dual_g2_s9131033_b0,synthetic,identity,0.1331394811903748,1.0
dual_g2_s9131033_b0,synthetic,old_original,1.032713300731611,0.9921875
dual_g2_s9131033_b0,synthetic,old_multistart,1.032713300731611,0.9921875
dual_g2_s9131033_b0,synthetic,whole_spatial,0.9632200052271014,0.9921875
dual_g2_s9131033_b0,synthetic,local_plane_96,1.0263653881304968,0.9973958333333334
dual_g2_s9131033_b0,synthetic,local_plane_256,1.0792915120115312,0.9895833333333334
dual_g2_s9131033_b0,synthetic,local_spatial_96,1.0263653881304968,0.9973958333333334
dual_g2_s9131033_b0,synthetic,local_spatial_256,0.9717216766246285,0.9856770833333334
dual_g2_s9131033_b0,synthetic,apss_1,0.3897558641218685,0.88671875
dual_g2_s9131033_b0,synthetic,apss_2,0.8193020012718633,0.9895833333333334
dual_g2_s9131033_b0,synthetic,rimls_1,0.3630351730391926,0.8841145833333334
dual_g2_s9131033_b0,synthetic,rimls_2,0.813816772704513,0.9908854166666666
dual_g2_s9131033_b0,synthetic,raw_apss_2,0.8212359644978455,0.99609375
dual_g2_s9131033_b0,synthetic,raw_rimls_2,0.8161457058979469,0.9973958333333334
dual_g2_s9131033_b4,synthetic,identity,3.934630449498516,1.0
dual_g2_s9131033_b4,synthetic,old_original,1.0327509972938669,0.9921875
dual_g2_s9131033_b4,synthetic,old_multistart,1.0327509972938669,0.9921875
dual_g2_s9131033_b4,synthetic,whole_spatial,0.9632174055485829,0.9921875
dual_g2_s9131033_b4,synthetic,local_plane_96,1.0264364602694553,0.9973958333333334
dual_g2_s9131033_b4,synthetic,local_plane_256,1.1003871388107516,0.9921875
dual_g2_s9131033_b4,synthetic,local_spatial_96,1.0264364602694553,0.9973958333333334
dual_g2_s9131033_b4,synthetic,local_spatial_256,1.0092152620619614,0.9895833333333334
dual_g2_s9131033_b4,synthetic,apss_1,0.38936923558363923,0.8828125
dual_g2_s9131033_b4,synthetic,apss_2,0.8195556266908182,0.98828125
dual_g2_s9131033_b4,synthetic,rimls_1,0.36346660730682506,0.87890625
dual_g2_s9131033_b4,synthetic,rimls_2,0.8139563141364247,0.9908854166666666
dual_g2_s9131033_b4,synthetic,raw_apss_2,3.4733913163412353,1.0
dual_g2_s9131033_b4,synthetic,raw_rimls_2,3.727054834638286,1.0
dual_g4_s9131011_b0,synthetic,identity,0.13827927677735813,0.9401041666666666
dual_g4_s9131011_b0,synthetic,old_original,0.95834041183491,0.93359375
dual_g4_s9131011_b0,synthetic,old_multistart,0.9121631592956105,0.9348958333333334
dual_g4_s9131011_b0,synthetic,whole_spatial,0.9651474340465288,0.9388020833333334
dual_g4_s9131011_b0,synthetic,local_plane_96,1.1161566302218546,0.9322916666666666
dual_g4_s9131011_b0,synthetic,local_plane_256,1.299466463131951,0.9309895833333334
dual_g4_s9131011_b0,synthetic,local_spatial_96,0.9947826326667185,0.93359375
dual_g4_s9131011_b0,synthetic,local_spatial_256,0.944149389209485,0.9283854166666666
dual_g4_s9131011_b0,synthetic,apss_1,0.38181671018265373,0.8190104166666666
dual_g4_s9131011_b0,synthetic,apss_2,0.7561518998936508,0.9270833333333334
dual_g4_s9131011_b0,synthetic,rimls_1,0.36248299841320625,0.8177083333333334
dual_g4_s9131011_b0,synthetic,rimls_2,0.7474993167526173,0.9270833333333334
dual_g4_s9131011_b0,synthetic,raw_apss_2,0.7604297898969041,0.9348958333333334
dual_g4_s9131011_b0,synthetic,raw_rimls_2,0.7520939624217639,0.9361979166666666
dual_g4_s9131011_b4,synthetic,identity,3.899806290459314,0.8216145833333334
dual_g4_s9131011_b4,synthetic,old_original,0.9571658617999123,0.9348958333333334
dual_g4_s9131011_b4,synthetic,old_multistart,0.9108669655506284,0.9296875
dual_g4_s9131011_b4,synthetic,whole_spatial,0.9628963195917479,0.9296875
dual_g4_s9131011_b4,synthetic,local_plane_96,1.1140190969437445,0.9283854166666666
dual_g4_s9131011_b4,synthetic,local_plane_256,1.2984098838835474,0.93359375
dual_g4_s9131011_b4,synthetic,local_spatial_96,0.9926811433309136,0.9283854166666666
dual_g4_s9131011_b4,synthetic,local_spatial_256,0.9430641754712097,0.9283854166666666
dual_g4_s9131011_b4,synthetic,apss_1,0.37992050342941797,0.8190104166666666
dual_g4_s9131011_b4,synthetic,apss_2,0.755111097477619,0.9283854166666666
dual_g4_s9131011_b4,synthetic,rimls_1,0.36110801966626016,0.8151041666666666
dual_g4_s9131011_b4,synthetic,rimls_2,0.7464851534994865,0.9244791666666666
dual_g4_s9131011_b4,synthetic,raw_apss_2,3.6300609850988264,0.9361979166666666
dual_g4_s9131011_b4,synthetic,raw_rimls_2,3.7052366047487384,0.9375
dual_g4_s9131021_b0,synthetic,identity,0.11133776815757795,0.9713541666666666
dual_g4_s9131021_b0,synthetic,old_original,1.0739103713970395,0.9622395833333334
dual_g4_s9131021_b0,synthetic,old_multistart,0.9671013813387201,0.9635416666666666
dual_g4_s9131021_b0,synthetic,whole_spatial,1.0036021662727521,0.9622395833333334
dual_g4_s9131021_b0,synthetic,local_plane_96,1.183918981187818,0.95703125
dual_g4_s9131021_b0,synthetic,local_plane_256,1.3300715278653188,0.9674479166666666
dual_g4_s9131021_b0,synthetic,local_spatial_96,0.9993733302541218,0.95703125
dual_g4_s9131021_b0,synthetic,local_spatial_256,0.9454210647992906,0.96484375
dual_g4_s9131021_b0,synthetic,apss_1,0.41039910568316307,0.8619791666666666
dual_g4_s9131021_b0,synthetic,apss_2,0.8245997819089005,0.96484375
dual_g4_s9131021_b0,synthetic,rimls_1,0.3834816086698048,0.859375
dual_g4_s9131021_b0,synthetic,rimls_2,0.8174987956151062,0.9661458333333334
dual_g4_s9131021_b0,synthetic,raw_apss_2,0.826875099881221,0.96484375
dual_g4_s9131021_b0,synthetic,raw_rimls_2,0.8199180061624902,0.9700520833333334
dual_g4_s9131021_b4,synthetic,identity,3.9821340510134537,0.9713541666666666
dual_g4_s9131021_b4,synthetic,old_original,1.0735406964160397,0.9622395833333334
dual_g4_s9131021_b4,synthetic,old_multistart,0.9666517526174129,0.9635416666666666
dual_g4_s9131021_b4,synthetic,whole_spatial,1.0030147066997819,0.9596354166666666
dual_g4_s9131021_b4,synthetic,local_plane_96,1.183404007920993,0.9557291666666666
dual_g4_s9131021_b4,synthetic,local_plane_256,1.329846299851037,0.96875
dual_g4_s9131021_b4,synthetic,local_spatial_96,0.9874792023809875,0.9518229166666666
dual_g4_s9131021_b4,synthetic,local_spatial_256,0.9446373301977841,0.9622395833333334
dual_g4_s9131021_b4,synthetic,apss_1,0.4105569719842269,0.8580729166666666
dual_g4_s9131021_b4,synthetic,apss_2,0.8240600939924944,0.9661458333333334
dual_g4_s9131021_b4,synthetic,rimls_1,0.3836517819938513,0.8567708333333334
dual_g4_s9131021_b4,synthetic,rimls_2,0.8169518924122415,0.9674479166666666
dual_g4_s9131021_b4,synthetic,raw_apss_2,3.8656115987693584,0.9713541666666666
dual_g4_s9131021_b4,synthetic,raw_rimls_2,3.9444090814070916,0.9713541666666666
dual_g4_s9131033_b0,synthetic,identity,0.16968694649814156,0.83984375
dual_g4_s9131033_b0,synthetic,old_original,1.005862511782388,0.953125
dual_g4_s9131033_b0,synthetic,old_multistart,0.9445512488717451,0.9557291666666666
dual_g4_s9131033_b0,synthetic,whole_spatial,0.9721439386561666,0.95703125
dual_g4_s9131033_b0,synthetic,local_plane_96,1.1401478929649336,0.9505208333333334
dual_g4_s9131033_b0,synthetic,local_plane_256,1.3213613777752118,0.9622395833333334
dual_g4_s9131033_b0,synthetic,local_spatial_96,0.9567482684686367,0.94921875
dual_g4_s9131033_b0,synthetic,local_spatial_256,0.9903300218640323,0.9557291666666666
dual_g4_s9131033_b0,synthetic,apss_1,0.41009272441827793,0.8450520833333334
dual_g4_s9131033_b0,synthetic,apss_2,0.7790096012256446,0.9557291666666666
dual_g4_s9131033_b0,synthetic,rimls_1,0.35753815836273806,0.8502604166666666
dual_g4_s9131033_b0,synthetic,rimls_2,0.7726265038077975,0.95703125
dual_g4_s9131033_b0,synthetic,raw_apss_2,0.7839499250071754,0.9453125
dual_g4_s9131033_b0,synthetic,raw_rimls_2,0.7781759334316658,0.9596354166666666
dual_g4_s9131033_b4,synthetic,identity,3.7983724852626435,0.9635416666666666
dual_g4_s9131033_b4,synthetic,old_original,1.0055947456062806,0.953125
dual_g4_s9131033_b4,synthetic,old_multistart,0.9449063019232102,0.9544270833333334
dual_g4_s9131033_b4,synthetic,whole_spatial,0.9721509647545012,0.9557291666666666
dual_g4_s9131033_b4,synthetic,local_plane_96,1.1398472944966465,0.9505208333333334
dual_g4_s9131033_b4,synthetic,local_plane_256,1.322919730900198,0.9583333333333334
dual_g4_s9131033_b4,synthetic,local_spatial_96,0.9569008484186221,0.94921875
dual_g4_s9131033_b4,synthetic,local_spatial_256,0.9932706531903517,0.9609375
dual_g4_s9131033_b4,synthetic,apss_1,0.4086033168252683,0.8424479166666666
dual_g4_s9131033_b4,synthetic,apss_2,0.7796149621555675,0.9544270833333334
dual_g4_s9131033_b4,synthetic,rimls_1,0.3563614449978552,0.84765625
dual_g4_s9131033_b4,synthetic,rimls_2,0.7728123266382267,0.9544270833333334
dual_g4_s9131033_b4,synthetic,raw_apss_2,3.261326244582809,0.9635416666666666
dual_g4_s9131033_b4,synthetic,raw_rimls_2,3.5648349224026887,0.9635416666666666
dual_g8_s9131011_b0,synthetic,identity,0.0904588327958435,0.87109375
dual_g8_s9131011_b0,synthetic,old_original,0.9840331872777834,0.9856770833333334
dual_g8_s9131011_b0,synthetic,old_multistart,0.9586110691152876,0.9830729166666666
dual_g8_s9131011_b0,synthetic,whole_spatial,0.9838974458547554,0.9869791666666666
dual_g8_s9131011_b0,synthetic,local_plane_96,1.3718931341600291,0.9895833333333334
dual_g8_s9131011_b0,synthetic,local_plane_256,1.9155570429634352,0.9921875
dual_g8_s9131011_b0,synthetic,local_spatial_96,1.0294647438227567,0.9869791666666666
dual_g8_s9131011_b0,synthetic,local_spatial_256,1.1077471588027374,0.9908854166666666
dual_g8_s9131011_b0,synthetic,apss_1,0.416169331698448,0.8763020833333334
dual_g8_s9131011_b0,synthetic,apss_2,0.8290395430542775,0.9856770833333334
dual_g8_s9131011_b0,synthetic,rimls_1,0.3814618135627751,0.8697916666666666
dual_g8_s9131011_b0,synthetic,rimls_2,0.8229698213874626,0.98828125
dual_g8_s9131011_b0,synthetic,raw_apss_2,0.8286285526175207,0.9895833333333334
dual_g8_s9131011_b0,synthetic,raw_rimls_2,0.8224903693815988,0.9921875
dual_g8_s9131011_b4,synthetic,identity,3.923310280825416,0.9830729166666666
dual_g8_s9131011_b4,synthetic,old_original,0.982495523753926,0.9739583333333334
dual_g8_s9131011_b4,synthetic,old_multistart,0.9552160049230494,0.9791666666666666
dual_g8_s9131011_b4,synthetic,whole_spatial,0.9777522779851017,0.9752604166666666
dual_g8_s9131011_b4,synthetic,local_plane_96,1.367595706699246,0.9791666666666666
dual_g8_s9131011_b4,synthetic,local_plane_256,1.9074666781693528,0.9791666666666666
dual_g8_s9131011_b4,synthetic,local_spatial_96,1.0205543633906824,0.9778645833333334
dual_g8_s9131011_b4,synthetic,local_spatial_256,1.1010639006181744,0.9778645833333334
dual_g8_s9131011_b4,synthetic,apss_1,0.4112405058404449,0.8723958333333334
dual_g8_s9131011_b4,synthetic,apss_2,0.8240517897946801,0.9752604166666666
dual_g8_s9131011_b4,synthetic,rimls_1,0.37874358849283996,0.8697916666666666
dual_g8_s9131011_b4,synthetic,rimls_2,0.8176992596618375,0.9752604166666666
dual_g8_s9131011_b4,synthetic,raw_apss_2,3.5564225100643108,0.9817708333333334
dual_g8_s9131011_b4,synthetic,raw_rimls_2,3.7463025053182726,0.9830729166666666
dual_g8_s9131021_b0,synthetic,identity,0.12642622986964164,0.9908854166666666
dual_g8_s9131021_b0,synthetic,old_original,1.0124008074091129,0.98828125
dual_g8_s9131021_b0,synthetic,old_multistart,0.9795753716757358,0.9752604166666666
dual_g8_s9131021_b0,synthetic,whole_spatial,1.017275169777044,0.984375
dual_g8_s9131021_b0,synthetic,local_plane_96,1.5774016731112175,0.9817708333333334
dual_g8_s9131021_b0,synthetic,local_plane_256,2.0246970384770333,0.9869791666666666
dual_g8_s9131021_b0,synthetic,local_spatial_96,1.1043113850605868,0.9817708333333334
dual_g8_s9131021_b0,synthetic,local_spatial_256,1.1561689573338683,0.984375
dual_g8_s9131021_b0,synthetic,apss_1,0.3875969158073334,0.8723958333333334
dual_g8_s9131021_b0,synthetic,apss_2,0.8086236327779566,0.98046875
dual_g8_s9131021_b0,synthetic,rimls_1,0.34692584390980646,0.8723958333333334
dual_g8_s9131021_b0,synthetic,rimls_2,0.803001556534062,0.9778645833333334
dual_g8_s9131021_b0,synthetic,raw_apss_2,0.809984729327932,0.9778645833333334
dual_g8_s9131021_b0,synthetic,raw_rimls_2,0.8038231373985618,0.984375
dual_g8_s9131021_b4,synthetic,identity,3.99818067487411,0.9908854166666666
dual_g8_s9131021_b4,synthetic,old_original,1.0124194201167336,0.9869791666666666
dual_g8_s9131021_b4,synthetic,old_multistart,0.9795621482132757,0.9752604166666666
dual_g8_s9131021_b4,synthetic,whole_spatial,1.017272726226478,0.984375
dual_g8_s9131021_b4,synthetic,local_plane_96,1.5670341924189741,0.9856770833333334
dual_g8_s9131021_b4,synthetic,local_plane_256,2.0247100131065463,0.9869791666666666
dual_g8_s9131021_b4,synthetic,local_spatial_96,1.1034339793966976,0.98046875
dual_g8_s9131021_b4,synthetic,local_spatial_256,1.1561736834903538,0.984375
dual_g8_s9131021_b4,synthetic,apss_1,0.38711266532183203,0.8723958333333334
dual_g8_s9131021_b4,synthetic,apss_2,0.8084274399416628,0.9817708333333334
dual_g8_s9131021_b4,synthetic,rimls_1,0.3468521744662776,0.8723958333333334
dual_g8_s9131021_b4,synthetic,rimls_2,0.802803350138177,0.98046875
dual_g8_s9131021_b4,synthetic,raw_apss_2,3.838770473406429,0.9908854166666666
dual_g8_s9131021_b4,synthetic,raw_rimls_2,3.911843022506449,0.9908854166666666
dual_g8_s9131033_b0,synthetic,identity,0.13481567902759026,0.7356770833333334
dual_g8_s9131033_b0,synthetic,old_original,0.9902439002397884,0.9713541666666666
dual_g8_s9131033_b0,synthetic,old_multistart,0.9349741892293039,0.96875
dual_g8_s9131033_b0,synthetic,whole_spatial,0.96874035114763,0.9713541666666666
dual_g8_s9131033_b0,synthetic,local_plane_96,1.440722665556502,0.96875
dual_g8_s9131033_b0,synthetic,local_plane_256,2.000653391448735,0.9765625
dual_g8_s9131033_b0,synthetic,local_spatial_96,1.027316006494058,0.9661458333333334
dual_g8_s9131033_b0,synthetic,local_spatial_256,1.204173235403967,0.97265625
dual_g8_s9131033_b0,synthetic,apss_1,0.4406744895366009,0.859375
dual_g8_s9131033_b0,synthetic,apss_2,0.8079575425554445,0.9752604166666666
dual_g8_s9131033_b0,synthetic,rimls_1,0.39898216704604117,0.8619791666666666
dual_g8_s9131033_b0,synthetic,rimls_2,0.7989682237646535,0.9713541666666666
dual_g8_s9131033_b0,synthetic,raw_apss_2,0.8115397120137716,0.9739583333333334
dual_g8_s9131033_b0,synthetic,raw_rimls_2,0.8022184932698673,0.9752604166666666
dual_g8_s9131033_b4,synthetic,identity,3.8775921321309244,0.9791666666666666
dual_g8_s9131033_b4,synthetic,old_original,0.9902886472511214,0.97265625
dual_g8_s9131033_b4,synthetic,old_multistart,0.9350044824492572,0.96875
dual_g8_s9131033_b4,synthetic,whole_spatial,0.9687696491388873,0.96875
dual_g8_s9131033_b4,synthetic,local_plane_96,1.4406263874125547,0.9700520833333334
dual_g8_s9131033_b4,synthetic,local_plane_256,2.000900050868553,0.9752604166666666
dual_g8_s9131033_b4,synthetic,local_spatial_96,1.0272680537502372,0.9674479166666666
dual_g8_s9131033_b4,synthetic,local_spatial_256,1.2043099888918245,0.9713541666666666
dual_g8_s9131033_b4,synthetic,apss_1,0.4406273606990548,0.8658854166666666
dual_g8_s9131033_b4,synthetic,apss_2,0.8079103001567487,0.9752604166666666
dual_g8_s9131033_b4,synthetic,rimls_1,0.399134911889598,0.86328125
dual_g8_s9131033_b4,synthetic,rimls_2,0.7989446608403281,0.97265625
dual_g8_s9131033_b4,synthetic,raw_apss_2,3.504977460786544,0.9791666666666666
dual_g8_s9131033_b4,synthetic,raw_rimls_2,3.69411607565457,0.9791666666666666
ghost_s9131011_b0,synthetic,identity,0.08714752551270498,1.0
ghost_s9131011_b0,synthetic,old_original,0.9813082048761201,0.99609375
ghost_s9131011_b0,synthetic,old_multistart,0.9813082048761201,0.99609375
ghost_s9131011_b0,synthetic,whole_spatial,0.9813081036786904,0.99609375
ghost_s9131011_b0,synthetic,local_plane_96,0.976545155647992,0.9921875
ghost_s9131011_b0,synthetic,local_plane_256,0.98036033824002,0.98828125
ghost_s9131011_b0,synthetic,local_spatial_96,0.976545155647992,0.9921875
ghost_s9131011_b0,synthetic,local_spatial_256,0.98036033824002,0.98828125
ghost_s9131011_b0,synthetic,apss_1,0.41727765511393783,0.8802083333333334
ghost_s9131011_b0,synthetic,apss_2,0.7870440562928417,0.9856770833333334
ghost_s9131011_b0,synthetic,rimls_1,0.3773695195785704,0.8802083333333334
ghost_s9131011_b0,synthetic,rimls_2,0.7792573677940676,0.984375
ghost_s9131011_b0,synthetic,raw_apss_2,0.7875193009181529,0.9908854166666666
ghost_s9131011_b0,synthetic,raw_rimls_2,0.7800214841689503,0.9908854166666666
ghost_s9131011_b4,synthetic,identity,3.999192190101848,1.0
ghost_s9131011_b4,synthetic,old_original,0.9813083254476009,0.99609375
ghost_s9131011_b4,synthetic,old_multistart,0.9813083254476009,0.99609375
ghost_s9131011_b4,synthetic,whole_spatial,0.981308224323231,0.99609375
ghost_s9131011_b4,synthetic,local_plane_96,0.976606088557644,0.9921875
ghost_s9131011_b4,synthetic,local_plane_256,0.9803570411456054,0.9869791666666666
ghost_s9131011_b4,synthetic,local_spatial_96,0.976606088557644,0.9921875
ghost_s9131011_b4,synthetic,local_spatial_256,0.9803570411456054,0.9869791666666666
ghost_s9131011_b4,synthetic,apss_1,0.41817843915624686,0.8763020833333334
ghost_s9131011_b4,synthetic,apss_2,0.7872025218236857,0.98828125
ghost_s9131011_b4,synthetic,rimls_1,0.37657080368149104,0.8776041666666666
ghost_s9131011_b4,synthetic,rimls_2,0.7792667748988719,0.9869791666666666
ghost_s9131011_b4,synthetic,raw_apss_2,3.7776297215793258,0.9986979166666666
ghost_s9131011_b4,synthetic,raw_rimls_2,3.822616361412866,1.0
ghost_s9131021_b0,synthetic,identity,0.0938419629973076,0.875
ghost_s9131021_b0,synthetic,old_original,1.0225959748523188,0.9830729166666666
ghost_s9131021_b0,synthetic,old_multistart,1.0225959748523188,0.9830729166666666
ghost_s9131021_b0,synthetic,whole_spatial,1.0225957829469619,0.9830729166666666
ghost_s9131021_b0,synthetic,local_plane_96,1.0090802557736331,0.98828125
ghost_s9131021_b0,synthetic,local_plane_256,1.016778111252693,0.9934895833333334
ghost_s9131021_b0,synthetic,local_spatial_96,1.0090802557736331,0.98828125
ghost_s9131021_b0,synthetic,local_spatial_256,1.016778111252693,0.9934895833333334
ghost_s9131021_b0,synthetic,apss_1,0.3875199867754277,0.8763020833333334
ghost_s9131021_b0,synthetic,apss_2,0.8088895740055366,0.9895833333333334
ghost_s9131021_b0,synthetic,rimls_1,0.3611406490300229,0.88671875
ghost_s9131021_b0,synthetic,rimls_2,0.8045240619637914,0.98828125
ghost_s9131021_b0,synthetic,raw_apss_2,0.8110426456543501,0.98828125
ghost_s9131021_b0,synthetic,raw_rimls_2,0.8070803002652908,0.9947916666666666
ghost_s9131021_b4,synthetic,identity,4.003034500974931,1.0
ghost_s9131021_b4,synthetic,old_original,1.0225833844353636,0.9817708333333334
ghost_s9131021_b4,synthetic,old_multistart,1.0225833844353636,0.9817708333333334
ghost_s9131021_b4,synthetic,whole_spatial,1.02258318935031,0.9817708333333334
ghost_s9131021_b4,synthetic,local_plane_96,1.009151640503583,0.9908854166666666
ghost_s9131021_b4,synthetic,local_plane_256,1.0167648924911157,0.9934895833333334
ghost_s9131021_b4,synthetic,local_spatial_96,1.009151640503583,0.9908854166666666
ghost_s9131021_b4,synthetic,local_spatial_256,1.0167648924911157,0.9934895833333334
ghost_s9131021_b4,synthetic,apss_1,0.38666851164404953,0.8776041666666666
ghost_s9131021_b4,synthetic,apss_2,0.8091063546592234,0.9869791666666666
ghost_s9131021_b4,synthetic,rimls_1,0.36041415783156244,0.890625
ghost_s9131021_b4,synthetic,rimls_2,0.8047993547164338,0.98828125
ghost_s9131021_b4,synthetic,raw_apss_2,3.882988417882381,1.0
ghost_s9131021_b4,synthetic,raw_rimls_2,3.965498346000132,1.0
ghost_s9131033_b0,synthetic,identity,0.13342171309818107,1.0
ghost_s9131033_b0,synthetic,old_original,0.996778642329801,0.98828125
ghost_s9131033_b0,synthetic,old_multistart,0.996778642329801,0.98828125
ghost_s9131033_b0,synthetic,whole_spatial,0.9967786423298007,0.98828125
ghost_s9131033_b0,synthetic,local_plane_96,0.9773344424393797,0.9908854166666666
ghost_s9131033_b0,synthetic,local_plane_256,0.9922392611309797,0.9908854166666666
ghost_s9131033_b0,synthetic,local_spatial_96,0.9773344424393797,0.9908854166666666
ghost_s9131033_b0,synthetic,local_spatial_256,0.9922392611309797,0.9908854166666666
ghost_s9131033_b0,synthetic,apss_1,0.39140997427030744,0.8932291666666666
ghost_s9131033_b0,synthetic,apss_2,0.7778082009363162,0.9908854166666666
ghost_s9131033_b0,synthetic,rimls_1,0.3735130999660565,0.8919270833333334
ghost_s9131033_b0,synthetic,rimls_2,0.7725796388878826,0.9856770833333334
ghost_s9131033_b0,synthetic,raw_apss_2,0.7811245776830983,0.9856770833333334
ghost_s9131033_b0,synthetic,raw_rimls_2,0.7761612128108463,0.99609375
ghost_s9131033_b4,synthetic,identity,3.933683569872245,1.0
ghost_s9131033_b4,synthetic,old_original,0.9967786089913035,0.98828125
ghost_s9131033_b4,synthetic,old_multistart,0.9967786089913035,0.98828125
ghost_s9131033_b4,synthetic,whole_spatial,0.9967786089913035,0.98828125
ghost_s9131033_b4,synthetic,local_plane_96,0.9770391551083611,0.9934895833333334
ghost_s9131033_b4,synthetic,local_plane_256,0.9922398609302849,0.9908854166666666
ghost_s9131033_b4,synthetic,local_spatial_96,0.9770391551083611,0.9934895833333334
ghost_s9131033_b4,synthetic,local_spatial_256,0.9922398609302849,0.9908854166666666
ghost_s9131033_b4,synthetic,apss_1,0.3912731658904273,0.89453125
ghost_s9131033_b4,synthetic,apss_2,0.7778008533503666,0.9895833333333334
ghost_s9131033_b4,synthetic,rimls_1,0.37352058906290103,0.890625
ghost_s9131033_b4,synthetic,rimls_2,0.7725457818466885,0.9830729166666666
ghost_s9131033_b4,synthetic,raw_apss_2,3.3233355680609873,1.0
ghost_s9131033_b4,synthetic,raw_rimls_2,3.6209745991316966,1.0
cy_junction_zero,real,identity,0.2266925762578462,0.299375
cy_junction_zero,real,old_original,0.7300106972983813,0.296875
cy_junction_zero,real,old_multistart,0.7255268230931012,0.298125
cy_junction_zero,real,whole_spatial,31.377301906986823,0.299375
cy_junction_zero,real,local_plane_96,3.5923542842095606,0.299375
cy_junction_zero,real,local_plane_256,8.327475994565269,0.298125
cy_junction_zero,real,local_spatial_96,3.385154108008565,0.295625
cy_junction_zero,real,local_spatial_256,8.31213142786849,0.299375
cy_junction_zero,real,apss_1,0.7179983389310458,0.274375
cy_junction_zero,real,apss_2,1.3823047807291038,0.298125
cy_junction_zero,real,rimls_1,0.675592614049182,0.27375
cy_junction_zero,real,rimls_2,1.1642526796845902,0.29875
cy_junction_zero,real,raw_apss_2,1.3925751812705063,0.298125
cy_junction_zero,real,raw_rimls_2,1.179793608701424,0.299375
cy_junction_shift3mm,real,identity,1.414762570787476,0.299375
cy_junction_shift3mm,real,old_original,0.730010697313833,0.296875
cy_junction_shift3mm,real,old_multistart,0.7255268231097404,0.298125
cy_junction_shift3mm,real,whole_spatial,31.37730190698227,0.299375
cy_junction_shift3mm,real,local_plane_96,3.5923542842154035,0.299375
cy_junction_shift3mm,real,local_plane_256,8.327475994564516,0.298125
cy_junction_shift3mm,real,local_spatial_96,3.3851541080122347,0.295625
cy_junction_shift3mm,real,local_spatial_256,8.31213142786522,0.299375
cy_junction_shift3mm,real,apss_1,0.7179983389362291,0.274375
cy_junction_shift3mm,real,apss_2,1.3823047807387348,0.298125
cy_junction_shift3mm,real,rimls_1,0.6755926140557533,0.27375
cy_junction_shift3mm,real,rimls_2,1.1642526796934338,0.29875
cy_junction_shift3mm,real,raw_apss_2,1.6172886969568938,0.299375
cy_junction_shift3mm,real,raw_rimls_2,1.4812993394601708,0.299375
cy_thin_zero,real,identity,0.2943532097303643,0.751207729468599
cy_thin_zero,real,old_original,0.5860020447216457,0.7415458937198067
cy_thin_zero,real,old_multistart,0.5860020447216457,0.7415458937198067
cy_thin_zero,real,whole_spatial,0.6211351026158809,0.7318840579710145
cy_thin_zero,real,local_plane_96,0.5525973468689768,0.7342995169082126
cy_thin_zero,real,local_plane_256,0.5759279424471313,0.7391304347826086
cy_thin_zero,real,local_spatial_96,0.5525973468689768,0.7342995169082126
cy_thin_zero,real,local_spatial_256,0.5759279424471313,0.7391304347826086
cy_thin_zero,real,apss_1,0.1513639713187417,0.6521739130434783
cy_thin_zero,real,apss_2,0.38140830049641283,0.7391304347826086
cy_thin_zero,real,rimls_1,0.1513424424964939,0.6594202898550725
cy_thin_zero,real,rimls_2,0.38189254169235215,0.7367149758454107
cy_thin_zero,real,raw_apss_2,0.4075523633573745,0.7342995169082126
cy_thin_zero,real,raw_rimls_2,0.4093302647252883,0.7342995169082126
cy_thin_shift3mm,real,identity,2.6773697702070653,0.751207729468599
cy_thin_shift3mm,real,old_original,0.585999718902092,0.7415458937198067
cy_thin_shift3mm,real,old_multistart,0.585999718902092,0.7415458937198067
cy_thin_shift3mm,real,whole_spatial,0.6211323147151837,0.7318840579710145
cy_thin_shift3mm,real,local_plane_96,0.5525974575629056,0.7342995169082126
cy_thin_shift3mm,real,local_plane_256,0.5759272511416637,0.7391304347826086
cy_thin_shift3mm,real,local_spatial_96,0.5525974575629056,0.7342995169082126
cy_thin_shift3mm,real,local_spatial_256,0.5759272511416637,0.7391304347826086
cy_thin_shift3mm,real,apss_1,0.1513637756668177,0.6521739130434783
cy_thin_shift3mm,real,apss_2,0.3814095883934074,0.7391304347826086
cy_thin_shift3mm,real,rimls_1,0.15134222076266302,0.6594202898550725
cy_thin_shift3mm,real,rimls_2,0.3818938164155043,0.7367149758454107
cy_thin_shift3mm,real,raw_apss_2,1.2053836891989436,0.751207729468599
cy_thin_shift3mm,real,raw_rimls_2,1.2111132539695362,0.751207729468599
cy_wall_zero,real,identity,0.2025461489084431,0.225625
cy_wall_zero,real,old_original,0.8675662365269243,0.225625
cy_wall_zero,real,old_multistart,0.8686218218646679,0.225625
cy_wall_zero,real,whole_spatial,13.937328283530661,0.225625
cy_wall_zero,real,local_plane_96,2.7203745327973294,0.225625
cy_wall_zero,real,local_plane_256,2.8337881399415403,0.224375
cy_wall_zero,real,local_spatial_96,1.6229162473079117,0.224375
cy_wall_zero,real,local_spatial_256,2.498461332181729,0.225625
cy_wall_zero,real,apss_1,1.8012206851942203,0.210625
cy_wall_zero,real,apss_2,2.2380016812191816,0.22375
cy_wall_zero,real,rimls_1,0.9264158784920442,0.213125
cy_wall_zero,real,rimls_2,2.225227030549461,0.225
cy_wall_zero,real,raw_apss_2,2.2295797062486598,0.225
cy_wall_zero,real,raw_rimls_2,2.2165954260097047,0.225
cy_wall_shift3mm,real,identity,1.218526104731787,0.225625
cy_wall_shift3mm,real,old_original,0.8671983204473647,0.225625
cy_wall_shift3mm,real,old_multistart,0.8682460117209654,0.225625
cy_wall_shift3mm,real,whole_spatial,13.937007242084382,0.225625
cy_wall_shift3mm,real,local_plane_96,2.720049486784902,0.225625
cy_wall_shift3mm,real,local_plane_256,2.8334953103113927,0.224375
cy_wall_shift3mm,real,local_spatial_96,1.623048495812553,0.225
cy_wall_shift3mm,real,local_spatial_256,2.497919122752869,0.225625
cy_wall_shift3mm,real,apss_1,1.8012614762325945,0.21125
cy_wall_shift3mm,real,apss_2,2.2379486990320747,0.22375
cy_wall_shift3mm,real,rimls_1,0.9265051612326068,0.211875
cy_wall_shift3mm,real,rimls_2,2.2251878524942237,0.225625
cy_wall_shift3mm,real,raw_apss_2,2.3418819366770753,0.225625
cy_wall_shift3mm,real,raw_rimls_2,2.3328723011721304,0.225625
da_junction_zero,real,identity,0.11717959761176727,1.0
da_junction_zero,real,old_original,0.3258961455298206,0.9773727215587681
da_junction_zero,real,old_multistart,0.3258961455298206,0.9773727215587681
da_junction_zero,real,whole_spatial,0.43343647828422605,0.9899434318038969
da_junction_zero,real,local_plane_96,9.490019598186388,0.9717159019484601
da_junction_zero,real,local_plane_256,15.098047128486071,0.9692017598994344
da_junction_zero,real,local_spatial_96,4.9207105346023825,0.9717159019484601
da_junction_zero,real,local_spatial_256,7.9754879597635115,0.9698302954116907
da_junction_zero,real,apss_1,0.1368026235614539,0.7793840351979887
da_junction_zero,real,apss_2,0.3037834725123012,0.950345694531741
da_junction_zero,real,rimls_1,0.12012402039990973,0.7774984286612193
da_junction_zero,real,rimls_2,0.19956489560274482,0.9516027655562539
da_junction_zero,real,raw_apss_2,0.3970312822700385,0.9604022627278441
da_junction_zero,real,raw_rimls_2,0.21276983641210565,0.9560025141420491
da_junction_shift3mm,real,identity,2.883030134653242,1.0
da_junction_shift3mm,real,old_original,0.32589725414202436,0.9773727215587681
da_junction_shift3mm,real,old_multistart,0.32589725414202436,0.9773727215587681
da_junction_shift3mm,real,whole_spatial,0.4334600196675982,0.9899434318038969
da_junction_shift3mm,real,local_plane_96,9.49001972904621,0.9710873664362036
da_junction_shift3mm,real,local_plane_256,15.098047032004555,0.9692017598994344
da_junction_shift3mm,real,local_spatial_96,4.92071084632589,0.9710873664362036
da_junction_shift3mm,real,local_spatial_256,7.975487961606811,0.9698302954116907
da_junction_shift3mm,real,apss_1,0.1368041673279205,0.7793840351979887
da_junction_shift3mm,real,apss_2,0.29036004936444687,0.950345694531741
da_junction_shift3mm,real,rimls_1,0.12013141951093582,0.7781269641734758
da_junction_shift3mm,real,rimls_2,0.19957043738985486,0.9534883720930233
da_junction_shift3mm,real,raw_apss_2,2.341799288891862,1.0
da_junction_shift3mm,real,raw_rimls_2,1.8945671731484164,1.0
da_thin_zero,real,identity,0.047895381403887397,1.0
da_thin_zero,real,old_original,0.5310821635307961,0.9901896664486592
da_thin_zero,real,old_multistart,0.5310821635307961,0.9901896664486592
da_thin_zero,real,whole_spatial,0.8682481852464483,0.9888816219751472
da_thin_zero,real,local_plane_96,0.4947692073878124,0.9777632439502943
da_thin_zero,real,local_plane_256,0.5427746145378213,0.9829954218443427
da_thin_zero,real,local_spatial_96,0.4947692073878124,0.9777632439502943
da_thin_zero,real,local_spatial_256,0.5427746145378213,0.9829954218443427
da_thin_zero,real,apss_1,0.247447865166294,0.8378024852844996
da_thin_zero,real,apss_2,0.39323347363079714,0.9686069326357096
da_thin_zero,real,rimls_1,0.2449440168892993,0.8397645519947678
da_thin_zero,real,rimls_2,0.39044968346383013,0.9679529103989536
da_thin_zero,real,raw_apss_2,0.3939780940680926,0.9666448659254414
da_thin_zero,real,raw_rimls_2,0.3917162275181679,0.9705689993459777
da_thin_shift3mm,real,identity,3.047812423342636,1.0
da_thin_shift3mm,real,old_original,0.5319251866190313,0.9888816219751472
da_thin_shift3mm,real,old_multistart,0.5319251866190313,0.9888816219751472
da_thin_shift3mm,real,whole_spatial,0.8682448315021912,0.9888816219751472
da_thin_shift3mm,real,local_plane_96,0.4947698369899755,0.9777632439502943
da_thin_shift3mm,real,local_plane_256,0.5427743307761915,0.9823413996075867
da_thin_shift3mm,real,local_spatial_96,0.4947698369899755,0.9777632439502943
da_thin_shift3mm,real,local_spatial_256,0.5427743307761915,0.9823413996075867
da_thin_shift3mm,real,apss_1,0.2474501042615694,0.8378024852844996
da_thin_shift3mm,real,apss_2,0.3932367623170633,0.9686069326357096
da_thin_shift3mm,real,rimls_1,0.24494609242766616,0.8397645519947678
da_thin_shift3mm,real,rimls_2,0.3904546483495121,0.9679529103989536
da_thin_shift3mm,real,raw_apss_2,2.3780450906346964,1.0
da_thin_shift3mm,real,raw_rimls_2,1.869521503971031,1.0
da_wall_zero,real,identity,0.19386494588859324,0.67125
da_wall_zero,real,old_original,0.48577024570462274,0.659375
da_wall_zero,real,old_multistart,0.48580005159046685,0.660625
da_wall_zero,real,whole_spatial,1.4929305937407993,0.663125
da_wall_zero,real,local_plane_96,1.5261018833315245,0.648125
da_wall_zero,real,local_plane_256,1.5174614483344266,0.65625
da_wall_zero,real,local_spatial_96,1.1158050210733166,0.648125
da_wall_zero,real,local_spatial_256,1.297167576402789,0.65625
da_wall_zero,real,apss_1,0.16284320651327608,0.526875
da_wall_zero,real,apss_2,2.4529337662100756,0.634375
da_wall_zero,real,rimls_1,0.15524754088706283,0.518125
da_wall_zero,real,rimls_2,2.2629279894202865,0.64125
da_wall_zero,real,raw_apss_2,2.461871994619452,0.6575
da_wall_zero,real,raw_rimls_2,2.2756309666528822,0.6625
da_wall_shift3mm,real,identity,2.2640353097251182,0.67125
da_wall_shift3mm,real,old_original,0.48577007579320436,0.659375
da_wall_shift3mm,real,old_multistart,0.4857998815952932,0.660625
da_wall_shift3mm,real,whole_spatial,1.4929300627893374,0.663125
da_wall_shift3mm,real,local_plane_96,1.5261018900698131,0.648125
da_wall_shift3mm,real,local_plane_256,1.5174614349956617,0.65625
da_wall_shift3mm,real,local_spatial_96,1.1158048562340364,0.648125
da_wall_shift3mm,real,local_spatial_256,1.297167531405119,0.65625
da_wall_shift3mm,real,apss_1,0.16284307357288696,0.526875
da_wall_shift3mm,real,apss_2,2.4529337791848485,0.634375
da_wall_shift3mm,real,rimls_1,0.1552474037164384,0.518125
da_wall_shift3mm,real,rimls_2,2.2629279971585805,0.64125
da_wall_shift3mm,real,raw_apss_2,3.252387209957807,0.67125
da_wall_shift3mm,real,raw_rimls_2,3.1159828072761293,0.67125
