case,domain,method,output,surface_accuracy_mean_mm,surface_accuracy_rms_mm,surface_accuracy_p95_mm,matched_point_rms_mm,fitted_gap_at_same_xy_mm,fitted_gap_at_same_xy_error_mm,condition,measured_reference_rms_mm
dual_g2_s9131011_b0,synthetic,bias_only,/srv/slam-research/grf/map-denoise/runs/multiscan-pilot-v1/local-v12-bias-control-ht3ssv3w/outputs/dual_g2_s9131011_b0.npz,0.7523158035368803,0.943726207661755,1.8782819954639276,0.9876976953416955,1.900598767647312,0.09940123235268805,,
dual_g2_s9131011_b4,synthetic,bias_only,/srv/slam-research/grf/map-denoise/runs/multiscan-pilot-v1/local-v12-bias-control-ht3ssv3w/outputs/dual_g2_s9131011_b4.npz,0.7523572057949787,0.9437706018957475,1.8789818709680428,0.9901588140087241,1.9013209507989577,0.09867904920104231,,
dual_g2_s9131021_b0,synthetic,bias_only,/srv/slam-research/grf/map-denoise/runs/multiscan-pilot-v1/local-v12-bias-control-ht3ssv3w/outputs/dual_g2_s9131021_b0.npz,0.7844067872279566,0.9814522019018715,1.9056062886924232,1.0242297996366594,1.9860940127281064,0.013905987271893627,,
dual_g2_s9131021_b4,synthetic,bias_only,/srv/slam-research/grf/map-denoise/runs/multiscan-pilot-v1/local-v12-bias-control-ht3ssv3w/outputs/dual_g2_s9131021_b4.npz,0.7845309859341159,0.9816039783752804,1.9055954487070699,1.0247567802075197,1.9866163121346374,0.013383687865362592,,
dual_g2_s9131033_b0,synthetic,bias_only,/srv/slam-research/grf/map-denoise/runs/multiscan-pilot-v1/local-v12-bias-control-ht3ssv3w/outputs/dual_g2_s9131033_b0.npz,0.7641954195686876,0.9641451078360431,1.9533844510214153,0.9984102413735458,2.033536618878373,0.03353661887837278,,
dual_g2_s9131033_b4,synthetic,bias_only,/srv/slam-research/grf/map-denoise/runs/multiscan-pilot-v1/local-v12-bias-control-ht3ssv3w/outputs/dual_g2_s9131033_b4.npz,0.7642139596620067,0.9641711636420064,1.953510405921069,0.9992893802464964,2.033709794733328,0.033709794733328025,,
dual_g4_s9131011_b0,synthetic,bias_only,/srv/slam-research/grf/map-denoise/runs/multiscan-pilot-v1/local-v12-bias-control-ht3ssv3w/outputs/dual_g4_s9131011_b0.npz,0.7886431364427411,0.9810559831239463,1.9104870143103068,0.9903335187085439,3.9037380654711034,0.09626193452889664,,
dual_g4_s9131011_b4,synthetic,bias_only,/srv/slam-research/grf/map-denoise/runs/multiscan-pilot-v1/local-v12-bias-control-ht3ssv3w/outputs/dual_g4_s9131011_b4.npz,0.8618236218780432,1.130382736473244,2.1697142150483684,1.2314697671335242,4.080820233568694,0.08082023356869428,,
dual_g4_s9131021_b0,synthetic,bias_only,/srv/slam-research/grf/map-denoise/runs/multiscan-pilot-v1/local-v12-bias-control-ht3ssv3w/outputs/dual_g4_s9131021_b0.npz,0.8135643412973973,1.0127992710021403,1.915856486406913,1.0259147614396131,3.9127272430596385,0.08727275694036152,,
dual_g4_s9131021_b4,synthetic,bias_only,/srv/slam-research/grf/map-denoise/runs/multiscan-pilot-v1/local-v12-bias-control-ht3ssv3w/outputs/dual_g4_s9131021_b4.npz,0.8654888397094883,1.1056545255532242,2.0046733884866033,1.238176798296097,4.010787084316695,0.010787084316694617,,
dual_g4_s9131033_b0,synthetic,bias_only,/srv/slam-research/grf/map-denoise/runs/multiscan-pilot-v1/local-v12-bias-control-ht3ssv3w/outputs/dual_g4_s9131033_b0.npz,0.7862147458810309,0.9897329149374896,1.926847187857665,1.0003628193485743,4.149258118422275,0.1492581184222752,,
dual_g4_s9131033_b4,synthetic,bias_only,/srv/slam-research/grf/map-denoise/runs/multiscan-pilot-v1/local-v12-bias-control-ht3ssv3w/outputs/dual_g4_s9131033_b4.npz,0.8371048588761286,1.1490435252467412,2.0821632245952215,1.2851615676728696,4.058040695422227,0.05804069542222656,,
dual_g8_s9131011_b0,synthetic,bias_only,/srv/slam-research/grf/map-denoise/runs/multiscan-pilot-v1/local-v12-bias-control-ht3ssv3w/outputs/dual_g8_s9131011_b0.npz,0.7907934357197118,0.9875149511477653,1.9260001717963389,0.987515091036582,8.291890088279832,0.29189008827983187,,
dual_g8_s9131011_b4,synthetic,bias_only,/srv/slam-research/grf/map-denoise/runs/multiscan-pilot-v1/local-v12-bias-control-ht3ssv3w/outputs/dual_g8_s9131011_b4.npz,0.8039393621967191,1.008769083561555,1.9583300351415358,1.1869904070694617,8.192649072144171,0.19264907214417093,,
dual_g8_s9131021_b0,synthetic,bias_only,/srv/slam-research/grf/map-denoise/runs/multiscan-pilot-v1/local-v12-bias-control-ht3ssv3w/outputs/dual_g8_s9131021_b0.npz,0.818324086628215,1.0251518929324168,1.9015679380561905,1.0251521186613777,8.243315088616505,0.2433150886165052,,
dual_g8_s9131021_b4,synthetic,bias_only,/srv/slam-research/grf/map-denoise/runs/multiscan-pilot-v1/local-v12-bias-control-ht3ssv3w/outputs/dual_g8_s9131021_b4.npz,0.8353145325321263,1.0579857906855252,1.9777300717489463,1.0611488709633883,8.29199664081042,0.29199664081042087,,
dual_g8_s9131033_b0,synthetic,bias_only,/srv/slam-research/grf/map-denoise/runs/multiscan-pilot-v1/local-v12-bias-control-ht3ssv3w/outputs/dual_g8_s9131033_b0.npz,0.791411065226829,0.9987617816819961,1.9976359821313625,0.9987619320953817,8.27936430281166,0.27936430281165947,,
dual_g8_s9131033_b4,synthetic,bias_only,/srv/slam-research/grf/map-denoise/runs/multiscan-pilot-v1/local-v12-bias-control-ht3ssv3w/outputs/dual_g8_s9131033_b4.npz,0.8224456559669514,1.0968374146847075,2.0463447537425026,1.1823070786213212,8.121863654391342,0.12186365439134228,,
ghost_s9131011_b0,synthetic,bias_only,/srv/slam-research/grf/map-denoise/runs/multiscan-pilot-v1/local-v12-bias-control-ht3ssv3w/outputs/ghost_s9131011_b0.npz,0.7904980954895428,0.9870391897891871,1.9317293537271494,0.9870394005016431,,,,
ghost_s9131011_b4,synthetic,bias_only,/srv/slam-research/grf/map-denoise/runs/multiscan-pilot-v1/local-v12-bias-control-ht3ssv3w/outputs/ghost_s9131011_b4.npz,0.7904983267768326,0.9870386315093637,1.9317192059727593,0.9874822606443207,,,,
ghost_s9131021_b0,synthetic,bias_only,/srv/slam-research/grf/map-denoise/runs/multiscan-pilot-v1/local-v12-bias-control-ht3ssv3w/outputs/ghost_s9131021_b0.npz,0.8187844965639418,1.023580137621703,1.9313570920720564,1.023580217225869,,,,
ghost_s9131021_b4,synthetic,bias_only,/srv/slam-research/grf/map-denoise/runs/multiscan-pilot-v1/local-v12-bias-control-ht3ssv3w/outputs/ghost_s9131021_b4.npz,0.8188292079854635,1.023574378961696,1.9310163187630276,1.0237192201329781,,,,
ghost_s9131033_b0,synthetic,bias_only,/srv/slam-research/grf/map-denoise/runs/multiscan-pilot-v1/local-v12-bias-control-ht3ssv3w/outputs/ghost_s9131033_b0.npz,0.7907480129475392,0.9976699474543712,1.9964500507440401,0.9976700532252174,,,,
ghost_s9131033_b4,synthetic,bias_only,/srv/slam-research/grf/map-denoise/runs/multiscan-pilot-v1/local-v12-bias-control-ht3ssv3w/outputs/ghost_s9131033_b4.npz,0.7907476440486505,0.9976698483307506,1.9964374838364334,0.9977617856534888,,,,
cy_junction_zero,real,bias_only,/srv/slam-research/grf/map-denoise/runs/multiscan-pilot-v1/local-v12-bias-control-ht3ssv3w/outputs/cy_junction_zero.npz,,,,,,,zero,0.2266925762578462
cy_junction_shift3mm,real,bias_only,/srv/slam-research/grf/map-denoise/runs/multiscan-pilot-v1/local-v12-bias-control-ht3ssv3w/outputs/cy_junction_shift3mm.npz,,,,,,,shift3mm,2.5213120640180615
cy_thin_zero,real,bias_only,/srv/slam-research/grf/map-denoise/runs/multiscan-pilot-v1/local-v12-bias-control-ht3ssv3w/outputs/cy_thin_zero.npz,,,,,,,zero,0.2943532097303643
cy_thin_shift3mm,real,bias_only,/srv/slam-research/grf/map-denoise/runs/multiscan-pilot-v1/local-v12-bias-control-ht3ssv3w/outputs/cy_thin_shift3mm.npz,,,,,,,shift3mm,0.5052974088793549
cy_wall_zero,real,bias_only,/srv/slam-research/grf/map-denoise/runs/multiscan-pilot-v1/local-v12-bias-control-ht3ssv3w/outputs/cy_wall_zero.npz,,,,,,,zero,0.2025461489084431
cy_wall_shift3mm,real,bias_only,/srv/slam-research/grf/map-denoise/runs/multiscan-pilot-v1/local-v12-bias-control-ht3ssv3w/outputs/cy_wall_shift3mm.npz,,,,,,,shift3mm,2.6480193483861836
da_junction_zero,real,bias_only,/srv/slam-research/grf/map-denoise/runs/multiscan-pilot-v1/local-v12-bias-control-ht3ssv3w/outputs/da_junction_zero.npz,,,,,,,zero,0.11717959761176727
da_junction_shift3mm,real,bias_only,/srv/slam-research/grf/map-denoise/runs/multiscan-pilot-v1/local-v12-bias-control-ht3ssv3w/outputs/da_junction_shift3mm.npz,,,,,,,shift3mm,0.11696986534676385
da_thin_zero,real,bias_only,/srv/slam-research/grf/map-denoise/runs/multiscan-pilot-v1/local-v12-bias-control-ht3ssv3w/outputs/da_thin_zero.npz,,,,,,,zero,0.047895381403887397
da_thin_shift3mm,real,bias_only,/srv/slam-research/grf/map-denoise/runs/multiscan-pilot-v1/local-v12-bias-control-ht3ssv3w/outputs/da_thin_shift3mm.npz,,,,,,,shift3mm,0.047812423342703525
da_wall_zero,real,bias_only,/srv/slam-research/grf/map-denoise/runs/multiscan-pilot-v1/local-v12-bias-control-ht3ssv3w/outputs/da_wall_zero.npz,,,,,,,zero,0.19386494588859324
da_wall_shift3mm,real,bias_only,/srv/slam-research/grf/map-denoise/runs/multiscan-pilot-v1/local-v12-bias-control-ht3ssv3w/outputs/da_wall_shift3mm.npz,,,,,,,shift3mm,1.730991551274954
