case,budget,gap_mm,comparator,surface_accuracy_mean_mm,matched_point_rms_mm,fitted_gap_at_same_xy_error_mm,within_source_layer_rms_mm
dual_g2_s912101_b0,1,2.0,v7_hard,-0.23954449601972494,-0.3297053997593535,0.9808179993179238,-0.3619829515024204
dual_g2_s912101_b0,1,2.0,v7_soft,-0.02750608318895026,-0.15294153115989179,0.5272428739849537,-0.1730874290938425
dual_g2_s912101_b0,1,2.0,original_independent,0.07424992022855889,0.10739050746662376,0.684468531310922,0.10168842034620712
dual_g2_s912101_b0,1,2.0,local_multistart,0.07424992022855889,0.10739050746662376,0.684468531310922,0.10168842034620712
dual_g2_s912101_b0,3,2.0,v7_hard,-0.3247726469841407,-0.3804120510134852,1.1992336310237197,-0.4198535846230092
dual_g2_s912101_b0,3,2.0,v7_soft,-0.10375142975828022,-0.1379025880659892,0.534456237410524,-0.16316340895478115
dual_g2_s912101_b0,3,2.0,original_independent,0.09194213369768447,0.09817001412857906,0.7736934677991048,0.08640521753552927
dual_g2_s912101_b0,3,2.0,local_multistart,0.04247760031918582,-0.04870698347535496,1.3444066989780672,-0.08379695058544168
dual_g2_s912101_b0,6,2.0,v7_hard,-0.31302130319327,-0.37466794629196115,1.2480011599521075,-0.41525813448025256
dual_g2_s912101_b0,6,2.0,v7_soft,-0.12960700751302084,-0.12097706356391363,0.5227617530257889,-0.1466922746985227
dual_g2_s912101_b0,6,2.0,original_independent,0.09832611083150414,0.0940387113878482,0.786901698289816,0.0810889457631046
dual_g2_s912101_b0,6,2.0,local_multistart,0.05053397316543204,-0.04962741892724132,1.348648223072766,-0.08571404517534714
dual_g2_s912101_b4,1,2.0,v7_hard,-0.23964182156131897,-0.32822272757955434,0.9811954581541213,-0.36196034938739396
dual_g2_s912101_b4,1,2.0,v7_soft,-0.027458151780674955,-0.15194495549349768,0.5273706160049418,-0.17294861268158046
dual_g2_s912101_b4,1,2.0,original_independent,0.07423802587609671,0.10619606909494889,0.6835283132484296,0.10165092728864122
dual_g2_s912101_b4,1,2.0,local_multistart,0.07423802587609671,0.10619606909494889,0.6835283132484296,0.10165092728864122
dual_g2_s912101_b4,3,2.0,v7_hard,-0.32483427028407347,-0.3787170639390323,1.1994071638905737,-0.4197843677487692
dual_g2_s912101_b4,3,2.0,v7_soft,-0.10379942652368024,-0.13704191652843584,0.5349378015394493,-0.1631347485577616
dual_g2_s912101_b4,3,2.0,original_independent,0.09193631148981365,0.09707232263462756,0.772689405945242,0.08639156331174364
dual_g2_s912101_b4,3,2.0,local_multistart,0.042701397216452,-0.04832642197909531,1.3434904773257197,-0.08376908390430232
dual_g2_s912101_b4,6,2.0,v7_hard,-0.31488090685502307,-0.3738025390164202,1.2457969988985813,-0.41585928992375465
dual_g2_s912101_b4,6,2.0,v7_soft,-0.13051212338752394,-0.12153259643400888,0.5270562052843022,-0.14787186276330233
dual_g2_s912101_b4,6,2.0,original_independent,0.09841659556050433,0.09246221777469915,0.7914659208549992,0.08070004569683153
dual_g2_s912101_b4,6,2.0,local_multistart,0.05083314484245835,-0.04973523038124478,1.3533692416693919,-0.08604762798492238
dual_g2_s912113_b0,1,2.0,v7_hard,-0.18470283501774876,-0.3650245117247961,0.7237914891039039,-0.38654671613739905
dual_g2_s912113_b0,1,2.0,v7_soft,-0.0709017602635354,-0.1600980309085579,0.4102514830530135,-0.1786558573285339
dual_g2_s912113_b0,1,2.0,original_independent,0.08338109182834544,0.07163101109385106,0.4480831129262626,0.07314272935257937
dual_g2_s912113_b0,1,2.0,local_multistart,0.08338109182834544,0.07163101109385106,0.4480831129262626,0.07314272935257937
dual_g2_s912113_b0,3,2.0,v7_hard,-0.18345330752154043,-0.3605069708377759,0.7266660198139336,-0.38757778413563576
dual_g2_s912113_b0,3,2.0,v7_soft,-0.08469203528092217,-0.11276636341418939,0.37651628499182266,-0.13149931339100623
dual_g2_s912113_b0,3,2.0,original_independent,0.08998055199333357,0.07002341757789171,0.5067134385675862,0.06539508928639881
dual_g2_s912113_b0,3,2.0,local_multistart,0.08998055199333357,0.07002341757789171,0.5067134385675862,0.06539508928639881
dual_g2_s912113_b0,6,2.0,v7_hard,-0.15236237375786965,-0.34342250663997465,0.8084247513176508,-0.3715695879644468
dual_g2_s912113_b0,6,2.0,v7_soft,-0.08281057260662927,-0.08430698556139782,0.369652802152203,-0.10435655849415326
dual_g2_s912113_b0,6,2.0,original_independent,0.08280197415019538,0.06369062763619948,0.5414298136083262,0.0583919661897081
dual_g2_s912113_b0,6,2.0,local_multistart,0.08280197415019538,0.06369062763619948,0.5414298136083262,0.0583919661897081
dual_g2_s912113_b4,1,2.0,v7_hard,-0.17404576796918875,-0.3625717445811285,0.7446682488967431,-0.3878402060396085
dual_g2_s912113_b4,1,2.0,v7_soft,-0.06322405717558277,-0.15345794106134003,0.43786044994928486,-0.17520795951866835
dual_g2_s912113_b4,1,2.0,original_independent,0.08183998543708076,0.0736108129087783,0.4368301768828242,0.0737064674958286
dual_g2_s912113_b4,1,2.0,local_multistart,0.08183998543708076,0.0736108129087783,0.4368301768828242,0.0737064674958286
dual_g2_s912113_b4,3,2.0,v7_hard,-0.15575562057387904,-0.3457492150544661,0.8000218645849373,-0.3756495796360684
dual_g2_s912113_b4,3,2.0,v7_soft,-0.07811975844081748,-0.10513332653507967,0.42389907606534183,-0.1257008228270945
dual_g2_s912113_b4,3,2.0,original_independent,0.09140494269492377,0.0775584157517914,0.5153793922905985,0.07286289493205111
dual_g2_s912113_b4,3,2.0,local_multistart,0.09140494269492377,0.0775584157517914,0.5153793922905985,0.07286289493205111
dual_g2_s912113_b4,6,2.0,v7_hard,-0.1760918690426228,-0.3233460193933934,0.9597151670469417,-0.35573038782042726
dual_g2_s912113_b4,6,2.0,v7_soft,-0.08165705871119378,-0.07995843327792435,0.40064855479733885,-0.10123182037872974
dual_g2_s912113_b4,6,2.0,original_independent,0.08539199353920118,0.0715158805654541,0.5414103245642383,0.0664929800247222
dual_g2_s912113_b4,6,2.0,local_multistart,0.08539199353920118,0.0715158805654541,0.5414103245642383,0.0664929800247222
dual_g2_s912127_b0,1,2.0,v7_hard,-0.25439660531513636,-0.3807777637024651,1.0870318198260134,-0.41049420875243764
dual_g2_s912127_b0,1,2.0,v7_soft,-0.10970661894635092,-0.24533651693822567,0.6436464681874545,-0.2704323371767808
dual_g2_s912127_b0,1,2.0,original_independent,0.09901855983547564,0.07593385887232978,0.4535644073183702,0.06626581375525503
dual_g2_s912127_b0,1,2.0,local_multistart,0.09901855983547564,0.07593385887232978,0.4535644073183702,0.06626581375525503
dual_g2_s912127_b0,3,2.0,v7_hard,-0.3133255015229733,-0.397351790164581,1.2280662004078613,-0.439902524507579
dual_g2_s912127_b0,3,2.0,v7_soft,-0.13509458691429999,-0.20095335961251792,0.6965412278400784,-0.23649850011488754
dual_g2_s912127_b0,3,2.0,original_independent,0.08004737223170039,0.04338971512141271,0.5093877051632119,0.021213487751441662
dual_g2_s912127_b0,3,2.0,local_multistart,0.07436249384818464,0.02121537693687109,0.9462191393659811,-0.015264172044622881
dual_g2_s912127_b0,6,2.0,v7_hard,-0.37305860175821337,-0.42918433540738177,1.3109025784186084,-0.47362015835639093
dual_g2_s912127_b0,6,2.0,v7_soft,-0.14376086241326863,-0.1698296256697469,0.6326516009171723,-0.20668793470208113
dual_g2_s912127_b0,6,2.0,original_independent,0.07539763839374147,0.03307010095622237,0.5679690841797329,0.009178410541396342
dual_g2_s912127_b0,6,2.0,local_multistart,0.09116639003955593,0.00421002006521598,0.9538500402479821,-0.032978678801885764
dual_g2_s912127_b4,1,2.0,v7_hard,-0.1794639813861621,-0.347803234802497,0.9258434977297365,-0.3801616866231953
dual_g2_s912127_b4,1,2.0,v7_soft,-0.06219411600591496,-0.20574701061573508,0.5569347974412606,-0.2341028368694386
dual_g2_s912127_b4,1,2.0,original_independent,0.13605706715183458,0.1363038366280081,0.6131853689256739,0.12109256293604304
dual_g2_s912127_b4,1,2.0,local_multistart,0.14235760394750932,0.0961023470862356,0.9808705598161327,0.06635136500482092
dual_g2_s912127_b4,3,2.0,v7_hard,-0.27867646927462314,-0.3890289652461717,1.1434418808447493,-0.4455739395139437
dual_g2_s912127_b4,3,2.0,v7_soft,-0.05988864294993046,-0.1423728324534016,0.3770238865648947,-0.18217162070614096
dual_g2_s912127_b4,3,2.0,original_independent,0.12769204935539696,0.1147757238014308,0.6565620165988277,0.07922562046087217
dual_g2_s912127_b4,3,2.0,local_multistart,0.13066558160289551,0.07192018217500895,1.0153352037771972,0.021962723076989987
dual_g2_s912127_b4,6,2.0,v7_hard,-0.21783764680289586,-0.33253990253750415,1.122094022956724,-0.3925453540929891
dual_g2_s912127_b4,6,2.0,v7_soft,-0.035932150456927214,-0.09780477186789688,0.34032854108661525,-0.13889982753401042
dual_g2_s912127_b4,6,2.0,original_independent,0.12503032572335682,0.11430516031394933,0.5727754027662286,0.07629246282705093
dual_g2_s912127_b4,6,2.0,local_multistart,0.12936925057682047,0.07919870503193849,0.9668480803022947,0.026280262043377134
dual_g4_s912101_b0,1,4.0,v7_hard,-0.14966705559618748,-0.16588628343978884,1.0375378082909794,-0.1973014114471977
dual_g4_s912101_b0,1,4.0,v7_soft,-0.06167346690008585,-0.11978076582209118,0.6845301516022917,-0.14742483990974864
dual_g4_s912101_b0,1,4.0,original_independent,0.21821643339272728,0.20601125784651464,0.45433571204028445,0.1829897294171534
dual_g4_s912101_b0,1,4.0,local_multistart,0.21118466592270285,0.2542726829572884,0.8575966922307643,0.2260242951566509
dual_g4_s912101_b0,3,4.0,v7_hard,-0.28697424903213975,-0.22933203825711934,1.1589039970346366,-0.26017177700901695
dual_g4_s912101_b0,3,4.0,v7_soft,-0.18390367865763535,-0.14955359736631568,0.8752124556986933,-0.1769751323161597
dual_g4_s912101_b0,3,4.0,original_independent,0.1748872533358955,0.1558198558379602,0.6511707915303195,0.13342569959187778
dual_g4_s912101_b0,3,4.0,local_multistart,0.18001016762528005,0.2097002803995907,1.0235596844343102,0.18240098886770761
dual_g4_s912101_b0,6,4.0,v7_hard,-0.2892627011073991,-0.23410410342547805,0.9785815364717112,-0.271502874232166
dual_g4_s912101_b0,6,4.0,v7_soft,-0.2009032608493277,-0.13801051983320467,1.015970359764407,-0.17208968257246704
dual_g4_s912101_b0,6,4.0,original_independent,0.17520135863595493,0.12514726713459934,0.6214460821109649,0.0963969309125291
dual_g4_s912101_b0,6,4.0,local_multistart,0.187032913620164,0.17810471823122448,1.075120776246271,0.14373286857756362
dual_g4_s912101_b4,1,4.0,v7_hard,-0.14929970468801457,-0.10363803465092158,0.5390413848115263,-0.12433633269130606
dual_g4_s912101_b4,1,4.0,v7_soft,-0.06126588798084476,-0.07354042249382098,0.6862567635832009,-0.0911752610199057
dual_g4_s912101_b4,1,4.0,original_independent,0.21863645318604247,0.10839535166063397,0.4559121358562064,0.08952678377755707
dual_g4_s912101_b4,1,4.0,local_multistart,0.21159400291822172,0.12978021075858015,0.7192844696747387,0.11038705954660766
dual_g4_s912101_b4,3,4.0,v7_hard,-0.2869713981720595,-0.1413171301321796,0.6582827958556745,-0.15590598828327162
dual_g4_s912101_b4,3,4.0,v7_soft,-0.1839178504277006,-0.08934265103540873,0.8755732175443125,-0.10240206644926886
dual_g4_s912101_b4,3,4.0,original_independent,0.17488064564606715,0.07957459227935026,0.6510999242637583,0.06628181363126773
dual_g4_s912101_b4,3,4.0,local_multistart,0.18001611846337656,0.10334171327198005,0.9452980623657679,0.08931959478356521
dual_g4_s912101_b4,6,4.0,v7_hard,-0.2893607470594398,-0.14091836588073559,0.47747863179646455,-0.1550746197638091
dual_g4_s912101_b4,6,4.0,v7_soft,-0.20097594937447105,-0.07984700945161372,0.8933526786465755,-0.09346089411786118
dual_g4_s912101_b4,6,4.0,original_independent,0.1751632198470217,0.06272466735437865,0.6213829885098052,0.04942912768595065
dual_g4_s912101_b4,6,4.0,local_multistart,0.18712869568650387,0.08618859079482966,0.840219132360132,0.07233812760381553
dual_g4_s912113_b0,1,4.0,v7_hard,-0.09909023574047549,-0.16064707908750087,0.7215591972895434,-0.171159136856051
dual_g4_s912113_b0,1,4.0,v7_soft,-0.06956839966215178,-0.14062315881970922,0.47215089576991787,-0.1541442989398487
dual_g4_s912113_b0,1,4.0,original_independent,0.26757482758869244,0.3121348058854394,0.9524189140006118,0.3000646663690064
dual_g4_s912113_b0,1,4.0,local_multistart,0.2624836789328858,0.3166365314194434,0.9639224318981587,0.30389290361462373
dual_g4_s912113_b0,3,4.0,v7_hard,-0.16743027795695425,-0.19347320895845077,1.196857746664913,-0.21631318079892214
dual_g4_s912113_b0,3,4.0,v7_soft,-0.08485831504026503,-0.10465131521399962,0.4779846353139465,-0.1185738041037755
dual_g4_s912113_b0,3,4.0,original_independent,0.23845204997845332,0.2244690196640362,1.0891495033438048,0.20336617551058345
dual_g4_s912113_b0,3,4.0,local_multistart,0.2592850262569556,0.2593374699829027,1.2169481233394146,0.23695157838942815
dual_g4_s912113_b0,6,4.0,v7_hard,-0.2796581045947674,-0.2140899108477854,1.4163941084705605,-0.2337076714116424
dual_g4_s912113_b0,6,4.0,v7_soft,-0.13974098847220834,-0.103922360591576,0.6685516206831945,-0.11497196120072561
dual_g4_s912113_b0,6,4.0,original_independent,0.18911769864909594,0.171245368123641,0.8975896532155292,0.15408163662842034
dual_g4_s912113_b0,6,4.0,local_multistart,0.221028866274477,0.23242666447997667,1.0641250111684952,0.21394633461099066
dual_g4_s912113_b4,1,4.0,v7_hard,-0.10420014664307009,-0.08525155413127994,0.7203054637948507,-0.08940221104205603
dual_g4_s912113_b4,1,4.0,v7_soft,-0.06611268380069935,-0.06764820504999292,0.4227374309478331,-0.07431931634070921
dual_g4_s912113_b4,1,4.0,original_independent,0.2575361532009316,0.12424080545141436,0.9330574440786297,0.11875757808335852
dual_g4_s912113_b4,1,4.0,local_multistart,0.25094461650414285,0.1260961209504179,0.9518934359451152,0.12019574987463444
dual_g4_s912113_b4,3,4.0,v7_hard,-0.1701519334325069,-0.09941314193217088,1.1871178362504464,-0.11057865942109979
dual_g4_s912113_b4,3,4.0,v7_soft,-0.08268330144233749,-0.05074782392584343,0.46642312180711043,-0.05812261568650512
dual_g4_s912113_b4,3,4.0,original_independent,0.2377844590435345,0.0860724093354377,1.0511510207723198,0.07545801803209629
dual_g4_s912113_b4,3,4.0,local_multistart,0.2597381749962298,0.0978046028198829,1.1855233120492397,0.08657782807161274
dual_g4_s912113_b4,6,4.0,v7_hard,-0.28622685232447176,-0.10434373601944413,1.4160200391827753,-0.1130338237213826
dual_g4_s912113_b4,6,4.0,v7_soft,-0.14257739318983065,-0.04618205027887701,0.6755455285469711,-0.05073916785938759
dual_g4_s912113_b4,6,4.0,original_independent,0.1864400802135927,0.06402102161367806,0.8637760336962201,0.05643664105731894
dual_g4_s912113_b4,6,4.0,local_multistart,0.2190190220538138,0.08321791912806109,1.0177559493392052,0.07503591833083334
dual_g4_s912127_b0,1,4.0,v7_hard,-0.2089873898175013,-0.16959704179426482,0.8052916661887424,-0.18494821322330524
dual_g4_s912127_b0,1,4.0,v7_soft,-0.13526305676585093,-0.15600214748030294,0.4898175953034407,-0.17105493310137976
dual_g4_s912127_b0,1,4.0,original_independent,0.19022625839616394,0.3164609542308048,0.7737485967317879,0.3025987288021103
dual_g4_s912127_b0,1,4.0,local_multistart,0.18852107042104405,0.32416780488312247,0.7548980171289648,0.30653824274712066
dual_g4_s912127_b0,3,4.0,v7_hard,-0.2977195573229735,-0.208189964901918,0.9491604615569136,-0.24589741882113858
dual_g4_s912127_b0,3,4.0,v7_soft,-0.1799576230466492,-0.13952904713110315,0.7047631091428173,-0.16582510891765023
dual_g4_s912127_b0,3,4.0,original_independent,0.20401078781536044,0.27512674837147255,1.0062000541832505,0.24122520839368983
dual_g4_s912127_b0,3,4.0,local_multistart,0.19435526694878758,0.25748736663413924,1.0373682771926065,0.2205946165953156
dual_g4_s912127_b0,6,4.0,v7_hard,-0.3144470755051042,-0.22882524659218417,0.911199190752594,-0.27165767147138153
dual_g4_s912127_b0,6,4.0,v7_soft,-0.20781292115709005,-0.1290063873133782,0.9587033934442823,-0.16380651677044777
dual_g4_s912127_b0,6,4.0,original_independent,0.203691687167508,0.2614367690289823,0.9954463943336416,0.22269813533803434
dual_g4_s912127_b0,6,4.0,local_multistart,0.20210640598088236,0.2640603062718606,0.9908497180060793,0.22304327088210585
dual_g4_s912127_b4,1,4.0,v7_hard,-0.21276304963341358,-0.11028138052583647,0.808893848309213,-0.120384957749879
dual_g4_s912127_b4,1,4.0,v7_soft,-0.1386143106274183,-0.10070617810479043,0.5014196472302723,-0.11067818362221238
dual_g4_s912127_b4,1,4.0,original_independent,0.1882099711186791,0.15648344180334983,0.8737447007456289,0.14567974000177308
dual_g4_s912127_b4,1,4.0,local_multistart,0.1854955331383138,0.15956793655196788,0.8537158754168441,0.14729785213677682
dual_g4_s912127_b4,3,4.0,v7_hard,-0.2975885453359257,-0.1311312124579902,1.0388025773774427,-0.1537293326733966
dual_g4_s912127_b4,3,4.0,v7_soft,-0.17827974862938512,-0.08312286524366375,0.6963307236431988,-0.0978581852627276
dual_g4_s912127_b4,3,4.0,original_independent,0.20694566699455924,0.13462822850907785,1.0960976619906089,0.11313182221694551
dual_g4_s912127_b4,3,4.0,local_multistart,0.1965973481675976,0.12768723398023785,1.127047654445049,0.10509845356079073
dual_g4_s912127_b4,6,4.0,v7_hard,-0.31025163308660664,-0.1419146136436702,1.0008289243179949,-0.167121229947492
dual_g4_s912127_b4,6,4.0,v7_soft,-0.2042582797334913,-0.07569831585353604,0.9716554222444787,-0.09534374259578215
dual_g4_s912127_b4,6,4.0,original_independent,0.20485918666782038,0.12722852043732114,1.0841220964978202,0.1033176319297684
dual_g4_s912127_b4,6,4.0,local_multistart,0.20271949813827977,0.12813934484107337,1.0797775238114404,0.10331640551996035
dual_g8_s912101_b0,1,8.0,v7_hard,-0.1778282772640118,-0.15911488802191653,0.052548056397755616,-0.17707614052437182
dual_g8_s912101_b0,1,8.0,v7_soft,-0.05509039962582063,-0.13022037060655856,0.1274471043468992,-0.1392936476187383
dual_g8_s912101_b0,1,8.0,original_independent,0.021756135028537515,0.09133458319352072,0.061939681213552866,0.07388571076874884
dual_g8_s912101_b0,1,8.0,local_multistart,0.04537919220401576,0.11774725587881146,0.14776592428176016,0.09959407517076618
dual_g8_s912101_b0,3,8.0,v7_hard,-0.3747982268722832,-0.2897441978602282,0.25164898906336575,-0.29413722043448676
dual_g8_s912101_b0,3,8.0,v7_soft,-0.14093182920151692,-0.0976580256666515,0.3499024694959454,-0.10062362447142237
dual_g8_s912101_b0,3,8.0,original_independent,-0.03852572991948583,-0.02828835647934791,0.2578368792545058,-0.032450267076994055
dual_g8_s912101_b0,3,8.0,local_multistart,0.04682128829216098,0.08207346322563175,0.31763598924045766,0.07828661486776667
dual_g8_s912101_b0,6,8.0,v7_hard,-0.4109368724570737,-0.27232516440238397,0.6831118627737451,-0.2727309040874306
dual_g8_s912101_b0,6,8.0,v7_soft,-0.1240045535449174,-0.08389989017755428,0.6382326788472543,-0.08425186059835166
dual_g8_s912101_b0,6,8.0,original_independent,-0.032036553510399524,0.03542785340670107,0.5768318040850726,0.03555467806034507
dual_g8_s912101_b0,6,8.0,local_multistart,0.07119639080812076,0.163186131633536,0.5908988050972193,0.16401018670856876
dual_g8_s912101_b4,1,8.0,v7_hard,-0.17705733649435673,-0.12137564184008398,0.13159613532657666,-0.13287489955507148
dual_g8_s912101_b4,1,8.0,v7_soft,-0.055598336443288654,-0.09944683643671415,0.2072983685964651,-0.10517485519911651
dual_g8_s912101_b4,1,8.0,original_independent,0.023475015007732913,0.06586081714554792,0.06713293257779274,0.05456167550113744
dual_g8_s912101_b4,1,8.0,local_multistart,0.04707548711320109,0.08317072335162845,0.15287223006351613,0.0714471166750118
dual_g8_s912101_b4,3,8.0,v7_hard,-0.3748217896078232,-0.21275702133318253,0.3209470914931396,-0.21488146551349574
dual_g8_s912101_b4,3,8.0,v7_soft,-0.14111362872597266,-0.06657780959244208,0.3502033281723884,-0.0680140142773995
dual_g8_s912101_b4,3,8.0,original_independent,-0.03870838960763462,-0.018620525088609008,0.25809732774042615,-0.020717467024597425
dual_g8_s912101_b4,3,8.0,local_multistart,0.04657391754213211,0.050119803140917574,0.3869732515009128,0.04796061080621872
dual_g8_s912101_b4,6,8.0,v7_hard,-0.41071636109282184,-0.2073164333879337,0.6906476639435786,-0.20749014331699722
dual_g8_s912101_b4,6,8.0,v7_soft,-0.12452446272641621,-0.060252528509306624,0.6292109502029293,-0.060452410550843605
dual_g8_s912101_b4,6,8.0,original_independent,-0.03263468611673753,0.024068195188948982,0.5699133599263302,0.02408825836191475
dual_g8_s912101_b4,6,8.0,local_multistart,0.07054166687883179,0.10267916350522566,0.6530517322584535,0.10273618956549013
dual_g8_s912113_b0,1,8.0,v7_hard,-0.2047222966003565,-0.17199046681791552,0.18450104863940897,-0.17051925996767237
dual_g8_s912113_b0,1,8.0,v7_soft,-0.11721849512790494,-0.13068337952648035,0.24577365896772907,-0.13048892704213466
dual_g8_s912113_b0,1,8.0,original_independent,0.030565927161164352,0.05781394174552723,0.03081252653143185,0.06136695014231153
dual_g8_s912113_b0,1,8.0,local_multistart,0.011305379578014196,0.033208559187208775,0.06685966790384157,0.03679955301677196
dual_g8_s912113_b0,3,8.0,v7_hard,-0.2269744068338786,-0.2076470146531305,0.5898048145163282,-0.21078510181545307
dual_g8_s912113_b0,3,8.0,v7_soft,-0.08007864266901693,-0.07736461552586893,0.5171927685943913,-0.08120550503982527
dual_g8_s912113_b0,3,8.0,original_independent,0.02233958107310957,0.02824476472718651,0.3624347546066984,0.027517713998758353
dual_g8_s912113_b0,3,8.0,local_multistart,0.08040069162665411,0.10993122123754856,0.5378601001447505,0.10845989782902893
dual_g8_s912113_b0,6,8.0,v7_hard,-0.2697959504975804,-0.19093920118139918,0.8686917638061766,-0.19453586704339743
dual_g8_s912113_b0,6,8.0,v7_soft,-0.058452032476437765,-0.04374324608076996,0.6499555415166514,-0.0469856513291228
dual_g8_s912113_b0,6,8.0,original_independent,0.06653581080823878,0.10710593425876525,0.7382897625468336,0.10604463243694873
dual_g8_s912113_b0,6,8.0,local_multistart,0.18081675164247227,0.23814875858616358,0.9711810727574823,0.2359909218017477
dual_g8_s912113_b4,1,8.0,v7_hard,-0.2159059574388777,-0.11912901200651671,0.1815062958911584,-0.12201855978188514
dual_g8_s912113_b4,1,8.0,v7_soft,-0.12273290178304241,-0.08603762321350383,0.2769516799844709,-0.08718631780844432
dual_g8_s912113_b4,1,8.0,original_independent,0.03311347251652702,0.04015871359825385,0.04570344099543533,0.038194415298670736
dual_g8_s912113_b4,1,8.0,local_multistart,0.021387531302720697,0.01960145956866577,0.04048415892879298,0.017430357820834907
dual_g8_s912113_b4,3,8.0,v7_hard,-0.2378442599682205,-0.14020622088976364,0.5572289853614247,-0.1402360700102253
dual_g8_s912113_b4,3,8.0,v7_soft,-0.08829161768072102,-0.0514240084637928,0.4735174537959983,-0.05103606655755144
dual_g8_s912113_b4,3,8.0,original_independent,0.028221324958209337,0.02924285429529927,0.3675183024812201,0.030164265836953086
dual_g8_s912113_b4,3,8.0,local_multistart,0.062124194697553814,0.05017128629586254,0.5122939177457058,0.05042997498888968
dual_g8_s912113_b4,6,8.0,v7_hard,-0.2761794172905951,-0.1337158399457291,0.8585427323284822,-0.13409359095758855
dual_g8_s912113_b4,6,8.0,v7_soft,-0.06566738785793191,-0.03200811896554312,0.6418657797254248,-0.032615996228763544
dual_g8_s912113_b4,6,8.0,original_independent,0.0750976268530113,0.07951871766140606,0.7597740342121453,0.08005552384157555
dual_g8_s912113_b4,6,8.0,local_multistart,0.13927980630894168,0.11907550381426169,0.9371143888427316,0.11880686259384898
dual_g8_s912127_b0,1,8.0,v7_hard,-0.061257730585953823,-0.06228286677267264,0.16112067441500066,-0.06396728854554129
dual_g8_s912127_b0,1,8.0,v7_soft,-0.048152291315371076,-0.0752278558132598,0.08956291468126842,-0.07772921392931259
dual_g8_s912127_b0,1,8.0,original_independent,0.08699853561464936,0.2970697279934023,0.008301688804387197,0.2963753612885611
dual_g8_s912127_b0,1,8.0,local_multistart,0.06674238016186884,0.2216553774882677,0.03251777665015432,0.22013785507260614
dual_g8_s912127_b0,3,8.0,v7_hard,-0.07087160963160635,-0.05433897418508382,0.47896739600641425,-0.05662537720494265
dual_g8_s912127_b0,3,8.0,v7_soft,-0.06580221081169293,-0.0811046998169398,0.34404660319108693,-0.08477682571139622
dual_g8_s912127_b0,3,8.0,original_independent,0.11580994657327397,0.35278678631661564,0.29146045750699656,0.3514600022937208
dual_g8_s912127_b0,3,8.0,local_multistart,0.02372935211316518,0.07813270958055818,0.48355438663560957,0.07703853744239253
dual_g8_s912127_b0,6,8.0,v7_hard,-0.14245228426922446,-0.06060374167366689,0.8577777897767769,-0.0627084202970456
dual_g8_s912127_b0,6,8.0,v7_soft,-0.11513912082398642,-0.053658557567818566,0.7510570562766627,-0.056336624123553225
dual_g8_s912127_b0,6,8.0,original_independent,0.15982898352731195,0.4447357075404046,0.6980123227751767,0.4434015013344767
dual_g8_s912127_b0,6,8.0,local_multistart,0.0830363517027255,0.21885271087577035,0.8066872483139429,0.2174714852944648
dual_g8_s912127_b4,1,8.0,v7_hard,-0.06280995804158235,-0.048213437028724604,0.25860585513254186,-0.051040717758172205
dual_g8_s912127_b4,1,8.0,v7_soft,-0.04802019588471362,-0.05834241806909102,0.23433520395470087,-0.06254364374103949
dual_g8_s912127_b4,1,8.0,original_independent,0.09380679014793575,0.16694774579831728,0.16446032601166127,0.16466894481762606
dual_g8_s912127_b4,1,8.0,local_multistart,0.07385953768238229,0.13552709229015802,0.180010425556147,0.13255540674658217
dual_g8_s912127_b4,3,8.0,v7_hard,-0.08092811415126483,-0.043953884520127606,0.5151624271088879,-0.046662446526679946
dual_g8_s912127_b4,3,8.0,v7_soft,-0.0778928657952751,-0.05982764544442687,0.37490519029934166,-0.06362494781325345
dual_g8_s912127_b4,3,8.0,original_independent,0.09953804451359743,0.19343789493967845,0.4360174237772547,0.19143193649973622
dual_g8_s912127_b4,3,8.0,local_multistart,0.0016980846043424258,0.03910542679124851,0.4790130570521862,0.038046179589834805
dual_g8_s912127_b4,6,8.0,v7_hard,-0.1403484912397433,-0.04946650347354842,0.9311662991810792,-0.05157205986304603
dual_g8_s912127_b4,6,8.0,v7_soft,-0.11591772168628006,-0.03912250090803526,0.7654748062735868,-0.041022543349278684
dual_g8_s912127_b4,6,8.0,original_independent,0.1509730606419563,0.24919694865309705,0.8073799988350778,0.24769279480121453
dual_g8_s912127_b4,6,8.0,local_multistart,0.07348756968016215,0.13390856046919786,0.9122083999319273,0.13297229625571405
ghost_s912101_b0,1,0.0,v7_hard,0.0,-1.3877787807814457e-17,,0.0
ghost_s912101_b0,1,0.0,v7_soft,0.0,-1.3877787807814457e-17,,0.0
ghost_s912101_b0,1,0.0,original_independent,0.0,-1.3877787807814457e-17,,0.0
ghost_s912101_b0,1,0.0,local_multistart,0.0,-1.3877787807814457e-17,,0.0
ghost_s912101_b0,3,0.0,v7_hard,0.0,-1.3877787807814457e-17,,0.0
ghost_s912101_b0,3,0.0,v7_soft,0.0,-1.3877787807814457e-17,,0.0
ghost_s912101_b0,3,0.0,original_independent,0.0,-1.3877787807814457e-17,,0.0
ghost_s912101_b0,3,0.0,local_multistart,0.0,-1.3877787807814457e-17,,0.0
ghost_s912101_b0,6,0.0,v7_hard,0.0,-1.3877787807814457e-17,,0.0
ghost_s912101_b0,6,0.0,v7_soft,0.0,-1.3877787807814457e-17,,0.0
ghost_s912101_b0,6,0.0,original_independent,0.0,-1.3877787807814457e-17,,0.0
ghost_s912101_b0,6,0.0,local_multistart,0.0,-1.3877787807814457e-17,,0.0
ghost_s912101_b4,1,0.0,v7_hard,4.163336342344337e-17,2.0816681711721685e-17,,-6.938893903907228e-18
ghost_s912101_b4,1,0.0,v7_soft,0.0,0.0,,-3.469446951953614e-18
ghost_s912101_b4,1,0.0,original_independent,4.163336342344337e-17,2.0816681711721685e-17,,-6.938893903907228e-18
ghost_s912101_b4,1,0.0,local_multistart,4.163336342344337e-17,2.0816681711721685e-17,,-6.938893903907228e-18
ghost_s912101_b4,3,0.0,v7_hard,4.163336342344337e-17,2.0816681711721685e-17,,-6.938893903907228e-18
ghost_s912101_b4,3,0.0,v7_soft,0.0,0.0,,-3.469446951953614e-18
ghost_s912101_b4,3,0.0,original_independent,4.163336342344337e-17,2.0816681711721685e-17,,-6.938893903907228e-18
ghost_s912101_b4,3,0.0,local_multistart,4.163336342344337e-17,2.0816681711721685e-17,,-6.938893903907228e-18
ghost_s912101_b4,6,0.0,v7_hard,4.163336342344337e-17,2.0816681711721685e-17,,-6.938893903907228e-18
ghost_s912101_b4,6,0.0,v7_soft,0.0,0.0,,-3.469446951953614e-18
ghost_s912101_b4,6,0.0,original_independent,4.163336342344337e-17,2.0816681711721685e-17,,-6.938893903907228e-18
ghost_s912101_b4,6,0.0,local_multistart,4.163336342344337e-17,2.0816681711721685e-17,,-6.938893903907228e-18
ghost_s912113_b0,1,0.0,v7_hard,-0.4666144375333148,-0.5460886045412172,,-0.5460030711452705
ghost_s912113_b0,1,0.0,v7_soft,-0.06403579966277592,-0.08654573574255917,,-0.08653484519331575
ghost_s912113_b0,1,0.0,original_independent,0.01094808669301077,0.008812466810284525,,0.009636565296255964
ghost_s912113_b0,1,0.0,local_multistart,0.01094808669301077,0.008812466810284525,,0.009636565296255964
ghost_s912113_b0,3,0.0,v7_hard,-0.3944650536604462,-0.49052820263352603,,-0.491943397888236
ghost_s912113_b0,3,0.0,v7_soft,-0.09430447368489368,-0.12234703481648215,,-0.12370767522570636
ghost_s912113_b0,3,0.0,original_independent,0.0174568561561593,0.01778806581065001,,0.01709902211676108
ghost_s912113_b0,3,0.0,local_multistart,0.0174568561561593,0.01778806581065001,,0.01709902211676108
ghost_s912113_b0,6,0.0,v7_hard,-0.3599721429052396,-0.4528078336851868,,-0.4555595339978845
ghost_s912113_b0,6,0.0,v7_soft,-0.12060651894847782,-0.15480032798833576,,-0.15768028863773279
ghost_s912113_b0,6,0.0,original_independent,0.033884960014112356,0.03955267852642877,,0.037522448275935635
ghost_s912113_b0,6,0.0,local_multistart,0.033884960014112356,0.03955267852642877,,0.037522448275935635
ghost_s912113_b4,1,0.0,v7_hard,-0.4666189937992486,-0.5457292804596141,,-0.5460083604458825
ghost_s912113_b4,1,0.0,v7_soft,-0.06402560387994491,-0.08635257976075825,,-0.0865192518384626
ghost_s912113_b4,1,0.0,original_independent,0.010954640231853705,0.008786855547860017,,0.00964359075116554
ghost_s912113_b4,1,0.0,local_multistart,0.010954640231853705,0.008786855547860017,,0.00964359075116554
ghost_s912113_b4,3,0.0,v7_hard,-0.39446943912891447,-0.49020304443925283,,-0.491948029018379
ghost_s912113_b4,3,0.0,v7_soft,-0.0943009722835708,-0.12214726334450038,,-0.12370377574495742
ghost_s912113_b4,3,0.0,original_independent,0.017464420496232674,0.01773616635628039,,0.017107880767291958
ghost_s912113_b4,3,0.0,local_multistart,0.017464420496232674,0.01773616635628039,,0.017107880767291958
ghost_s912113_b4,6,0.0,v7_hard,-0.35997368051962575,-0.4525383608050779,,-0.4555613669087587
ghost_s912113_b4,6,0.0,v7_soft,-0.12060498095635744,-0.15461963049546487,,-0.15767848985197933
ghost_s912113_b4,6,0.0,original_independent,0.033892736424088646,0.03944614121423515,,0.037532276954852214
ghost_s912113_b4,6,0.0,local_multistart,0.033892736424088646,0.03944614121423515,,0.037532276954852214
ghost_s912127_b0,1,0.0,v7_hard,-0.3096413283800615,-0.3752114339380265,,-0.3860108683118263
ghost_s912127_b0,1,0.0,v7_soft,-0.0927183771825256,-0.1671901789041609,,-0.17506969325178132
ghost_s912127_b0,1,0.0,original_independent,0.01242593168621546,-0.02445925432647217,,-0.034216727438790034
ghost_s912127_b0,1,0.0,local_multistart,0.01242593168621546,-0.02445925432647217,,-0.034216727438790034
ghost_s912127_b0,3,0.0,v7_hard,-0.35758220170091914,-0.4366589148976604,,-0.4403076162623388
ghost_s912127_b0,3,0.0,v7_soft,-0.06892820963312891,-0.08750927091902894,,-0.09011167930991373
ghost_s912127_b0,3,0.0,original_independent,-0.015513182554808842,-0.07567296679079957,,-0.07827264299876449
ghost_s912127_b0,3,0.0,local_multistart,-0.015513182554808842,-0.07567296679079957,,-0.07827264299876449
ghost_s912127_b0,6,0.0,v7_hard,-0.3624687504190365,-0.4466812703284809,,-0.44965405190928465
ghost_s912127_b0,6,0.0,v7_soft,-0.0357114625697338,-0.04750025215862302,,-0.0486171582256537
ghost_s912127_b0,6,0.0,original_independent,-0.01999279068298646,-0.08711833397919252,,-0.0890431944120486
ghost_s912127_b0,6,0.0,local_multistart,-0.01999279068298646,-0.08711833397919252,,-0.0890431944120486
ghost_s912127_b4,1,0.0,v7_hard,-0.309647541779303,-0.37475068224894914,,-0.3860286022084502
ghost_s912127_b4,1,0.0,v7_soft,-0.09270827446460694,-0.1668041533280583,,-0.17506292150085329
ghost_s912127_b4,1,0.0,original_independent,0.012427788880585072,-0.024354308952114156,,-0.03422995832333443
ghost_s912127_b4,1,0.0,local_multistart,0.012427788880585072,-0.024354308952114156,,-0.03422995832333443
ghost_s912127_b4,3,0.0,v7_hard,-0.357587339388204,-0.4355900967448205,,-0.44031528976946666
ghost_s912127_b4,3,0.0,v7_soft,-0.06892571319024852,-0.0867486526424358,,-0.09010638603651028
ghost_s912127_b4,3,0.0,original_independent,-0.01551131287431309,-0.07495959470338405,,-0.07827279676219456
ghost_s912127_b4,3,0.0,local_multistart,-0.01551131287431309,-0.07495959470338405,,-0.07827279676219456
ghost_s912127_b4,6,0.0,v7_hard,-0.36247254927718736,-0.4452751124107522,,-0.4496592108946771
ghost_s912127_b4,6,0.0,v7_soft,-0.035714894543772205,-0.046679460046767866,,-0.04862307933141521
ghost_s912127_b4,6,0.0,original_independent,-0.01999017036419924,-0.08606787659894749,,-0.08904137815646754
ghost_s912127_b4,6,0.0,local_multistart,-0.01999017036419924,-0.08606787659894749,,-0.08904137815646754
