stage,case,iterations,output,identifiable,geometry_scored,surface_accuracy_mean_mm,surface_accuracy_rms_mm,surface_accuracy_p95_mm,reference_sample_coverage_1mm,reference_sample_coverage_2mm,reference_sample_distance_mean_mm,output_point_count_ratio,matched_point_rms_mm,matched_normal_mae_mm,within_source_layer_rms_mm,source_group_gap_mm,source_group_gap_error_mm,source_group_gap_retention,reported_model_k,model_k_note,global_translation_only_aligned_rms_mm,output_edit_from_reference_centroid_mm,source_surface_tilt_mean_deg,source_surface_tilt_max_deg,fitted_gap_at_same_xy_mm,fitted_gap_at_same_xy_error_mm,fitted_gap_note
development,dual_g2_s912101_b0,12,/srv/slam-research/grf/map-denoise/runs/multiscan-pilot-v1/spatial-v11-seed-aligned-omrev058/outputs/development_dual_g2_s912101_b0_i12.npz,True,True,0.0957322360930461,0.18249455064257245,0.10634029868719844,0.984375,0.9986979166666666,0.1123467437438651,1.0,0.2854545164085597,0.11973117123475581,0.2780436647279716,1.9339270197411194,0.06607298025888064,0.9669635098705597,,self-report; not geometry-derived layer count or success,0.28021271164398986,0.054452889465728835,0.08429170207508706,0.101115693536556,1.8617964863064485,0.13820351369355155,"GT source-group affine fits evaluated at x=y=0; may extrapolate, not physical layer count"
development,dual_g2_s912101_b0,36,/srv/slam-research/grf/map-denoise/runs/multiscan-pilot-v1/spatial-v11-seed-aligned-omrev058/outputs/development_dual_g2_s912101_b0_i36.npz,True,True,0.0663443707861005,0.12702956424187306,0.11476533336448644,0.9895833333333334,0.9986979166666666,0.08196455911189658,1.0,0.2363824431464,0.08612048023631702,0.2292172058159854,1.9281937520490402,0.0718062479509598,0.9640968760245201,,self-report; not geometry-derived layer count or success,0.2322574020091089,0.04396769996076869,0.03680464042276436,0.05244685772404068,1.9111627115302108,0.08883728846978922,"GT source-group affine fits evaluated at x=y=0; may extrapolate, not physical layer count"
development,dual_g2_s912101_b4,12,/srv/slam-research/grf/map-denoise/runs/multiscan-pilot-v1/spatial-v11-seed-aligned-omrev058/outputs/development_dual_g2_s912101_b4_i12.npz,True,True,0.09575486694202599,0.18252514810270576,0.10655530093324761,0.984375,0.9986979166666666,0.12797768978752064,1.0,0.2907802031498047,0.11975387002501103,0.2780600647846868,1.9339293822441102,0.06607061775588985,0.9669646911220551,,self-report; not geometry-derived layer count or success,0.28563219581131266,0.05447361985263714,0.08419705376815974,0.10091861410223986,1.8617998109262026,0.13820018907379739,"GT source-group affine fits evaluated at x=y=0; may extrapolate, not physical layer count"
development,dual_g2_s912101_b4,36,/srv/slam-research/grf/map-denoise/runs/multiscan-pilot-v1/spatial-v11-seed-aligned-omrev058/outputs/development_dual_g2_s912101_b4_i36.npz,True,True,0.06640928178777346,0.12706996927169256,0.11482411976081511,0.9895833333333334,0.9986979166666666,0.10333659011578582,1.0,0.24277133805296,0.0861839072296549,0.22922309066617735,1.9282220529007943,0.07177794709920571,0.9641110264503971,,self-report; not geometry-derived layer count or success,0.23874506339083681,0.04403086742876973,0.03683522525256385,0.052417952888876365,1.911065186839756,0.0889348131602441,"GT source-group affine fits evaluated at x=y=0; may extrapolate, not physical layer count"
development,dual_g2_s912113_b0,12,/srv/slam-research/grf/map-denoise/runs/multiscan-pilot-v1/spatial-v11-seed-aligned-omrev058/outputs/development_dual_g2_s912113_b0_i12.npz,True,True,0.16508010446762486,0.2721680222709011,0.37217615155194034,0.96484375,1.0,0.18401441947743416,1.0,0.3567801912784086,0.19160514678572468,0.35480976773293393,1.9355358035389367,0.06446419646106327,0.9677679017694684,,self-report; not geometry-derived layer count or success,0.3564093558223639,0.016262717206710922,0.4429517828311121,0.4795357669554811,1.484432695086503,0.515567304913497,"GT source-group affine fits evaluated at x=y=0; may extrapolate, not physical layer count"
development,dual_g2_s912113_b0,36,/srv/slam-research/grf/map-denoise/runs/multiscan-pilot-v1/spatial-v11-seed-aligned-omrev058/outputs/development_dual_g2_s912113_b0_i36.npz,True,True,0.11412262192195122,0.20067430806800476,0.2500153435474178,0.9791666666666666,0.9986979166666666,0.13475151441675126,1.0,0.30925864998291974,0.14169780595814224,0.3075007317541088,1.9376422100737825,0.062357789926217544,0.9688211050368912,,self-report; not geometry-derived layer count or success,0.3092559798442265,0.0012851147207356415,0.35395590180940745,0.3679583089076787,1.622116756418891,0.37788324358110903,"GT source-group affine fits evaluated at x=y=0; may extrapolate, not physical layer count"
development,dual_g2_s912113_b4,12,/srv/slam-research/grf/map-denoise/runs/multiscan-pilot-v1/spatial-v11-seed-aligned-omrev058/outputs/development_dual_g2_s912113_b4_i12.npz,True,True,0.16509788484267707,0.2722145880400928,0.3717549213589867,0.96484375,1.0,0.19740243634749943,1.0,0.36079242905486036,0.1916137455907628,0.3548054614382323,1.9351466559171095,0.06485334408289045,0.9675733279585548,,self-report; not geometry-derived layer count or success,0.3604281075446462,0.01620975493619149,0.44284503280009596,0.47934635853038965,1.484418855418542,0.515581144581458,"GT source-group affine fits evaluated at x=y=0; may extrapolate, not physical layer count"
development,dual_g2_s912113_b4,36,/srv/slam-research/grf/map-denoise/runs/multiscan-pilot-v1/spatial-v11-seed-aligned-omrev058/outputs/development_dual_g2_s912113_b4_i36.npz,True,True,0.11424833361091875,0.20071940740711658,0.2503919528908227,0.98046875,0.9986979166666666,0.15027818076721633,1.0,0.31383468407654674,0.14180506272869087,0.307454884168859,1.937401110282737,0.0625988897172629,0.9687005551413685,,self-report; not geometry-derived layer count or success,0.31383162460420294,0.0013857588940817532,0.35441335862946016,0.36844583951041404,1.6214698950982942,0.3785301049017058,"GT source-group affine fits evaluated at x=y=0; may extrapolate, not physical layer count"
development,dual_g2_s912127_b0,12,/srv/slam-research/grf/map-denoise/runs/multiscan-pilot-v1/spatial-v11-seed-aligned-omrev058/outputs/development_dual_g2_s912127_b0_i12.npz,True,True,0.11069130328442944,0.18843914049568042,0.21487550807517702,0.9921875,0.9947916666666666,0.11910667702237314,1.0,0.24609264650177626,0.12110796995109611,0.24476080853565865,2.0231233454617397,0.023123345461739664,1.0115616727308698,,self-report; not geometry-derived layer count or success,0.24546699405834835,0.017536974944584564,0.2591023029901533,0.25954921964841565,2.289083968816391,0.28908396881639087,"GT source-group affine fits evaluated at x=y=0; may extrapolate, not physical layer count"
development,dual_g2_s912127_b0,36,/srv/slam-research/grf/map-denoise/runs/multiscan-pilot-v1/spatial-v11-seed-aligned-omrev058/outputs/development_dual_g2_s912127_b0_i36.npz,True,True,0.10516599874331156,0.14583020559645604,0.21447959172608116,0.9934895833333334,0.9947916666666666,0.11681077642550519,1.0,0.21498825586604423,0.11558266540997823,0.21264105335428235,2.029609202363688,0.029609202363687803,1.014804601181844,,self-report; not geometry-derived layer count or success,0.21364964867174144,0.023953659068400246,0.2806510782242027,0.3084777067099414,2.3298534612241975,0.32985346122419745,"GT source-group affine fits evaluated at x=y=0; may extrapolate, not physical layer count"
development,dual_g2_s912127_b4,12,/srv/slam-research/grf/map-denoise/runs/multiscan-pilot-v1/spatial-v11-seed-aligned-omrev058/outputs/development_dual_g2_s912127_b4_i12.npz,True,True,0.10792146471368996,0.16827450884120732,0.21477940284240146,0.9921875,0.9947916666666666,0.13779076464372764,1.0,0.23882776564909866,0.11833324213619519,0.22913576913542344,2.031273664512422,0.031273664512422084,1.015636832256211,,self-report; not geometry-derived layer count or success,0.23795257235508008,0.020427309038176418,0.26489339803370604,0.27189911077252205,2.307456068442725,0.307456068442725,"GT source-group affine fits evaluated at x=y=0; may extrapolate, not physical layer count"
development,dual_g2_s912127_b4,36,/srv/slam-research/grf/map-denoise/runs/multiscan-pilot-v1/spatial-v11-seed-aligned-omrev058/outputs/development_dual_g2_s912127_b4_i36.npz,True,True,0.10539455555289749,0.14609532754263835,0.21533488787918498,0.9934895833333334,0.9947916666666666,0.13606116762354817,1.0,0.2235328611724275,0.1158066795576536,0.21287431236483245,2.0292420512816047,0.02924205128160473,1.0146210256408024,,self-report; not geometry-derived layer count or success,0.22227949791024676,0.023638207053419628,0.2818319149238077,0.309503931902054,2.33066928188314,0.3306692818831398,"GT source-group affine fits evaluated at x=y=0; may extrapolate, not physical layer count"
development,dual_g4_s912101_b0,12,/srv/slam-research/grf/map-denoise/runs/multiscan-pilot-v1/spatial-v11-seed-aligned-omrev058/outputs/development_dual_g4_s912101_b0_i12.npz,True,True,0.09661102034722735,0.23387018637070528,0.29704572858201334,0.9908854166666666,0.9986979166666666,0.09407193429070519,1.0,0.2784065620812965,0.10230969053962967,0.27388822914977756,3.9396327430895774,0.06036725691042255,0.9849081857723944,,self-report; not geometry-derived layer count or success,0.27548619719050355,0.04021901251201712,0.12369997621424085,0.16737172976832715,3.823319522975401,0.1766804770245991,"GT source-group affine fits evaluated at x=y=0; may extrapolate, not physical layer count"
development,dual_g4_s912101_b0,36,/srv/slam-research/grf/map-denoise/runs/multiscan-pilot-v1/spatial-v11-seed-aligned-omrev058/outputs/development_dual_g4_s912101_b0_i36.npz,True,True,0.09235500654275712,0.2324549124139573,0.29704572858201334,0.9921875,0.9986979166666666,0.08789389735289492,1.0,0.23793274158361916,0.09299408161120752,0.23278401597702558,3.947422890883986,0.052577109116013876,0.9868557227209965,,self-report; not geometry-derived layer count or success,0.2342207367096777,0.041864495848787375,0.10270144749272007,0.1572882022056967,3.8410282810114604,0.15897171898853957,"GT source-group affine fits evaluated at x=y=0; may extrapolate, not physical layer count"
development,dual_g4_s912101_b4,12,/srv/slam-research/grf/map-denoise/runs/multiscan-pilot-v1/spatial-v11-seed-aligned-omrev058/outputs/development_dual_g4_s912101_b4_i12.npz,True,True,0.24726901323390651,0.8660284373060472,1.648502213541618,0.9388020833333334,0.9661458333333334,0.20077362059521772,1.0,1.0495138768013188,0.3171295061928506,1.0467471109679436,4.025589573767265,0.025589573767264895,1.0063973934418162,,self-report; not geometry-derived layer count or success,1.0469805260338154,0.07287767631098523,0.11106727558990753,0.14940122161632444,4.07333090721651,0.07333090721651025,"GT source-group affine fits evaluated at x=y=0; may extrapolate, not physical layer count"
development,dual_g4_s912101_b4,36,/srv/slam-research/grf/map-denoise/runs/multiscan-pilot-v1/spatial-v11-seed-aligned-omrev058/outputs/development_dual_g4_s912101_b4_i36.npz,True,True,0.24297851934190784,0.865644293989581,1.648502213541618,0.9401041666666666,0.9661458333333334,0.19467411312691962,1.0,1.0395071029229406,0.3077795012500216,1.0365471403721414,4.033375246076126,0.033375246076126075,1.0083438115190315,,self-report; not geometry-derived layer count or success,1.0368344188913359,0.07449432749888399,0.12504627663461262,0.17739531593331273,4.091042322101656,0.0910423221016563,"GT source-group affine fits evaluated at x=y=0; may extrapolate, not physical layer count"
development,dual_g4_s912113_b0,12,/srv/slam-research/grf/map-denoise/runs/multiscan-pilot-v1/spatial-v11-seed-aligned-omrev058/outputs/development_dual_g4_s912113_b0_i12.npz,True,True,0.12575393009814714,0.27973487886214,0.5096194142526427,0.9856770833333334,0.9986979166666666,0.12330162920202288,1.0,0.27993627199354826,0.1257539295902853,0.27588720596509697,3.950207482253949,0.04979251774605098,0.9875518705634873,,self-report; not geometry-derived layer count or success,0.2771592730121326,0.039332604300147095,0.37733830654883077,0.3997092313857917,3.5713060837355224,0.4286939162644776,"GT source-group affine fits evaluated at x=y=0; may extrapolate, not physical layer count"
development,dual_g4_s912113_b0,36,/srv/slam-research/grf/map-denoise/runs/multiscan-pilot-v1/spatial-v11-seed-aligned-omrev058/outputs/development_dual_g4_s912113_b0_i36.npz,True,True,0.12505681834156065,0.2795379950554398,0.5096194142526427,0.9856770833333334,0.9986979166666666,0.12261210452903219,1.0,0.2797395124062123,0.1250568178094566,0.2756865599107128,3.9496548608433164,0.050345139156683594,0.9874137152108291,,self-report; not geometry-derived layer count or success,0.27698334033693806,0.03917172420327426,0.3752716107025103,0.39760510744120153,3.5727807121699042,0.4272192878300958,"GT source-group affine fits evaluated at x=y=0; may extrapolate, not physical layer count"
development,dual_g4_s912113_b4,12,/srv/slam-research/grf/map-denoise/runs/multiscan-pilot-v1/spatial-v11-seed-aligned-omrev058/outputs/development_dual_g4_s912113_b4_i12.npz,True,True,0.3023081486537504,1.0178400588129046,1.5359296473547206,0.9453125,0.96875,0.22084580934835438,1.0,1.3768427714554448,0.4076276261630201,1.3749446076817315,3.933795933846328,0.0662040661536718,0.983448983461582,,self-report; not geometry-derived layer count or success,1.3759451274421601,0.04970939123835061,0.4156022271172519,0.4390769959473771,3.517757560895685,0.48224243910431497,"GT source-group affine fits evaluated at x=y=0; may extrapolate, not physical layer count"
development,dual_g4_s912113_b4,36,/srv/slam-research/grf/map-denoise/runs/multiscan-pilot-v1/spatial-v11-seed-aligned-omrev058/outputs/development_dual_g4_s912113_b4_i36.npz,True,True,0.30160195406791795,1.0177858063755452,1.5359296473547206,0.9453125,0.96875,0.22021244051597189,1.0,1.3768026430662237,0.4069214234990328,1.3749038457808291,3.9332353800510726,0.06676461994892735,0.9833088450127682,,self-report; not geometry-derived layer count or success,1.3759108285435309,0.04954704684230334,0.413656452030144,0.43698961447324897,3.519252660247224,0.48074733975277617,"GT source-group affine fits evaluated at x=y=0; may extrapolate, not physical layer count"
development,dual_g4_s912127_b0,12,/srv/slam-research/grf/map-denoise/runs/multiscan-pilot-v1/spatial-v11-seed-aligned-omrev058/outputs/development_dual_g4_s912127_b0_i12.npz,True,True,0.12724118813194493,0.25694246100680224,0.3187580605633867,0.9791666666666666,0.9986979166666666,0.12567249224890523,1.0,0.30124916033531285,0.13305433285677024,0.29092456406410716,3.885132616366599,0.11486738363340088,0.9712831540916498,,self-report; not geometry-derived layer count or success,0.29631775070324545,0.05428487101302063,0.13324206084049914,0.24143341365662793,4.055316112268863,0.055316112268863016,"GT source-group affine fits evaluated at x=y=0; may extrapolate, not physical layer count"
development,dual_g4_s912127_b0,36,/srv/slam-research/grf/map-denoise/runs/multiscan-pilot-v1/spatial-v11-seed-aligned-omrev058/outputs/development_dual_g4_s912127_b0_i36.npz,True,True,0.1272375039282618,0.25694083133800844,0.3187580605633867,0.9791666666666666,0.9986979166666666,0.12566877669743992,1.0,0.3012477384365018,0.1330506486530871,0.29092109766927576,3.8851300899227255,0.11486991007727454,0.9712825224806814,,self-report; not geometry-derived layer count or success,0.29631458057732907,0.05429428377268227,0.13322345022269055,0.24141193157001975,4.0552946347160495,0.05529463471604945,"GT source-group affine fits evaluated at x=y=0; may extrapolate, not physical layer count"
development,dual_g4_s912127_b4,12,/srv/slam-research/grf/map-denoise/runs/multiscan-pilot-v1/spatial-v11-seed-aligned-omrev058/outputs/development_dual_g4_s912127_b4_i12.npz,True,True,0.21180668380220102,0.6630064061550913,0.5290965245799674,0.95703125,0.9778645833333334,0.17690406394378963,1.0,0.9659119733957868,0.27263256512000583,0.9623860386453457,3.872102919637673,0.12789708036232694,0.9680257299094183,,self-report; not geometry-derived layer count or success,0.9646438288462759,0.049479529283736556,0.19252234870893162,0.19437824744841045,4.005711215850659,0.005711215850658924,"GT source-group affine fits evaluated at x=y=0; may extrapolate, not physical layer count"
development,dual_g4_s912127_b4,36,/srv/slam-research/grf/map-denoise/runs/multiscan-pilot-v1/spatial-v11-seed-aligned-omrev058/outputs/development_dual_g4_s912127_b4_i36.npz,True,True,0.21180270132764087,0.6630057198907153,0.5290965245799674,0.95703125,0.9778645833333334,0.17690012407210923,1.0,0.9659114926977119,0.2726285826454456,0.9623849640403865,3.872100308539129,0.127899691460871,0.9680250771347823,,self-report; not geometry-derived layer count or success,0.9646428391792267,0.049489438729516444,0.19250510912348992,0.19436409864856907,4.005688657883774,0.005688657883774262,"GT source-group affine fits evaluated at x=y=0; may extrapolate, not physical layer count"
development,dual_g8_s912101_b0,12,/srv/slam-research/grf/map-denoise/runs/multiscan-pilot-v1/spatial-v11-seed-aligned-omrev058/outputs/development_dual_g8_s912101_b0_i12.npz,True,True,1.0319243732531251,1.2318315140524152,2.200098788209658,0.5286458333333334,0.93359375,1.0126270806235185,1.0,1.2318393406106527,1.0319243732531251,1.2026899867653027,7.446960249442327,0.553039750557673,0.9308700311802909,,self-report; not geometry-derived layer count or success,1.2314386062947915,0.03141846595283306,2.187166016119687,4.518861375232284,4.1446917595244805,3.8553082404755195,"GT source-group affine fits evaluated at x=y=0; may extrapolate, not physical layer count"
development,dual_g8_s912101_b0,36,/srv/slam-research/grf/map-denoise/runs/multiscan-pilot-v1/spatial-v11-seed-aligned-omrev058/outputs/development_dual_g8_s912101_b0_i36.npz,True,True,1.0027951779806081,1.1988609798140382,2.1483183054465114,0.5416666666666666,0.9244791666666666,0.9880753106286128,1.0,1.1988694021822968,1.0027951779806081,1.1652123889601993,7.418900373403579,0.581099626596421,0.9273625466754474,,self-report; not geometry-derived layer count or success,1.1979055913108458,0.04806285254903996,2.2508860490714135,4.952278118862434,3.888784662342746,4.111215337657255,"GT source-group affine fits evaluated at x=y=0; may extrapolate, not physical layer count"
development,dual_g8_s912101_b4,12,/srv/slam-research/grf/map-denoise/runs/multiscan-pilot-v1/spatial-v11-seed-aligned-omrev058/outputs/development_dual_g8_s912101_b4_i12.npz,True,True,1.0666744063005371,1.3073846527991615,2.24509254842362,0.5234375,0.9270833333333334,1.0260455854130184,1.0,1.3585626777190565,1.0837060247777048,1.3311386901618383,7.4349615207333155,0.5650384792666845,0.9293701900916644,,self-report; not geometry-derived layer count or success,1.3583601520083153,0.02345733844917199,2.226767455354981,4.519231133204321,4.109809087785073,3.890190912214927,"GT source-group affine fits evaluated at x=y=0; may extrapolate, not physical layer count"
development,dual_g8_s912101_b4,36,/srv/slam-research/grf/map-denoise/runs/multiscan-pilot-v1/spatial-v11-seed-aligned-omrev058/outputs/development_dual_g8_s912101_b4_i36.npz,True,True,1.0375265758211467,1.276359311172711,2.224329128074683,0.5364583333333334,0.9192708333333334,1.0013933617606205,1.0,1.328733498900319,1.0545581942983144,1.2973919752708065,7.406727162286981,0.5932728377130188,0.9258408952858727,,self-report; not geometry-derived layer count or success,1.3281265921761136,0.0401555258282944,2.288160006242936,4.952344024814157,3.853987864357054,4.1460121356429465,"GT source-group affine fits evaluated at x=y=0; may extrapolate, not physical layer count"
development,dual_g8_s912113_b0,12,/srv/slam-research/grf/map-denoise/runs/multiscan-pilot-v1/spatial-v11-seed-aligned-omrev058/outputs/development_dual_g8_s912113_b0_i12.npz,True,True,0.990122595098022,1.168852850424364,2.0653887672515854,0.53125,0.9440104166666666,0.9769836507872144,1.0,1.1688823789323899,0.990122595098022,1.1259147118697301,7.345110322590727,0.6548896774092734,0.9181387903238408,,self-report; not geometry-derived layer count or success,1.1684848081786914,0.030483911072070023,2.028016258498656,4.359114307267028,4.067086319397465,3.9329136806025353,"GT source-group affine fits evaluated at x=y=0; may extrapolate, not physical layer count"
development,dual_g8_s912113_b0,36,/srv/slam-research/grf/map-denoise/runs/multiscan-pilot-v1/spatial-v11-seed-aligned-omrev058/outputs/development_dual_g8_s912113_b0_i36.npz,True,True,0.9685239235040588,1.1492694903449414,2.037804168934548,0.5377604166666666,0.9466145833333334,0.9579787083802436,1.0,1.1492997164247583,0.9685239235040587,1.1054983946254893,7.345403029855872,0.6545969701441283,0.918175378731984,,self-report; not geometry-derived layer count or success,1.1487875002610726,0.03430914481513195,2.0187959241891513,4.443742516590637,4.031858029687079,3.968141970312921,"GT source-group affine fits evaluated at x=y=0; may extrapolate, not physical layer count"
development,dual_g8_s912113_b4,12,/srv/slam-research/grf/map-denoise/runs/multiscan-pilot-v1/spatial-v11-seed-aligned-omrev058/outputs/development_dual_g8_s912113_b4_i12.npz,True,True,1.0497376823594449,1.3084295810694144,2.126182515892598,0.5221354166666666,0.9375,0.996983132534467,1.0,1.3827011018476498,1.0746385990735101,1.352077074070806,7.395794631392926,0.6042053686070741,0.9244743289241157,,self-report; not geometry-derived layer count or success,1.3827002651485116,0.0015211209485560691,1.955213973144706,4.3724789516241795,4.153130724887291,3.8468692751127094,"GT source-group affine fits evaluated at x=y=0; may extrapolate, not physical layer count"
development,dual_g8_s912113_b4,36,/srv/slam-research/grf/map-denoise/runs/multiscan-pilot-v1/spatial-v11-seed-aligned-omrev058/outputs/development_dual_g8_s912113_b4_i36.npz,True,True,1.029836018946759,1.2917389663107544,2.078520991697676,0.5247395833333334,0.9361979166666666,0.9799184710505039,1.0,1.3669179800752103,1.0547369356608243,1.3365473364894607,7.401810404647288,0.5981895953527117,0.925226300580911,,self-report; not geometry-derived layer count or success,1.366916632962104,0.0019190582161969266,1.9620482393003293,4.446578847325768,4.124525686344792,3.875474313655208,"GT source-group affine fits evaluated at x=y=0; may extrapolate, not physical layer count"
development,dual_g8_s912127_b0,12,/srv/slam-research/grf/map-denoise/runs/multiscan-pilot-v1/spatial-v11-seed-aligned-omrev058/outputs/development_dual_g8_s912127_b0_i12.npz,True,True,0.9711492436429973,1.167119751368282,2.116550414426757,0.546875,0.9322916666666666,0.9600243005397745,1.0,1.1671288998904785,0.9711492436429973,1.1253788873915733,7.359297758668168,0.640702241331832,0.919912219833521,,self-report; not geometry-derived layer count or success,1.1669974171365805,0.017518486124898806,2.0364477438179387,4.6341266203448646,4.188097561252475,3.8119024387475253,"GT source-group affine fits evaluated at x=y=0; may extrapolate, not physical layer count"
development,dual_g8_s912127_b0,36,/srv/slam-research/grf/map-denoise/runs/multiscan-pilot-v1/spatial-v11-seed-aligned-omrev058/outputs/development_dual_g8_s912127_b0_i36.npz,True,True,0.9641411492751023,1.1572098993904967,2.106511845161418,0.5533854166666666,0.9348958333333334,0.956578026651806,1.0,1.1572191986515252,0.9641411492751023,1.110629669326692,7.3302284303267475,0.6697715696732525,0.9162785537908434,,self-report; not geometry-derived layer count or success,1.1566137856410348,0.03742759133037224,2.0060515451569216,4.672144959385092,4.157945618473251,3.842054381526749,"GT source-group affine fits evaluated at x=y=0; may extrapolate, not physical layer count"
development,dual_g8_s912127_b4,12,/srv/slam-research/grf/map-denoise/runs/multiscan-pilot-v1/spatial-v11-seed-aligned-omrev058/outputs/development_dual_g8_s912127_b4_i12.npz,True,True,0.9836798928063586,1.1875274320774076,2.156507872403487,0.5416666666666666,0.921875,0.9765506497011659,1.0,1.2725625090225767,1.009802322934275,1.227097914934375,7.3089540528156745,0.6910459471843255,0.9136192566019593,,self-report; not geometry-derived layer count or success,1.2715920806098138,0.049688226978237916,2.0888716967750773,4.632466772561201,4.107498212533423,3.8925017874665766,"GT source-group affine fits evaluated at x=y=0; may extrapolate, not physical layer count"
development,dual_g8_s912127_b4,36,/srv/slam-research/grf/map-denoise/runs/multiscan-pilot-v1/spatial-v11-seed-aligned-omrev058/outputs/development_dual_g8_s912127_b4_i36.npz,True,True,0.9724547645231102,1.170608180505649,2.1144606161878823,0.5494791666666666,0.9296875,0.9679852878588427,1.0,1.2567882461536273,0.9985771946510266,1.2071520069007504,7.287660434447917,0.7123395655520834,0.9109575543059896,,self-report; not geometry-derived layer count or success,1.2551238990388955,0.06465828432080731,2.0580209942853376,4.670087348028899,4.08935097444449,3.91064902555551,"GT source-group affine fits evaluated at x=y=0; may extrapolate, not physical layer count"
development,ghost_s912101_b0,12,/srv/slam-research/grf/map-denoise/runs/multiscan-pilot-v1/spatial-v11-seed-aligned-omrev058/outputs/development_ghost_s912101_b0_i12.npz,True,True,0.04261261794345316,0.05094473651350809,0.08771686507084253,1.0,1.0,0.04376696889692324,1.0,0.05142901161062785,0.04261261794345316,0.02834111413680963,,,,,self-report; not geometry-derived layer count or success,0.029202667811879777,0.042333762269789965,0.06261134116272736,0.06261134116272736,,,
development,ghost_s912101_b0,36,/srv/slam-research/grf/map-denoise/runs/multiscan-pilot-v1/spatial-v11-seed-aligned-omrev058/outputs/development_ghost_s912101_b0_i36.npz,True,True,0.04261261794345316,0.05094473651350809,0.08771686507084253,1.0,1.0,0.04376696889692324,1.0,0.05142901161062785,0.04261261794345316,0.02834111413680963,,,,,self-report; not geometry-derived layer count or success,0.029202667811879777,0.042333762269789965,0.06261134116272736,0.06261134116272736,,,
development,ghost_s912101_b4,12,/srv/slam-research/grf/map-denoise/runs/multiscan-pilot-v1/spatial-v11-seed-aligned-omrev058/outputs/development_ghost_s912101_b4_i12.npz,True,True,0.04260978644387051,0.05093550203091084,0.08769901569590992,1.0,1.0,0.05346589271659031,1.0,0.058409792653145755,0.04260978644387051,0.028324511279558467,,,,,self-report; not geometry-derived layer count or success,0.04024371317197732,0.0423337622697899,0.06257255046486243,0.06257255046486243,,,
development,ghost_s912101_b4,36,/srv/slam-research/grf/map-denoise/runs/multiscan-pilot-v1/spatial-v11-seed-aligned-omrev058/outputs/development_ghost_s912101_b4_i36.npz,True,True,0.04260978644387051,0.05093550203091084,0.08769901569590992,1.0,1.0,0.05346589271659031,1.0,0.058409792653145755,0.04260978644387051,0.028324511279558467,,,,,self-report; not geometry-derived layer count or success,0.04024371317197732,0.0423337622697899,0.06257255046486243,0.06257255046486243,,,
development,ghost_s912113_b0,12,/srv/slam-research/grf/map-denoise/runs/multiscan-pilot-v1/spatial-v11-seed-aligned-omrev058/outputs/development_ghost_s912113_b0_i12.npz,True,True,0.043977966401007686,0.05228049995973958,0.09776774319426113,1.0,1.0,0.04418807954296199,1.0,0.05235789933602565,0.043977966401007686,0.050154092778410035,,,,,self-report; not geometry-derived layer count or success,0.05023476853003731,0.014758646740638813,0.08885836555593014,0.08885836555593014,,,
development,ghost_s912113_b0,36,/srv/slam-research/grf/map-denoise/runs/multiscan-pilot-v1/spatial-v11-seed-aligned-omrev058/outputs/development_ghost_s912113_b0_i36.npz,True,True,0.043977966401007686,0.05228049995973958,0.09776774319426113,1.0,1.0,0.04418807954296199,1.0,0.05235789933602565,0.043977966401007686,0.050154092778410035,,,,,self-report; not geometry-derived layer count or success,0.05023476853003731,0.014758646740638813,0.08885836555593014,0.08885836555593014,,,
development,ghost_s912113_b4,12,/srv/slam-research/grf/map-denoise/runs/multiscan-pilot-v1/spatial-v11-seed-aligned-omrev058/outputs/development_ghost_s912113_b4_i12.npz,True,True,0.04397561916892039,0.052277591726420526,0.09775940295441858,1.0,1.0,0.046169658083483944,1.0,0.05351118920328834,0.04397561916892039,0.05015106123602304,,,,,self-report; not geometry-derived layer count or success,0.0514356852422046,0.014758646740639161,0.08885253509299999,0.08885253509299998,,,
development,ghost_s912113_b4,36,/srv/slam-research/grf/map-denoise/runs/multiscan-pilot-v1/spatial-v11-seed-aligned-omrev058/outputs/development_ghost_s912113_b4_i36.npz,True,True,0.04397561916892039,0.052277591726420526,0.09775940295441858,1.0,1.0,0.046169658083483944,1.0,0.05351118920328834,0.04397561916892039,0.05015106123602304,,,,,self-report; not geometry-derived layer count or success,0.0514356852422046,0.014758646740639161,0.08885253509299999,0.08885253509299998,,,
development,ghost_s912127_b0,12,/srv/slam-research/grf/map-denoise/runs/multiscan-pilot-v1/spatial-v11-seed-aligned-omrev058/outputs/development_ghost_s912127_b0_i12.npz,True,True,0.02196596223216729,0.026678937445693843,0.05090986986038716,1.0,1.0,0.022327423908100424,1.0,0.026827686386840847,0.02196596223216729,0.018631196877083357,,,,,self-report; not geometry-derived layer count or success,0.018843581154124642,0.019095659353858544,0.03850956999843674,0.03850956999843674,,,
development,ghost_s912127_b0,36,/srv/slam-research/grf/map-denoise/runs/multiscan-pilot-v1/spatial-v11-seed-aligned-omrev058/outputs/development_ghost_s912127_b0_i36.npz,True,True,0.02196596223216729,0.026678937445693843,0.05090986986038716,1.0,1.0,0.022327423908100424,1.0,0.026827686386840847,0.02196596223216729,0.018631196877083357,,,,,self-report; not geometry-derived layer count or success,0.018843581154124642,0.019095659353858544,0.03850956999843674,0.03850956999843674,,,
development,ghost_s912127_b4,12,/srv/slam-research/grf/map-denoise/runs/multiscan-pilot-v1/spatial-v11-seed-aligned-omrev058/outputs/development_ghost_s912127_b4_i12.npz,True,True,0.02196453929549055,0.026676904279743435,0.05091342750670853,1.0,1.0,0.025764854279342674,1.0,0.02906115734069004,0.02196453929549055,0.01862828536908284,,,,,self-report; not geometry-derived layer count or success,0.021906772008256605,0.0190956593538586,0.03850217805606588,0.03850217805606588,,,
development,ghost_s912127_b4,36,/srv/slam-research/grf/map-denoise/runs/multiscan-pilot-v1/spatial-v11-seed-aligned-omrev058/outputs/development_ghost_s912127_b4_i36.npz,True,True,0.02196453929549055,0.026676904279743435,0.05091342750670853,1.0,1.0,0.025764854279342674,1.0,0.02906115734069004,0.02196453929549055,0.01862828536908284,,,,,self-report; not geometry-derived layer count or success,0.021906772008256605,0.0190956593538586,0.03850217805606588,0.03850217805606588,,,
confirmation,dual_g2_s9131011_b0,12,/srv/slam-research/grf/map-denoise/runs/multiscan-pilot-v1/spatial-v11-seed-aligned-omrev058/outputs/confirmation_dual_g2_s9131011_b0_i12.npz,True,True,0.06726689452339613,0.13432466344352864,0.1301404934966138,0.9908854166666666,0.9986979166666666,0.07969543234864072,1.0,0.20005381469130562,0.07706906882252747,0.19765724229678963,2.0333398497562816,0.03333984975628157,1.0166699248781408,,self-report; not geometry-derived layer count or success,0.19905831078743458,0.01993282917692225,0.26754412167295955,0.3404396761205033,1.72695362892252,0.27304637107748,"GT source-group affine fits evaluated at x=y=0; may extrapolate, not physical layer count"
confirmation,dual_g2_s9131011_b0,36,/srv/slam-research/grf/map-denoise/runs/multiscan-pilot-v1/spatial-v11-seed-aligned-omrev058/outputs/confirmation_dual_g2_s9131011_b0_i36.npz,True,True,0.055578803667121895,0.09698554640703919,0.12207083589162356,0.9947916666666666,0.9986979166666666,0.06569916166791831,1.0,0.15776890508398436,0.06229754173869123,0.15076808355326904,2.0342244292876814,0.034224429287681435,1.0171122146438407,,self-report; not geometry-derived layer count or success,0.15265572177871192,0.039840406870660386,0.16722842990805367,0.19832236066832684,1.8570423556719782,0.14295764432802183,"GT source-group affine fits evaluated at x=y=0; may extrapolate, not physical layer count"
confirmation,dual_g2_s9131011_b4,12,/srv/slam-research/grf/map-denoise/runs/multiscan-pilot-v1/spatial-v11-seed-aligned-omrev058/outputs/confirmation_dual_g2_s9131011_b4_i12.npz,True,True,0.06714876210649295,0.13393486685694245,0.12967657651993345,0.9908854166666666,0.9986979166666666,0.10580984149371953,1.0,0.2118613726765148,0.07695188324587461,0.19762285025617765,2.033316936895111,0.03331693689511095,1.0166584684475555,,self-report; not geometry-derived layer count or success,0.21093207263817934,0.01982175484004738,0.26706046019633817,0.3400130698216508,1.7273959505213738,0.27260404947862615,"GT source-group affine fits evaluated at x=y=0; may extrapolate, not physical layer count"
confirmation,dual_g2_s9131011_b4,36,/srv/slam-research/grf/map-denoise/runs/multiscan-pilot-v1/spatial-v11-seed-aligned-omrev058/outputs/confirmation_dual_g2_s9131011_b4_i36.npz,True,True,0.055625210109646,0.09750591347368072,0.1219663812662702,0.9947916666666666,0.9986979166666666,0.09364757815255542,1.0,0.17253478721355184,0.06228079918240683,0.15075432633481703,2.0342133418455615,0.03421334184556146,1.0171066709227807,,self-report; not geometry-derived layer count or success,0.16788364076009923,0.0397911543431397,0.16720182817886076,0.1982134091905244,1.8570405827076775,0.14295941729232253,"GT source-group affine fits evaluated at x=y=0; may extrapolate, not physical layer count"
confirmation,dual_g2_s9131021_b0,12,/srv/slam-research/grf/map-denoise/runs/multiscan-pilot-v1/spatial-v11-seed-aligned-omrev058/outputs/confirmation_dual_g2_s9131021_b0_i12.npz,True,True,0.07496181746259982,0.2378197568605473,0.11570299122899301,0.98046875,0.9869791666666666,0.08743827635649733,1.0,0.30670149936509544,0.09099580092341482,0.3063509908043108,1.9769312012378206,0.023068798762179377,0.9884656006189103,,self-report; not geometry-derived layer count or success,0.30666206649534583,0.004917996096149055,0.18399176406233544,0.4468485203853098,1.696403856868266,0.303596143131734,"GT source-group affine fits evaluated at x=y=0; may extrapolate, not physical layer count"
confirmation,dual_g2_s9131021_b0,36,/srv/slam-research/grf/map-denoise/runs/multiscan-pilot-v1/spatial-v11-seed-aligned-omrev058/outputs/confirmation_dual_g2_s9131021_b0_i36.npz,True,True,0.08958001742332126,0.24441364140129884,0.14931145141001773,0.98046875,0.9869791666666666,0.1018723308559236,1.0,0.3127020361835483,0.10565502143759009,0.31206136863739925,1.9659251868960235,0.03407481310397653,0.9829625934480117,,self-report; not geometry-derived layer count or success,0.31260281155602626,0.007876905522137703,0.20876541962738263,0.4171595892777721,1.7263735243970595,0.2736264756029405,"GT source-group affine fits evaluated at x=y=0; may extrapolate, not physical layer count"
confirmation,dual_g2_s9131021_b4,12,/srv/slam-research/grf/map-denoise/runs/multiscan-pilot-v1/spatial-v11-seed-aligned-omrev058/outputs/confirmation_dual_g2_s9131021_b4_i12.npz,True,True,0.07489319728806296,0.23769809252526902,0.1153656074528553,0.98046875,0.9869791666666666,0.09893674524802698,1.0,0.30842354944680606,0.09087215635222336,0.3062947697884373,1.9769535502963889,0.023046449703611138,0.9884767751481944,,self-report; not geometry-derived layer count or success,0.3083828920729906,0.005007766973874612,0.18373560912052112,0.4469062897952839,1.6962085753667215,0.30379142463327846,"GT source-group affine fits evaluated at x=y=0; may extrapolate, not physical layer count"
confirmation,dual_g2_s9131021_b4,36,/srv/slam-research/grf/map-denoise/runs/multiscan-pilot-v1/spatial-v11-seed-aligned-omrev058/outputs/confirmation_dual_g2_s9131021_b4_i36.npz,True,True,0.08960917162200681,0.2443452890822253,0.14919684138063025,0.98046875,0.9869791666666666,0.11181248030813061,1.0,0.314443532462234,0.10563078722721526,0.3120597988461121,1.9658912823336576,0.03410871766634238,0.9829456411668288,,self-report; not geometry-derived layer count or success,0.3143453341080367,0.00785786433038533,0.20864285199570745,0.41688045199655965,1.726532867294525,0.27346713270547496,"GT source-group affine fits evaluated at x=y=0; may extrapolate, not physical layer count"
confirmation,dual_g2_s9131033_b0,12,/srv/slam-research/grf/map-denoise/runs/multiscan-pilot-v1/spatial-v11-seed-aligned-omrev058/outputs/confirmation_dual_g2_s9131033_b0_i12.npz,True,True,0.06736680084791093,0.20359541697342548,0.12106875543581003,0.984375,0.9895833333333334,0.08082801969874695,1.0,0.28182490785473585,0.08430381253576574,0.28161244140339314,2.003614760838408,0.00361476083840806,1.001807380419204,,self-report; not geometry-derived layer count or success,0.2818067072027979,0.003202883520658977,0.0694489484729508,0.11898436430997619,1.9393500314412768,0.06064996855872318,"GT source-group affine fits evaluated at x=y=0; may extrapolate, not physical layer count"
confirmation,dual_g2_s9131033_b0,36,/srv/slam-research/grf/map-denoise/runs/multiscan-pilot-v1/spatial-v11-seed-aligned-omrev058/outputs/confirmation_dual_g2_s9131033_b0_i36.npz,True,True,0.07002651709507017,0.17387324862477813,0.12290685189675572,0.98828125,0.9908854166666666,0.08283799249473046,1.0,0.2522859253101472,0.08439614932756923,0.252000680358104,1.9949253498571422,0.005074650142857795,0.9974626749285711,,self-report; not geometry-derived layer count or success,0.2522289703643234,0.005360468127918532,0.075937886980122,0.08514915078957193,1.987378182951272,0.012621817048728001,"GT source-group affine fits evaluated at x=y=0; may extrapolate, not physical layer count"
confirmation,dual_g2_s9131033_b4,12,/srv/slam-research/grf/map-denoise/runs/multiscan-pilot-v1/spatial-v11-seed-aligned-omrev058/outputs/confirmation_dual_g2_s9131033_b4_i12.npz,True,True,0.06739646232995078,0.20368254236473196,0.12120876185920301,0.984375,0.9895833333333334,0.09476531423808777,1.0,0.2849181326845012,0.08431566317464706,0.28160033485178954,2.00366436522795,0.003664365227950217,1.001832182613975,,self-report; not geometry-derived layer count or success,0.2848994441559078,0.0032632885373223702,0.06945285221600246,0.1191919265722583,1.939238546576777,0.06076145342322303,"GT source-group affine fits evaluated at x=y=0; may extrapolate, not physical layer count"
confirmation,dual_g2_s9131033_b4,36,/srv/slam-research/grf/map-denoise/runs/multiscan-pilot-v1/spatial-v11-seed-aligned-omrev058/outputs/confirmation_dual_g2_s9131033_b4_i36.npz,True,True,0.07006103943706245,0.17398875320722842,0.12306543759670657,0.98828125,0.9908854166666666,0.09596993174086961,1.0,0.2557707562172226,0.08441308672019088,0.25201020995794565,1.9949184740691481,0.005081525930851871,0.9974592370345741,,self-report; not geometry-derived layer count or success,0.25571475189423887,0.0053521397214368995,0.07603442183675453,0.08528010003973942,1.9874010748217301,0.012598925178269882,"GT source-group affine fits evaluated at x=y=0; may extrapolate, not physical layer count"
confirmation,dual_g4_s9131011_b0,12,/srv/slam-research/grf/map-denoise/runs/multiscan-pilot-v1/spatial-v11-seed-aligned-omrev058/outputs/confirmation_dual_g4_s9131011_b0_i12.npz,True,True,0.08173761020093268,0.22485129359449363,0.3070629692384933,0.984375,1.0,0.08057388308727,1.0,0.22487079471283056,0.08173761020093266,0.21963210942467973,3.991949874969767,0.008050125030233168,0.9979874687424417,,self-report; not geometry-derived layer count or success,0.21968669064699475,0.04800658566646462,0.15911624452597983,0.1739377967726047,3.827361241878688,0.17263875812131202,"GT source-group affine fits evaluated at x=y=0; may extrapolate, not physical layer count"
confirmation,dual_g4_s9131011_b0,36,/srv/slam-research/grf/map-denoise/runs/multiscan-pilot-v1/spatial-v11-seed-aligned-omrev058/outputs/confirmation_dual_g4_s9131011_b0_i36.npz,True,True,0.08201565293925424,0.22490955149175848,0.3070629692384933,0.984375,1.0,0.08084925150140693,1.0,0.2249290476587082,0.08201565293925422,0.21961153248825876,3.9920493142857536,0.007950685714246397,0.9980123285714384,,self-report; not geometry-derived layer count or success,0.21966526875407943,0.04837609103525701,0.1590079627118642,0.1737904486612267,3.827553907388376,0.17244609261162402,"GT source-group affine fits evaluated at x=y=0; may extrapolate, not physical layer count"
confirmation,dual_g4_s9131011_b4,12,/srv/slam-research/grf/map-denoise/runs/multiscan-pilot-v1/spatial-v11-seed-aligned-omrev058/outputs/confirmation_dual_g4_s9131011_b4_i12.npz,True,True,0.15675737788639071,0.6074820765681181,0.49414197233614354,0.9596354166666666,0.9830729166666666,0.1323135974965942,1.0,0.7685143989694566,0.18568418028430175,0.767017227851541,4.085245979734318,0.08524597973431813,1.0213114949335795,,self-report; not geometry-derived layer count or success,0.7682276085501982,0.0209934009781306,0.15500951330687293,0.2146950938785172,3.9952111245793223,0.004788875420677741,"GT source-group affine fits evaluated at x=y=0; may extrapolate, not physical layer count"
confirmation,dual_g4_s9131011_b4,36,/srv/slam-research/grf/map-denoise/runs/multiscan-pilot-v1/spatial-v11-seed-aligned-omrev058/outputs/confirmation_dual_g4_s9131011_b4_i36.npz,True,True,0.15702357920374463,0.6075023848667567,0.49414197233614354,0.9596354166666666,0.9830729166666666,0.13256426255937762,1.0,0.7685304516105352,0.18595038160165567,0.7670397189084901,4.085346396992111,0.08534639699211066,1.0213365992480277,,self-report; not geometry-derived layer count or success,0.7682526806429285,0.020660922962145657,0.15507814764443748,0.21462195262210165,3.995417364279381,0.0045826357206188995,"GT source-group affine fits evaluated at x=y=0; may extrapolate, not physical layer count"
confirmation,dual_g4_s9131021_b0,12,/srv/slam-research/grf/map-denoise/runs/multiscan-pilot-v1/spatial-v11-seed-aligned-omrev058/outputs/confirmation_dual_g4_s9131021_b0_i12.npz,True,True,0.07986558942051229,0.19720298504924424,0.14463334430004052,0.9921875,0.9986979166666666,0.0842516562204585,1.0,0.2856738457440709,0.09028225608717899,0.2834682195381363,4.063641560975969,0.06364156097596929,1.0159103902439923,,self-report; not geometry-derived layer count or success,0.28531181503880315,0.014377563822531783,0.22435732185116808,0.2764051744653313,3.8911729906018437,0.10882700939815626,"GT source-group affine fits evaluated at x=y=0; may extrapolate, not physical layer count"
confirmation,dual_g4_s9131021_b0,36,/srv/slam-research/grf/map-denoise/runs/multiscan-pilot-v1/spatial-v11-seed-aligned-omrev058/outputs/confirmation_dual_g4_s9131021_b0_i36.npz,True,True,0.0796050012069926,0.1974006763915999,0.1443743482351231,0.9921875,0.9986979166666666,0.08404330754730749,1.0,0.2865517348832163,0.09002166787365928,0.2840565142559744,4.064209184227732,0.0642091842277317,1.016052296056933,,self-report; not geometry-derived layer count or success,0.28592642339953217,0.018920284525676484,0.21118158443282117,0.26667062812887743,3.915657999093224,0.0843420009067759,"GT source-group affine fits evaluated at x=y=0; may extrapolate, not physical layer count"
confirmation,dual_g4_s9131021_b4,12,/srv/slam-research/grf/map-denoise/runs/multiscan-pilot-v1/spatial-v11-seed-aligned-omrev058/outputs/confirmation_dual_g4_s9131021_b4_i12.npz,True,True,0.13201198618771398,0.48684189865644667,0.14492566295585127,0.9752604166666666,0.9856770833333334,0.13344676563720767,1.0,0.7509586301036338,0.18288157337069502,0.7487401488125988,4.077698989281309,0.07769898928130914,1.0194247473203273,,self-report; not geometry-derived layer count or success,0.7506536097040747,0.021401457085184962,0.17549835293486352,0.262674898727147,3.9866330358005144,0.013366964199485576,"GT source-group affine fits evaluated at x=y=0; may extrapolate, not physical layer count"
confirmation,dual_g4_s9131021_b4,36,/srv/slam-research/grf/map-denoise/runs/multiscan-pilot-v1/spatial-v11-seed-aligned-omrev058/outputs/confirmation_dual_g4_s9131021_b4_i36.npz,True,True,0.13179728866598678,0.4869444228760512,0.14511938587084522,0.9752604166666666,0.9856770833333334,0.13344666961188345,1.0,0.7513260339622405,0.18266687584896782,0.7489385456009126,4.078303916149367,0.07830391614936705,1.0195759790373418,,self-report; not geometry-derived layer count or success,0.750866220629389,0.026281705179983777,0.1601563305957289,0.25437878918606777,4.012634365646212,0.012634365646212231,"GT source-group affine fits evaluated at x=y=0; may extrapolate, not physical layer count"
confirmation,dual_g4_s9131033_b0,12,/srv/slam-research/grf/map-denoise/runs/multiscan-pilot-v1/spatial-v11-seed-aligned-omrev058/outputs/confirmation_dual_g4_s9131033_b0_i12.npz,True,True,0.07626843437566298,0.21014546285151908,0.10165394493691776,0.9856770833333334,0.9973958333333334,0.08200548035918843,1.0,0.32614118110736856,0.09173106541334268,0.3259866534137999,4.000878057323334,0.0008780573233337918,1.0002195143308334,,self-report; not geometry-derived layer count or success,0.3261175068637511,0.003929596808917697,0.17473126306393846,0.17788874551207978,3.9348993803666024,0.06510061963339764,"GT source-group affine fits evaluated at x=y=0; may extrapolate, not physical layer count"
confirmation,dual_g4_s9131033_b0,36,/srv/slam-research/grf/map-denoise/runs/multiscan-pilot-v1/spatial-v11-seed-aligned-omrev058/outputs/confirmation_dual_g4_s9131033_b0_i36.npz,True,True,0.07766566176773877,0.21074884056753343,0.11425097557597344,0.9856770833333334,0.9973958333333334,0.08346413967326877,1.0,0.32784477649687677,0.09321986657758763,0.3275055660032886,3.999259976401186,0.000740023598813977,0.9998149941002965,,self-report; not geometry-derived layer count or success,0.3276356372951515,0.011708400850971756,0.1530276019516141,0.1874138671830665,3.9838978143226216,0.016102185677378422,"GT source-group affine fits evaluated at x=y=0; may extrapolate, not physical layer count"
confirmation,dual_g4_s9131033_b4,12,/srv/slam-research/grf/map-denoise/runs/multiscan-pilot-v1/spatial-v11-seed-aligned-omrev058/outputs/confirmation_dual_g4_s9131033_b4_i12.npz,True,True,0.1262854571066541,0.6206112470297654,0.10177752126023089,0.9791666666666666,0.9895833333333334,0.10845416224519355,1.0,0.870083965578192,0.17214851911367046,0.8692038804515108,3.975280720266492,0.02471927973350807,0.993820180066623,,self-report; not geometry-derived layer count or success,0.8700833034208374,0.001073435864670352,0.15753091816407072,0.23899941364966582,3.842915826570641,0.1570841734293591,"GT source-group affine fits evaluated at x=y=0; may extrapolate, not physical layer count"
confirmation,dual_g4_s9131033_b4,36,/srv/slam-research/grf/map-denoise/runs/multiscan-pilot-v1/spatial-v11-seed-aligned-omrev058/outputs/confirmation_dual_g4_s9131033_b4_i36.npz,True,True,0.12773302011358836,0.6208186064415135,0.11542898336760939,0.9791666666666666,0.9895833333333334,0.10987313365418135,1.0,0.870743202666538,0.1736910603963923,0.869804390350451,3.973526676638893,0.02647332336110697,0.9933816691597233,,self-report; not geometry-derived layer count or success,0.870694963026712,0.009165497798389181,0.11929640411009163,0.21823249556406601,3.8935367508171717,0.10646324918282835,"GT source-group affine fits evaluated at x=y=0; may extrapolate, not physical layer count"
confirmation,dual_g8_s9131011_b0,12,/srv/slam-research/grf/map-denoise/runs/multiscan-pilot-v1/spatial-v11-seed-aligned-omrev058/outputs/confirmation_dual_g8_s9131011_b0_i12.npz,True,True,0.9846612819826266,1.1738292796072758,2.000795795047045,0.53515625,0.9596354166666666,0.9713562229520813,1.0,1.1738552901108996,0.9846612819826266,1.1513286930541051,7.53360385950817,0.4663961404918302,0.9417004824385212,,self-report; not geometry-derived layer count or success,1.172867631918356,0.048143121207210364,2.1323744104861917,4.387545189016038,4.202496980058167,3.797503019941833,"GT source-group affine fits evaluated at x=y=0; may extrapolate, not physical layer count"
confirmation,dual_g8_s9131011_b0,36,/srv/slam-research/grf/map-denoise/runs/multiscan-pilot-v1/spatial-v11-seed-aligned-omrev058/outputs/confirmation_dual_g8_s9131011_b0_i36.npz,True,True,0.9827559105678869,1.1717069057805682,1.9991211363258474,0.5377604166666666,0.9609375,0.9693925421213084,1.0,1.17173298967,0.9827559105678869,1.1493397237584746,7.535182143480762,0.4648178565192378,0.9418977679350953,,self-report; not geometry-derived layer count or success,1.1707710109938976,0.0474704002229174,2.129053556704785,4.395788065243259,4.201633434580677,3.7983665654193226,"GT source-group affine fits evaluated at x=y=0; may extrapolate, not physical layer count"
confirmation,dual_g8_s9131011_b4,12,/srv/slam-research/grf/map-denoise/runs/multiscan-pilot-v1/spatial-v11-seed-aligned-omrev058/outputs/confirmation_dual_g8_s9131011_b4_i12.npz,True,True,1.0000504705923234,1.194484593083826,2.0543587154131355,0.5208333333333334,0.9557291666666666,0.9916724090081885,1.0,1.348399321163785,1.0417171372589902,1.3226865660172473,7.484715249239874,0.5152847507601264,0.9355894061549842,,self-report; not geometry-derived layer count or success,1.3457736393427489,0.08410731814253207,2.196784230878578,4.362455158196976,4.118014696962879,3.881985303037121,"GT source-group affine fits evaluated at x=y=0; may extrapolate, not physical layer count"
confirmation,dual_g8_s9131011_b4,36,/srv/slam-research/grf/map-denoise/runs/multiscan-pilot-v1/spatial-v11-seed-aligned-omrev058/outputs/confirmation_dual_g8_s9131011_b4_i36.npz,True,True,0.9996427977833955,1.1945774272896867,2.0579533690299896,0.5260416666666666,0.953125,0.9912277489499427,1.0,1.348481548838025,1.0413094644500622,1.3236930340844173,7.492018071893585,0.5079819281064148,0.9365022589866981,,self-report; not geometry-derived layer count or success,1.3461249984797503,0.07968673681668631,2.20398922925385,4.369079522430299,4.117506306591686,3.882493693408314,"GT source-group affine fits evaluated at x=y=0; may extrapolate, not physical layer count"
confirmation,dual_g8_s9131021_b0,12,/srv/slam-research/grf/map-denoise/runs/multiscan-pilot-v1/spatial-v11-seed-aligned-omrev058/outputs/confirmation_dual_g8_s9131021_b0_i12.npz,True,True,0.9612843086546862,1.183958033665408,2.2312787131839573,0.5572916666666666,0.9231770833333334,0.9451572853950087,1.0,1.183980655095716,0.9612843086546862,1.1472604847915764,7.390918938910834,0.6090810610891664,0.9238648673638542,,self-report; not geometry-derived layer count or success,1.1839780736584824,0.0024723949583588273,2.013111991008157,4.6021101080754185,4.062928407422232,3.9370715925777677,"GT source-group affine fits evaluated at x=y=0; may extrapolate, not physical layer count"
confirmation,dual_g8_s9131021_b0,36,/srv/slam-research/grf/map-denoise/runs/multiscan-pilot-v1/spatial-v11-seed-aligned-omrev058/outputs/confirmation_dual_g8_s9131021_b0_i36.npz,True,True,0.9704580307494451,1.1951596679681395,2.240185595441148,0.55078125,0.9270833333333334,0.949690679095653,1.0,1.1952074193388207,0.970465626742433,1.157120506320282,7.3771994346352034,0.6228005653647966,0.9221499293294004,,self-report; not geometry-derived layer count or success,1.1951662129207712,0.009924652900003933,2.031258772549228,4.555504544483845,4.063881755852599,3.9361182441474014,"GT source-group affine fits evaluated at x=y=0; may extrapolate, not physical layer count"
confirmation,dual_g8_s9131021_b4,12,/srv/slam-research/grf/map-denoise/runs/multiscan-pilot-v1/spatial-v11-seed-aligned-omrev058/outputs/confirmation_dual_g8_s9131021_b4_i12.npz,True,True,0.9782186422763651,1.2124455783477204,2.263809774411569,0.5533854166666666,0.9205729166666666,0.954764955874075,1.0,1.215224493304377,0.9789986325078979,1.1830152815748238,7.424462018383145,0.5755379816168551,0.9280577522978931,,self-report; not geometry-derived layer count or success,1.215077200945936,0.01891995952081098,1.9919374719292435,4.601587149098746,4.111849424636949,3.888150575363051,"GT source-group affine fits evaluated at x=y=0; may extrapolate, not physical layer count"
confirmation,dual_g8_s9131021_b4,36,/srv/slam-research/grf/map-denoise/runs/multiscan-pilot-v1/spatial-v11-seed-aligned-omrev058/outputs/confirmation_dual_g8_s9131021_b4_i36.npz,True,True,0.98740487639339,1.223372960132661,2.281366472742763,0.546875,0.9244791666666666,0.95927238743845,1.0,1.226168095388113,0.9881974627723601,1.1928166743363469,7.410847226193743,0.5891527738062567,0.9263559032742179,,self-report; not geometry-derived layer count or success,1.2261138915039895,0.011529232786943703,2.0003604496412057,4.555047124125135,4.112835749675698,3.887164250324302,"GT source-group affine fits evaluated at x=y=0; may extrapolate, not physical layer count"
confirmation,dual_g8_s9131033_b0,12,/srv/slam-research/grf/map-denoise/runs/multiscan-pilot-v1/spatial-v11-seed-aligned-omrev058/outputs/confirmation_dual_g8_s9131033_b0_i12.npz,True,True,0.9707387189248466,1.1647457063348687,2.0914617113660796,0.52734375,0.9388020833333334,0.9587590315567968,1.0,1.1647582838485646,0.9707387189248466,1.144489395085793,7.547189913680759,0.452810086319241,0.9433987392100949,,self-report; not geometry-derived layer count or success,1.1646398118189696,0.01661230026602184,2.056264517404972,4.493361993500894,4.22172916121737,3.77827083878263,"GT source-group affine fits evaluated at x=y=0; may extrapolate, not physical layer count"
confirmation,dual_g8_s9131033_b0,36,/srv/slam-research/grf/map-denoise/runs/multiscan-pilot-v1/spatial-v11-seed-aligned-omrev058/outputs/confirmation_dual_g8_s9131033_b0_i36.npz,True,True,0.9692665192849117,1.162528865485804,2.0790752493451663,0.53125,0.9427083333333334,0.9571304810464656,1.0,1.1625414962596998,0.9692665192849117,1.1420406939685597,7.545323300677355,0.4546766993226452,0.9431654125846693,,self-report; not geometry-derived layer count or success,1.1623988548939934,0.018210784356380728,2.064744469519361,4.505974794968539,4.21261587103278,3.7873841289672203,"GT source-group affine fits evaluated at x=y=0; may extrapolate, not physical layer count"
confirmation,dual_g8_s9131033_b4,12,/srv/slam-research/grf/map-denoise/runs/multiscan-pilot-v1/spatial-v11-seed-aligned-omrev058/outputs/confirmation_dual_g8_s9131033_b4_i12.npz,True,True,1.0017449091618025,1.2498012863614505,2.1315394856783585,0.5182291666666666,0.9309895833333334,0.9772872830025405,1.0,1.3254520891889032,1.0252611304758483,1.3048905314449792,7.513952818763956,0.48604718123604407,0.9392441023454945,,self-report; not geometry-derived layer count or success,1.3253632489756708,0.015345976667568213,2.1607536017407676,4.6370148393373745,4.06482701090921,3.9351729890907903,"GT source-group affine fits evaluated at x=y=0; may extrapolate, not physical layer count"
confirmation,dual_g8_s9131033_b4,36,/srv/slam-research/grf/map-denoise/runs/multiscan-pilot-v1/spatial-v11-seed-aligned-omrev058/outputs/confirmation_dual_g8_s9131033_b4_i36.npz,True,True,1.000269824410703,1.247736312288889,2.129740367364895,0.5234375,0.9348958333333334,0.975640433626004,1.0,1.3235048841068184,1.023786045724749,1.302750204016566,7.512252232671484,0.487747767328516,0.9390315290839355,,self-report; not geometry-derived layer count or success,1.3233976710141417,0.01684584841877246,2.170236183230734,4.6495688169603495,4.055720281195232,3.9442797188047676,"GT source-group affine fits evaluated at x=y=0; may extrapolate, not physical layer count"
confirmation,ghost_s9131011_b0,12,/srv/slam-research/grf/map-denoise/runs/multiscan-pilot-v1/spatial-v11-seed-aligned-omrev058/outputs/confirmation_ghost_s9131011_b0_i12.npz,True,True,0.08940344429738796,0.10645908241672089,0.19854404909820725,1.0,1.0,0.08995031283073995,1.0,0.1067087956422997,0.08940335306783959,0.0996990371836246,,,,,self-report; not geometry-derived layer count or success,0.09996577117221095,0.037331108493791614,0.17099102049383974,0.17099102049383974,,,
confirmation,ghost_s9131011_b0,36,/srv/slam-research/grf/map-denoise/runs/multiscan-pilot-v1/spatial-v11-seed-aligned-omrev058/outputs/confirmation_ghost_s9131011_b0_i36.npz,True,True,0.08940344429738796,0.10645908241672089,0.19854404909820725,1.0,1.0,0.08995031283073995,1.0,0.1067087956422997,0.08940335306783959,0.0996990371836246,,,,,self-report; not geometry-derived layer count or success,0.09996577117221095,0.037331108493791614,0.17099102049383974,0.17099102049383974,,,
confirmation,ghost_s9131011_b4,12,/srv/slam-research/grf/map-denoise/runs/multiscan-pilot-v1/spatial-v11-seed-aligned-omrev058/outputs/confirmation_ghost_s9131011_b4_i12.npz,True,True,0.08939698627358067,0.10645301176478633,0.1985395812347402,1.0,1.0,0.09617264821663689,1.0,0.11072130727019275,0.08939668553134843,0.09969224879065063,,,,,self-report; not geometry-derived layer count or success,0.1042381706585703,0.037331108493791294,0.17098931611128573,0.1709893161112857,,,
confirmation,ghost_s9131011_b4,36,/srv/slam-research/grf/map-denoise/runs/multiscan-pilot-v1/spatial-v11-seed-aligned-omrev058/outputs/confirmation_ghost_s9131011_b4_i36.npz,True,True,0.08939698627358067,0.10645301176478633,0.1985395812347402,1.0,1.0,0.09617264821663689,1.0,0.11072130727019275,0.08939668553134843,0.09969224879065063,,,,,self-report; not geometry-derived layer count or success,0.1042381706585703,0.037331108493791294,0.17098931611128573,0.1709893161112857,,,
confirmation,ghost_s9131021_b0,12,/srv/slam-research/grf/map-denoise/runs/multiscan-pilot-v1/spatial-v11-seed-aligned-omrev058/outputs/confirmation_ghost_s9131021_b0_i12.npz,True,True,0.03810536499215403,0.04509449796661747,0.08096008044384675,1.0,1.0,0.03856945547233139,1.0,0.04531042174804438,0.03810536499215403,0.04455396868976289,,,,,self-report; not geometry-derived layer count or success,0.044772499350971655,0.006961150828196105,0.09822002370197568,0.09822002370197568,,,
confirmation,ghost_s9131021_b0,36,/srv/slam-research/grf/map-denoise/runs/multiscan-pilot-v1/spatial-v11-seed-aligned-omrev058/outputs/confirmation_ghost_s9131021_b0_i36.npz,True,True,0.03810536499215403,0.04509449796661747,0.08096008044384675,1.0,1.0,0.03856945547233139,1.0,0.04531042174804438,0.03810536499215403,0.04455396868976289,,,,,self-report; not geometry-derived layer count or success,0.044772499350971655,0.006961150828196105,0.09822002370197568,0.09822002370197568,,,
confirmation,ghost_s9131021_b4,12,/srv/slam-research/grf/map-denoise/runs/multiscan-pilot-v1/spatial-v11-seed-aligned-omrev058/outputs/confirmation_ghost_s9131021_b4_i12.npz,True,True,0.03823388728096449,0.04524909460370271,0.08125500402742244,1.0,1.0,0.043562460981778885,1.0,0.04862311244907417,0.03823388728096449,0.044710434370535256,,,,,self-report; not geometry-derived layer count or success,0.04812223439723486,0.006961150828196219,0.09855543378963671,0.09855543378963671,,,
confirmation,ghost_s9131021_b4,36,/srv/slam-research/grf/map-denoise/runs/multiscan-pilot-v1/spatial-v11-seed-aligned-omrev058/outputs/confirmation_ghost_s9131021_b4_i36.npz,True,True,0.03823388728096449,0.04524909460370271,0.08125500402742244,1.0,1.0,0.043562460981778885,1.0,0.04862311244907417,0.03823388728096449,0.044710434370535256,,,,,self-report; not geometry-derived layer count or success,0.04812223439723486,0.006961150828196219,0.09855543378963671,0.09855543378963671,,,
confirmation,ghost_s9131033_b0,12,/srv/slam-research/grf/map-denoise/runs/multiscan-pilot-v1/spatial-v11-seed-aligned-omrev058/outputs/confirmation_ghost_s9131033_b0_i12.npz,True,True,0.03639143353946072,0.042301793827943475,0.07292862131780546,1.0,1.0,0.036687235044686836,1.0,0.04244326186863247,0.03639143353946072,0.042021078682318774,,,,,self-report; not geometry-derived layer count or success,0.04216348859633295,0.004865255125500773,0.09169596251712407,0.09169596251712407,,,
confirmation,ghost_s9131033_b0,36,/srv/slam-research/grf/map-denoise/runs/multiscan-pilot-v1/spatial-v11-seed-aligned-omrev058/outputs/confirmation_ghost_s9131033_b0_i36.npz,True,True,0.03639143353946072,0.042301793827943475,0.07292862131780546,1.0,1.0,0.036687235044686836,1.0,0.04244326186863247,0.03639143353946072,0.042021078682318774,,,,,self-report; not geometry-derived layer count or success,0.04216348859633295,0.004865255125500773,0.09169596251712407,0.09169596251712407,,,
confirmation,ghost_s9131033_b4,12,/srv/slam-research/grf/map-denoise/runs/multiscan-pilot-v1/spatial-v11-seed-aligned-omrev058/outputs/confirmation_ghost_s9131033_b4_i12.npz,True,True,0.036390276965366126,0.04230024157344269,0.0729204319119268,1.0,1.0,0.03961766013288295,1.0,0.044547293928146825,0.036390276965366126,0.042019516057843875,,,,,self-report; not geometry-derived layer count or success,0.04428081626262659,0.004865255125500674,0.09169291220701144,0.09169291220701145,,,
confirmation,ghost_s9131033_b4,36,/srv/slam-research/grf/map-denoise/runs/multiscan-pilot-v1/spatial-v11-seed-aligned-omrev058/outputs/confirmation_ghost_s9131033_b4_i36.npz,True,True,0.036390276965366126,0.04230024157344269,0.0729204319119268,1.0,1.0,0.03961766013288295,1.0,0.044547293928146825,0.036390276965366126,0.042019516057843875,,,,,self-report; not geometry-derived layer count or success,0.04428081626262659,0.004865255125500674,0.09169291220701144,0.09169291220701145,,,
